AttackerArmies,DefenderArmies,Captured,AttackerLosses,DefenderLosses
2,1,0,1,0
2,1,0,1,0
2,1,1,0,1
2,1,0,1,0
2,1,0,1,0
2,1,0,1,0
2,1,0,1,0
2,1,1,0,1
2,1,0,1,0
2,1,0,1,0
2,1,0,1,0
2,1,0,1,0
2,1,1,0,1
2,1,1,0,1
2,1,0,1,0
2,1,1,0,1
2,1,1,0,1
2,1,1,0,1
2,1,0,1,0
2,1,0,1,0
2,1,0,1,0
2,1,1,0,1
2,1,0,1,0
2,1,1,0,1
2,1,0,1,0
2,1,0,1,0
2,1,1,0,1
2,1,1,0,1
2,1,0,1,0
2,1,0,1,0
2,1,0,1,0
2,1,1,0,1
2,1,0,1,0
2,1,0,1,0
2,1,1,0,1
2,1,0,1,0
2,1,0,1,0
2,1,0,1,0
2,1,1,0,1
2,1,0,1,0
2,1,1,0,1
2,1,1,0,1
2,1,1,0,1
2,1,0,1,0
2,1,0,1,0
2,1,0,1,0
2,1,0,1,0
2,1,0,1,0
2,1,1,0,1
2,1,1,0,1
2,1,0,1,0
2,1,0,1,0
2,1,0,1,0
2,1,0,1,0
2,1,0,1,0
2,1,0,1,0
2,1,1,0,1
2,1,1,0,1
2,1,0,1,0
2,1,0,1,0
2,1,0,1,0
2,1,0,1,0
2,1,0,1,0
2,1,1,0,1
2,1,1,0,1
2,1,1,0,1
2,1,0,1,0
2,1,0,1,0
2,1,0,1,0
2,1,0,1,0
2,1,0,1,0
2,1,1,0,1
2,1,0,1,0
2,1,0,1,0
2,1,1,0,1
2,1,1,0,1
2,1,0,1,0
2,1,0,1,0
2,1,1,0,1
2,1,0,1,0
2,1,0,1,0
2,1,1,0,1
2,1,1,0,1
2,1,1,0,1
2,1,0,1,0
2,1,0,1,0
2,1,1,0,1
2,1,1,0,1
2,1,1,0,1
2,1,1,0,1
2,1,1,0,1
2,1,0,1,0
2,1,1,0,1
2,1,0,1,0
2,1,0,1,0
2,1,1,0,1
2,1,0,1,0
2,1,0,1,0
2,1,1,0,1
2,1,1,0,1
2,2,0,1,0
2,2,0,1,0
2,2,0,1,0
2,2,0,1,0
2,2,0,1,1
2,2,0,1,0
2,2,0,1,0
2,2,0,1,0
2,2,0,1,0
2,2,1,0,2
2,2,0,1,0
2,2,1,0,2
2,2,0,1,0
2,2,0,1,0
2,2,0,1,0
2,2,0,1,0
2,2,0,1,0
2,2,0,1,0
2,2,0,1,0
2,2,0,1,0
2,2,0,1,0
2,2,0,1,0
2,2,0,1,0
2,2,0,1,0
2,2,0,1,0
2,2,0,1,0
2,2,0,1,0
2,2,0,1,0
2,2,0,1,0
2,2,0,1,0
2,2,0,1,0
2,2,0,1,1
2,2,1,0,2
2,2,0,1,1
2,2,0,1,0
2,2,0,1,0
2,2,0,1,0
2,2,0,1,0
2,2,0,1,0
2,2,0,1,0
2,2,0,1,1
2,2,0,1,0
2,2,0,1,0
2,2,0,1,1
2,2,0,1,0
2,2,0,1,0
2,2,0,1,1
2,2,1,0,2
2,2,0,1,0
2,2,0,1,0
2,2,1,0,2
2,2,0,1,0
2,2,0,1,0
2,2,1,0,2
2,2,1,0,2
2,2,0,1,0
2,2,0,1,0
2,2,0,1,0
2,2,0,1,0
2,2,0,1,0
2,2,0,1,1
2,2,0,1,1
2,2,0,1,1
2,2,0,1,0
2,2,0,1,1
2,2,0,1,0
2,2,1,0,2
2,2,0,1,0
2,2,0,1,1
2,2,0,1,0
2,2,0,1,0
2,2,0,1,0
2,2,0,1,1
2,2,1,0,2
2,2,0,1,0
2,2,0,1,0
2,2,0,1,0
2,2,1,0,2
2,2,0,1,0
2,2,0,1,1
2,2,0,1,0
2,2,1,0,2
2,2,0,1,1
2,2,0,1,0
2,2,0,1,0
2,2,0,1,0
2,2,0,1,0
2,2,0,1,0
2,2,0,1,0
2,2,0,1,0
2,2,0,1,1
2,2,0,1,0
2,2,0,1,0
2,2,1,0,2
2,2,0,1,0
2,2,0,1,0
2,2,0,1,0
2,2,0,1,0
2,2,0,1,0
2,2,0,1,0
2,3,0,1,1
2,3,0,1,0
2,3,0,1,0
2,3,0,1,0
2,3,0,1,0
2,3,0,1,0
2,3,0,1,0
2,3,0,1,0
2,3,0,1,1
2,3,0,1,0
2,3,0,1,0
2,3,0,1,0
2,3,0,1,1
2,3,0,1,0
2,3,0,1,0
2,3,0,1,0
2,3,0,1,0
2,3,0,1,0
2,3,0,1,0
2,3,0,1,1
2,3,0,1,1
2,3,0,1,0
2,3,0,1,0
2,3,0,1,0
2,3,0,1,0
2,3,1,0,3
2,3,0,1,1
2,3,0,1,0
2,3,0,1,0
2,3,0,1,0
2,3,0,1,2
2,3,0,1,1
2,3,0,1,0
2,3,0,1,0
2,3,0,1,0
2,3,0,1,1
2,3,0,1,0
2,3,0,1,0
2,3,0,1,0
2,3,0,1,0
2,3,0,1,0
2,3,0,1,0
2,3,0,1,0
2,3,0,1,0
2,3,0,1,0
2,3,0,1,1
2,3,0,1,0
2,3,0,1,0
2,3,0,1,0
2,3,0,1,0
2,3,0,1,0
2,3,0,1,0
2,3,0,1,2
2,3,0,1,0
2,3,0,1,0
2,3,0,1,0
2,3,0,1,2
2,3,0,1,2
2,3,0,1,0
2,3,0,1,0
2,3,0,1,2
2,3,0,1,0
2,3,0,1,0
2,3,1,0,3
2,3,0,1,0
2,3,0,1,0
2,3,0,1,0
2,3,0,1,1
2,3,0,1,0
2,3,0,1,0
2,3,0,1,0
2,3,0,1,1
2,3,0,1,0
2,3,0,1,0
2,3,0,1,1
2,3,0,1,0
2,3,0,1,0
2,3,0,1,1
2,3,0,1,2
2,3,0,1,1
2,3,0,1,0
2,3,0,1,1
2,3,0,1,0
2,3,0,1,1
2,3,0,1,0
2,3,0,1,0
2,3,0,1,0
2,3,0,1,1
2,3,0,1,0
2,3,0,1,1
2,3,0,1,0
2,3,0,1,0
2,3,0,1,1
2,3,0,1,0
2,3,0,1,1
2,3,0,1,0
2,3,0,1,0
2,3,0,1,0
2,3,0,1,0
2,3,0,1,0
2,4,0,1,0
2,4,0,1,0
2,4,0,1,0
2,4,0,1,0
2,4,0,1,0
2,4,0,1,1
2,4,0,1,0
2,4,0,1,0
2,4,0,1,2
2,4,0,1,0
2,4,0,1,0
2,4,0,1,0
2,4,0,1,0
2,4,0,1,0
2,4,0,1,0
2,4,0,1,0
2,4,0,1,0
2,4,0,1,0
2,4,0,1,0
2,4,0,1,1
2,4,0,1,0
2,4,0,1,0
2,4,0,1,1
2,4,0,1,0
2,4,0,1,0
2,4,0,1,0
2,4,0,1,0
2,4,0,1,0
2,4,0,1,1
2,4,0,1,0
2,4,0,1,0
2,4,0,1,0
2,4,0,1,0
2,4,0,1,2
2,4,0,1,1
2,4,0,1,0
2,4,0,1,0
2,4,0,1,0
2,4,0,1,3
2,4,0,1,0
2,4,0,1,0
2,4,0,1,0
2,4,0,1,0
2,4,0,1,0
2,4,0,1,0
2,4,0,1,0
2,4,0,1,1
2,4,0,1,0
2,4,0,1,0
2,4,0,1,0
2,4,0,1,1
2,4,0,1,1
2,4,0,1,0
2,4,0,1,0
2,4,0,1,0
2,4,0,1,0
2,4,0,1,0
2,4,0,1,1
2,4,0,1,0
2,4,0,1,0
2,4,0,1,0
2,4,0,1,0
2,4,0,1,0
2,4,0,1,0
2,4,0,1,0
2,4,0,1,0
2,4,0,1,0
2,4,0,1,0
2,4,0,1,0
2,4,0,1,0
2,4,0,1,0
2,4,0,1,0
2,4,0,1,1
2,4,0,1,1
2,4,0,1,0
2,4,0,1,0
2,4,0,1,0
2,4,0,1,0
2,4,0,1,0
2,4,0,1,0
2,4,0,1,0
2,4,0,1,0
2,4,0,1,0
2,4,0,1,0
2,4,0,1,2
2,4,0,1,0
2,4,0,1,0
2,4,0,1,1
2,4,0,1,0
2,4,0,1,0
2,4,0,1,0
2,4,0,1,1
2,4,0,1,0
2,4,0,1,0
2,4,0,1,0
2,4,0,1,0
2,4,0,1,0
2,4,0,1,1
2,4,0,1,1
2,4,0,1,0
2,5,0,1,1
2,5,0,1,0
2,5,0,1,0
2,5,0,1,0
2,5,0,1,0
2,5,0,1,0
2,5,0,1,0
2,5,0,1,0
2,5,0,1,0
2,5,0,1,0
2,5,0,1,0
2,5,0,1,0
2,5,0,1,0
2,5,0,1,1
2,5,0,1,0
2,5,0,1,0
2,5,0,1,1
2,5,0,1,0
2,5,0,1,0
2,5,0,1,0
2,5,0,1,0
2,5,0,1,1
2,5,0,1,0
2,5,0,1,0
2,5,0,1,0
2,5,0,1,1
2,5,0,1,0
2,5,0,1,0
2,5,0,1,0
2,5,0,1,0
2,5,0,1,0
2,5,0,1,0
2,5,0,1,0
2,5,0,1,0
2,5,0,1,0
2,5,0,1,0
2,5,0,1,1
2,5,0,1,0
2,5,0,1,0
2,5,0,1,0
2,5,0,1,1
2,5,0,1,0
2,5,0,1,0
2,5,0,1,0
2,5,0,1,0
2,5,0,1,0
2,5,0,1,0
2,5,0,1,0
2,5,0,1,2
2,5,0,1,0
2,5,0,1,2
2,5,0,1,0
2,5,0,1,0
2,5,0,1,0
2,5,0,1,1
2,5,0,1,0
2,5,0,1,0
2,5,0,1,0
2,5,0,1,0
2,5,0,1,1
2,5,0,1,0
2,5,0,1,1
2,5,0,1,1
2,5,0,1,0
2,5,0,1,0
2,5,0,1,1
2,5,0,1,0
2,5,0,1,0
2,5,0,1,0
2,5,0,1,0
2,5,0,1,0
2,5,0,1,0
2,5,0,1,0
2,5,0,1,0
2,5,0,1,0
2,5,0,1,0
2,5,0,1,0
2,5,0,1,0
2,5,0,1,0
2,5,0,1,0
2,5,0,1,0
2,5,0,1,0
2,5,0,1,1
2,5,0,1,0
2,5,0,1,1
2,5,0,1,0
2,5,0,1,1
2,5,0,1,0
2,5,0,1,0
2,5,0,1,0
2,5,0,1,0
2,5,0,1,0
2,5,0,1,1
2,5,0,1,0
2,5,0,1,0
2,5,0,1,0
2,5,0,1,2
2,5,0,1,0
2,5,0,1,0
2,5,0,1,0
2,6,0,1,0
2,6,0,1,0
2,6,0,1,0
2,6,0,1,0
2,6,0,1,0
2,6,0,1,0
2,6,0,1,1
2,6,0,1,0
2,6,0,1,0
2,6,0,1,1
2,6,0,1,0
2,6,0,1,0
2,6,0,1,0
2,6,0,1,0
2,6,0,1,0
2,6,0,1,0
2,6,0,1,0
2,6,0,1,0
2,6,0,1,1
2,6,0,1,2
2,6,0,1,0
2,6,0,1,1
2,6,0,1,0
2,6,0,1,0
2,6,0,1,1
2,6,0,1,1
2,6,0,1,0
2,6,0,1,0
2,6,0,1,0
2,6,0,1,1
2,6,0,1,0
2,6,0,1,1
2,6,0,1,2
2,6,0,1,0
2,6,0,1,0
2,6,0,1,0
2,6,0,1,0
2,6,0,1,0
2,6,0,1,0
2,6,0,1,0
2,6,0,1,0
2,6,0,1,0
2,6,0,1,0
2,6,0,1,0
2,6,0,1,1
2,6,0,1,2
2,6,0,1,0
2,6,0,1,0
2,6,0,1,1
2,6,0,1,0
2,6,0,1,0
2,6,0,1,0
2,6,0,1,0
2,6,0,1,0
2,6,0,1,0
2,6,0,1,0
2,6,0,1,0
2,6,0,1,0
2,6,0,1,0
2,6,0,1,0
2,6,0,1,0
2,6,0,1,0
2,6,0,1,0
2,6,0,1,0
2,6,0,1,0
2,6,0,1,2
2,6,0,1,0
2,6,0,1,0
2,6,0,1,0
2,6,0,1,0
2,6,0,1,0
2,6,0,1,0
2,6,0,1,1
2,6,0,1,0
2,6,0,1,0
2,6,0,1,0
2,6,0,1,0
2,6,0,1,0
2,6,0,1,1
2,6,0,1,0
2,6,0,1,1
2,6,0,1,2
2,6,0,1,1
2,6,0,1,2
2,6,0,1,0
2,6,0,1,0
2,6,0,1,0
2,6,0,1,0
2,6,0,1,0
2,6,0,1,0
2,6,0,1,0
2,6,0,1,1
2,6,0,1,0
2,6,0,1,0
2,6,0,1,0
2,6,0,1,0
2,6,0,1,1
2,6,0,1,0
2,6,0,1,0
2,6,0,1,1
2,7,0,1,0
2,7,0,1,1
2,7,0,1,0
2,7,0,1,1
2,7,0,1,0
2,7,0,1,0
2,7,0,1,2
2,7,0,1,0
2,7,0,1,1
2,7,0,1,1
2,7,0,1,0
2,7,0,1,0
2,7,0,1,0
2,7,0,1,1
2,7,0,1,0
2,7,0,1,1
2,7,0,1,1
2,7,0,1,0
2,7,0,1,0
2,7,0,1,2
2,7,0,1,0
2,7,0,1,1
2,7,0,1,0
2,7,0,1,0
2,7,0,1,0
2,7,0,1,1
2,7,0,1,0
2,7,0,1,1
2,7,0,1,0
2,7,0,1,0
2,7,0,1,0
2,7,0,1,0
2,7,0,1,0
2,7,0,1,1
2,7,0,1,0
2,7,0,1,0
2,7,0,1,0
2,7,0,1,1
2,7,0,1,0
2,7,0,1,1
2,7,0,1,0
2,7,0,1,0
2,7,0,1,0
2,7,0,1,0
2,7,0,1,1
2,7,0,1,0
2,7,0,1,0
2,7,0,1,0
2,7,0,1,0
2,7,0,1,1
2,7,0,1,0
2,7,0,1,0
2,7,0,1,0
2,7,0,1,0
2,7,0,1,0
2,7,0,1,0
2,7,0,1,0
2,7,0,1,0
2,7,0,1,1
2,7,0,1,0
2,7,0,1,0
2,7,0,1,0
2,7,0,1,0
2,7,0,1,0
2,7,0,1,0
2,7,0,1,0
2,7,0,1,0
2,7,0,1,1
2,7,0,1,0
2,7,0,1,1
2,7,0,1,0
2,7,0,1,0
2,7,0,1,0
2,7,0,1,0
2,7,0,1,0
2,7,0,1,0
2,7,0,1,0
2,7,0,1,0
2,7,0,1,0
2,7,0,1,0
2,7,0,1,0
2,7,0,1,0
2,7,0,1,0
2,7,0,1,0
2,7,0,1,0
2,7,0,1,0
2,7,0,1,0
2,7,0,1,0
2,7,0,1,2
2,7,0,1,1
2,7,0,1,0
2,7,0,1,0
2,7,0,1,1
2,7,0,1,0
2,7,0,1,1
2,7,0,1,0
2,7,0,1,0
2,7,0,1,0
2,7,0,1,5
2,7,0,1,1
2,8,0,1,0
2,8,0,1,0
2,8,0,1,0
2,8,0,1,0
2,8,0,1,0
2,8,0,1,0
2,8,0,1,0
2,8,0,1,1
2,8,0,1,0
2,8,0,1,0
2,8,0,1,0
2,8,0,1,0
2,8,0,1,1
2,8,0,1,0
2,8,0,1,0
2,8,0,1,1
2,8,0,1,0
2,8,0,1,0
2,8,0,1,0
2,8,0,1,1
2,8,0,1,0
2,8,0,1,0
2,8,0,1,0
2,8,0,1,1
2,8,0,1,0
2,8,0,1,0
2,8,0,1,0
2,8,0,1,0
2,8,0,1,0
2,8,0,1,2
2,8,0,1,2
2,8,0,1,2
2,8,0,1,0
2,8,0,1,0
2,8,0,1,0
2,8,0,1,0
2,8,0,1,0
2,8,0,1,1
2,8,0,1,0
2,8,0,1,0
2,8,0,1,0
2,8,0,1,0
2,8,0,1,0
2,8,0,1,2
2,8,0,1,0
2,8,0,1,0
2,8,0,1,1
2,8,0,1,0
2,8,0,1,0
2,8,0,1,0
2,8,0,1,0
2,8,0,1,0
2,8,0,1,0
2,8,0,1,0
2,8,0,1,0
2,8,0,1,0
2,8,0,1,0
2,8,0,1,0
2,8,0,1,0
2,8,0,1,0
2,8,0,1,0
2,8,0,1,0
2,8,0,1,0
2,8,0,1,1
2,8,0,1,0
2,8,0,1,0
2,8,0,1,0
2,8,0,1,0
2,8,0,1,0
2,8,0,1,0
2,8,0,1,0
2,8,0,1,1
2,8,0,1,0
2,8,0,1,0
2,8,0,1,0
2,8,0,1,0
2,8,0,1,0
2,8,0,1,0
2,8,0,1,0
2,8,0,1,0
2,8,0,1,0
2,8,0,1,0
2,8,0,1,0
2,8,0,1,2
2,8,0,1,0
2,8,0,1,1
2,8,0,1,2
2,8,0,1,1
2,8,0,1,1
2,8,0,1,0
2,8,0,1,1
2,8,0,1,0
2,8,0,1,0
2,8,0,1,0
2,8,0,1,0
2,8,0,1,0
2,8,0,1,0
2,8,0,1,0
2,8,0,1,0
2,8,0,1,0
2,9,0,1,2
2,9,0,1,0
2,9,0,1,0
2,9,0,1,1
2,9,0,1,0
2,9,0,1,0
2,9,0,1,0
2,9,0,1,0
2,9,0,1,0
2,9,0,1,0
2,9,0,1,0
2,9,0,1,0
2,9,0,1,1
2,9,0,1,1
2,9,0,1,0
2,9,0,1,0
2,9,0,1,0
2,9,0,1,0
2,9,0,1,1
2,9,0,1,0
2,9,0,1,1
2,9,0,1,1
2,9,0,1,0
2,9,0,1,0
2,9,0,1,1
2,9,0,1,1
2,9,0,1,0
2,9,0,1,2
2,9,0,1,0
2,9,0,1,0
2,9,0,1,0
2,9,0,1,0
2,9,0,1,0
2,9,0,1,1
2,9,0,1,0
2,9,0,1,0
2,9,0,1,0
2,9,0,1,0
2,9,0,1,1
2,9,0,1,1
2,9,0,1,0
2,9,0,1,0
2,9,0,1,0
2,9,0,1,0
2,9,0,1,1
2,9,0,1,0
2,9,0,1,0
2,9,0,1,0
2,9,0,1,0
2,9,0,1,0
2,9,0,1,1
2,9,0,1,0
2,9,0,1,1
2,9,0,1,0
2,9,0,1,0
2,9,0,1,1
2,9,0,1,1
2,9,0,1,0
2,9,0,1,2
2,9,0,1,0
2,9,0,1,2
2,9,0,1,0
2,9,0,1,0
2,9,0,1,0
2,9,0,1,0
2,9,0,1,1
2,9,0,1,0
2,9,0,1,0
2,9,0,1,3
2,9,0,1,1
2,9,0,1,3
2,9,0,1,0
2,9,0,1,0
2,9,0,1,0
2,9,0,1,0
2,9,0,1,0
2,9,0,1,0
2,9,0,1,0
2,9,0,1,2
2,9,0,1,0
2,9,0,1,1
2,9,0,1,1
2,9,0,1,0
2,9,0,1,1
2,9,0,1,2
2,9,0,1,0
2,9,0,1,0
2,9,0,1,0
2,9,0,1,0
2,9,0,1,0
2,9,0,1,0
2,9,0,1,0
2,9,0,1,3
2,9,0,1,0
2,9,0,1,1
2,9,0,1,0
2,9,0,1,1
2,9,0,1,1
2,9,0,1,0
2,9,0,1,1
2,10,0,1,0
2,10,0,1,0
2,10,0,1,0
2,10,0,1,0
2,10,0,1,0
2,10,0,1,0
2,10,0,1,0
2,10,0,1,0
2,10,0,1,0
2,10,0,1,0
2,10,0,1,0
2,10,0,1,0
2,10,0,1,0
2,10,0,1,0
2,10,0,1,0
2,10,0,1,1
2,10,0,1,0
2,10,0,1,1
2,10,0,1,1
2,10,0,1,0
2,10,0,1,0
2,10,0,1,0
2,10,0,1,0
2,10,0,1,1
2,10,0,1,0
2,10,0,1,0
2,10,0,1,1
2,10,0,1,0
2,10,0,1,0
2,10,0,1,0
2,10,0,1,0
2,10,0,1,0
2,10,0,1,0
2,10,0,1,1
2,10,0,1,0
2,10,0,1,1
2,10,0,1,0
2,10,0,1,0
2,10,0,1,0
2,10,0,1,0
2,10,0,1,0
2,10,0,1,0
2,10,0,1,0
2,10,0,1,2
2,10,0,1,0
2,10,0,1,0
2,10,0,1,0
2,10,0,1,0
2,10,0,1,0
2,10,0,1,0
2,10,0,1,0
2,10,0,1,0
2,10,0,1,0
2,10,0,1,0
2,10,0,1,0
2,10,0,1,0
2,10,0,1,1
2,10,0,1,0
2,10,0,1,0
2,10,0,1,1
2,10,0,1,0
2,10,0,1,0
2,10,0,1,0
2,10,0,1,0
2,10,0,1,0
2,10,0,1,0
2,10,0,1,0
2,10,0,1,0
2,10,0,1,0
2,10,0,1,1
2,10,0,1,2
2,10,0,1,1
2,10,0,1,0
2,10,0,1,0
2,10,0,1,0
2,10,0,1,1
2,10,0,1,0
2,10,0,1,0
2,10,0,1,0
2,10,0,1,0
2,10,0,1,2
2,10,0,1,0
2,10,0,1,0
2,10,0,1,1
2,10,0,1,0
2,10,0,1,0
2,10,0,1,0
2,10,0,1,0
2,10,0,1,0
2,10,0,1,0
2,10,0,1,0
2,10,0,1,1
2,10,0,1,0
2,10,0,1,0
2,10,0,1,0
2,10,0,1,0
2,10,0,1,0
2,10,0,1,0
2,10,0,1,0
2,10,0,1,0
2,11,0,1,0
2,11,0,1,0
2,11,0,1,0
2,11,0,1,0
2,11,0,1,0
2,11,0,1,0
2,11,0,1,0
2,11,0,1,0
2,11,0,1,0
2,11,0,1,1
2,11,0,1,0
2,11,0,1,0
2,11,0,1,0
2,11,0,1,0
2,11,0,1,0
2,11,0,1,0
2,11,0,1,2
2,11,0,1,0
2,11,0,1,0
2,11,0,1,3
2,11,0,1,0
2,11,0,1,0
2,11,0,1,0
2,11,0,1,2
2,11,0,1,1
2,11,0,1,0
2,11,0,1,0
2,11,0,1,0
2,11,0,1,0
2,11,0,1,0
2,11,0,1,0
2,11,0,1,0
2,11,0,1,0
2,11,0,1,0
2,11,0,1,0
2,11,0,1,0
2,11,0,1,0
2,11,0,1,0
2,11,0,1,1
2,11,0,1,0
2,11,0,1,1
2,11,0,1,0
2,11,0,1,0
2,11,0,1,0
2,11,0,1,0
2,11,0,1,0
2,11,0,1,0
2,11,0,1,1
2,11,0,1,0
2,11,0,1,2
2,11,0,1,1
2,11,0,1,1
2,11,0,1,0
2,11,0,1,0
2,11,0,1,0
2,11,0,1,1
2,11,0,1,0
2,11,0,1,0
2,11,0,1,0
2,11,0,1,2
2,11,0,1,0
2,11,0,1,0
2,11,0,1,0
2,11,0,1,0
2,11,0,1,1
2,11,0,1,0
2,11,0,1,0
2,11,0,1,0
2,11,0,1,0
2,11,0,1,0
2,11,0,1,0
2,11,0,1,1
2,11,0,1,0
2,11,0,1,0
2,11,0,1,0
2,11,0,1,0
2,11,0,1,0
2,11,0,1,2
2,11,0,1,0
2,11,0,1,0
2,11,0,1,1
2,11,0,1,0
2,11,0,1,0
2,11,0,1,0
2,11,0,1,0
2,11,0,1,0
2,11,0,1,0
2,11,0,1,0
2,11,0,1,1
2,11,0,1,0
2,11,0,1,0
2,11,0,1,3
2,11,0,1,0
2,11,0,1,0
2,11,0,1,1
2,11,0,1,0
2,11,0,1,0
2,11,0,1,0
2,11,0,1,0
2,11,0,1,0
2,12,0,1,0
2,12,0,1,0
2,12,0,1,0
2,12,0,1,0
2,12,0,1,0
2,12,0,1,0
2,12,0,1,0
2,12,0,1,1
2,12,0,1,1
2,12,0,1,0
2,12,0,1,0
2,12,0,1,0
2,12,0,1,0
2,12,0,1,0
2,12,0,1,2
2,12,0,1,0
2,12,0,1,0
2,12,0,1,0
2,12,0,1,0
2,12,0,1,0
2,12,0,1,0
2,12,0,1,0
2,12,0,1,0
2,12,0,1,1
2,12,0,1,0
2,12,0,1,0
2,12,0,1,0
2,12,0,1,0
2,12,0,1,0
2,12,0,1,1
2,12,0,1,0
2,12,0,1,1
2,12,0,1,0
2,12,0,1,0
2,12,0,1,0
2,12,0,1,3
2,12,0,1,0
2,12,0,1,0
2,12,0,1,0
2,12,0,1,0
2,12,0,1,0
2,12,0,1,1
2,12,0,1,0
2,12,0,1,0
2,12,0,1,1
2,12,0,1,0
2,12,0,1,2
2,12,0,1,0
2,12,0,1,1
2,12,0,1,0
2,12,0,1,0
2,12,0,1,1
2,12,0,1,0
2,12,0,1,0
2,12,0,1,0
2,12,0,1,0
2,12,0,1,0
2,12,0,1,3
2,12,0,1,0
2,12,0,1,0
2,12,0,1,0
2,12,0,1,1
2,12,0,1,1
2,12,0,1,0
2,12,0,1,0
2,12,0,1,0
2,12,0,1,0
2,12,0,1,0
2,12,0,1,0
2,12,0,1,0
2,12,0,1,0
2,12,0,1,0
2,12,0,1,0
2,12,0,1,1
2,12,0,1,0
2,12,0,1,0
2,12,0,1,0
2,12,0,1,0
2,12,0,1,0
2,12,0,1,0
2,12,0,1,0
2,12,0,1,1
2,12,0,1,0
2,12,0,1,0
2,12,0,1,0
2,12,0,1,0
2,12,0,1,0
2,12,0,1,0
2,12,0,1,2
2,12,0,1,0
2,12,0,1,0
2,12,0,1,0
2,12,0,1,0
2,12,0,1,2
2,12,0,1,1
2,12,0,1,1
2,12,0,1,0
2,12,0,1,0
2,12,0,1,0
2,12,0,1,0
2,13,0,1,1
2,13,0,1,0
2,13,0,1,0
2,13,0,1,2
2,13,0,1,1
2,13,0,1,0
2,13,0,1,0
2,13,0,1,0
2,13,0,1,0
2,13,0,1,0
2,13,0,1,0
2,13,0,1,0
2,13,0,1,1
2,13,0,1,0
2,13,0,1,2
2,13,0,1,0
2,13,0,1,0
2,13,0,1,0
2,13,0,1,1
2,13,0,1,0
2,13,0,1,0
2,13,0,1,0
2,13,0,1,0
2,13,0,1,1
2,13,0,1,2
2,13,0,1,0
2,13,0,1,0
2,13,0,1,0
2,13,0,1,1
2,13,0,1,2
2,13,0,1,1
2,13,0,1,0
2,13,0,1,0
2,13,0,1,0
2,13,0,1,1
2,13,0,1,0
2,13,0,1,1
2,13,0,1,0
2,13,0,1,0
2,13,0,1,0
2,13,0,1,2
2,13,0,1,0
2,13,0,1,1
2,13,0,1,0
2,13,0,1,0
2,13,0,1,0
2,13,0,1,0
2,13,0,1,1
2,13,0,1,0
2,13,0,1,1
2,13,0,1,0
2,13,0,1,0
2,13,0,1,0
2,13,0,1,0
2,13,0,1,1
2,13,0,1,0
2,13,0,1,0
2,13,0,1,0
2,13,0,1,2
2,13,0,1,1
2,13,0,1,0
2,13,0,1,0
2,13,0,1,0
2,13,0,1,1
2,13,0,1,1
2,13,0,1,0
2,13,0,1,1
2,13,0,1,0
2,13,0,1,0
2,13,0,1,1
2,13,0,1,0
2,13,0,1,0
2,13,0,1,0
2,13,0,1,1
2,13,0,1,0
2,13,0,1,2
2,13,0,1,0
2,13,0,1,0
2,13,0,1,0
2,13,0,1,0
2,13,0,1,0
2,13,0,1,0
2,13,0,1,0
2,13,0,1,0
2,13,0,1,0
2,13,0,1,1
2,13,0,1,0
2,13,0,1,0
2,13,0,1,0
2,13,0,1,0
2,13,0,1,0
2,13,0,1,0
2,13,0,1,0
2,13,0,1,0
2,13,0,1,1
2,13,0,1,0
2,13,0,1,1
2,13,0,1,0
2,13,0,1,0
2,13,0,1,2
2,14,0,1,0
2,14,0,1,1
2,14,0,1,0
2,14,0,1,1
2,14,0,1,0
2,14,0,1,0
2,14,0,1,0
2,14,0,1,0
2,14,0,1,2
2,14,0,1,0
2,14,0,1,1
2,14,0,1,1
2,14,0,1,0
2,14,0,1,1
2,14,0,1,1
2,14,0,1,0
2,14,0,1,1
2,14,0,1,1
2,14,0,1,0
2,14,0,1,0
2,14,0,1,0
2,14,0,1,1
2,14,0,1,1
2,14,0,1,0
2,14,0,1,0
2,14,0,1,0
2,14,0,1,0
2,14,0,1,0
2,14,0,1,1
2,14,0,1,0
2,14,0,1,2
2,14,0,1,1
2,14,0,1,0
2,14,0,1,3
2,14,0,1,0
2,14,0,1,3
2,14,0,1,1
2,14,0,1,0
2,14,0,1,0
2,14,0,1,1
2,14,0,1,0
2,14,0,1,0
2,14,0,1,2
2,14,0,1,0
2,14,0,1,0
2,14,0,1,1
2,14,0,1,1
2,14,0,1,0
2,14,0,1,0
2,14,0,1,1
2,14,0,1,0
2,14,0,1,0
2,14,0,1,1
2,14,0,1,0
2,14,0,1,3
2,14,0,1,0
2,14,0,1,0
2,14,0,1,0
2,14,0,1,0
2,14,0,1,1
2,14,0,1,0
2,14,0,1,0
2,14,0,1,0
2,14,0,1,0
2,14,0,1,0
2,14,0,1,0
2,14,0,1,2
2,14,0,1,0
2,14,0,1,0
2,14,0,1,0
2,14,0,1,0
2,14,0,1,0
2,14,0,1,1
2,14,0,1,0
2,14,0,1,0
2,14,0,1,0
2,14,0,1,0
2,14,0,1,0
2,14,0,1,0
2,14,0,1,0
2,14,0,1,0
2,14,0,1,0
2,14,0,1,1
2,14,0,1,0
2,14,0,1,0
2,14,0,1,0
2,14,0,1,0
2,14,0,1,0
2,14,0,1,0
2,14,0,1,1
2,14,0,1,0
2,14,0,1,0
2,14,0,1,0
2,14,0,1,0
2,14,0,1,1
2,14,0,1,0
2,14,0,1,0
2,14,0,1,0
2,14,0,1,1
2,14,0,1,0
2,15,0,1,0
2,15,0,1,0
2,15,0,1,0
2,15,0,1,0
2,15,0,1,1
2,15,0,1,1
2,15,0,1,0
2,15,0,1,0
2,15,0,1,0
2,15,0,1,0
2,15,0,1,1
2,15,0,1,1
2,15,0,1,0
2,15,0,1,0
2,15,0,1,0
2,15,0,1,0
2,15,0,1,2
2,15,0,1,0
2,15,0,1,0
2,15,0,1,0
2,15,0,1,0
2,15,0,1,0
2,15,0,1,0
2,15,0,1,0
2,15,0,1,0
2,15,0,1,0
2,15,0,1,0
2,15,0,1,0
2,15,0,1,0
2,15,0,1,0
2,15,0,1,0
2,15,0,1,0
2,15,0,1,1
2,15,0,1,1
2,15,0,1,0
2,15,0,1,1
2,15,0,1,0
2,15,0,1,1
2,15,0,1,1
2,15,0,1,0
2,15,0,1,1
2,15,0,1,0
2,15,0,1,0
2,15,0,1,1
2,15,0,1,0
2,15,0,1,0
2,15,0,1,0
2,15,0,1,4
2,15,0,1,2
2,15,0,1,0
2,15,0,1,1
2,15,0,1,0
2,15,0,1,1
2,15,0,1,0
2,15,0,1,0
2,15,0,1,1
2,15,0,1,0
2,15,0,1,0
2,15,0,1,2
2,15,0,1,1
2,15,0,1,0
2,15,0,1,0
2,15,0,1,0
2,15,0,1,0
2,15,0,1,2
2,15,0,1,0
2,15,0,1,0
2,15,0,1,0
2,15,0,1,1
2,15,0,1,2
2,15,0,1,0
2,15,0,1,0
2,15,0,1,3
2,15,0,1,0
2,15,0,1,0
2,15,0,1,3
2,15,0,1,0
2,15,0,1,0
2,15,0,1,1
2,15,0,1,0
2,15,0,1,0
2,15,0,1,1
2,15,0,1,0
2,15,0,1,0
2,15,0,1,0
2,15,0,1,1
2,15,0,1,1
2,15,0,1,0
2,15,0,1,0
2,15,0,1,1
2,15,0,1,0
2,15,0,1,0
2,15,0,1,1
2,15,0,1,1
2,15,0,1,0
2,15,0,1,1
2,15,0,1,0
2,15,0,1,0
2,15,0,1,0
2,15,0,1,1
2,16,0,1,0
2,16,0,1,1
2,16,0,1,0
2,16,0,1,0
2,16,0,1,0
2,16,0,1,1
2,16,0,1,1
2,16,0,1,0
2,16,0,1,0
2,16,0,1,0
2,16,0,1,1
2,16,0,1,0
2,16,0,1,0
2,16,0,1,1
2,16,0,1,0
2,16,0,1,1
2,16,0,1,0
2,16,0,1,0
2,16,0,1,0
2,16,0,1,0
2,16,0,1,0
2,16,0,1,1
2,16,0,1,1
2,16,0,1,0
2,16,0,1,0
2,16,0,1,0
2,16,0,1,0
2,16,0,1,0
2,16,0,1,0
2,16,0,1,2
2,16,0,1,1
2,16,0,1,0
2,16,0,1,0
2,16,0,1,0
2,16,0,1,0
2,16,0,1,0
2,16,0,1,2
2,16,0,1,0
2,16,0,1,0
2,16,0,1,0
2,16,0,1,0
2,16,0,1,0
2,16,0,1,0
2,16,0,1,0
2,16,0,1,2
2,16,0,1,0
2,16,0,1,0
2,16,0,1,0
2,16,0,1,0
2,16,0,1,0
2,16,0,1,0
2,16,0,1,0
2,16,0,1,0
2,16,0,1,0
2,16,0,1,1
2,16,0,1,0
2,16,0,1,1
2,16,0,1,0
2,16,0,1,2
2,16,0,1,0
2,16,0,1,0
2,16,0,1,0
2,16,0,1,0
2,16,0,1,0
2,16,0,1,0
2,16,0,1,0
2,16,0,1,0
2,16,0,1,0
2,16,0,1,0
2,16,0,1,0
2,16,0,1,0
2,16,0,1,0
2,16,0,1,0
2,16,0,1,1
2,16,0,1,0
2,16,0,1,1
2,16,0,1,0
2,16,0,1,0
2,16,0,1,0
2,16,0,1,1
2,16,0,1,1
2,16,0,1,0
2,16,0,1,0
2,16,0,1,1
2,16,0,1,1
2,16,0,1,0
2,16,0,1,0
2,16,0,1,0
2,16,0,1,2
2,16,0,1,1
2,16,0,1,0
2,16,0,1,0
2,16,0,1,0
2,16,0,1,0
2,16,0,1,0
2,16,0,1,0
2,16,0,1,0
2,16,0,1,0
2,16,0,1,0
2,16,0,1,0
2,17,0,1,0
2,17,0,1,0
2,17,0,1,0
2,17,0,1,0
2,17,0,1,0
2,17,0,1,0
2,17,0,1,1
2,17,0,1,0
2,17,0,1,0
2,17,0,1,0
2,17,0,1,0
2,17,0,1,0
2,17,0,1,0
2,17,0,1,0
2,17,0,1,0
2,17,0,1,0
2,17,0,1,1
2,17,0,1,0
2,17,0,1,0
2,17,0,1,0
2,17,0,1,0
2,17,0,1,2
2,17,0,1,1
2,17,0,1,0
2,17,0,1,0
2,17,0,1,0
2,17,0,1,0
2,17,0,1,0
2,17,0,1,0
2,17,0,1,0
2,17,0,1,0
2,17,0,1,0
2,17,0,1,0
2,17,0,1,1
2,17,0,1,0
2,17,0,1,0
2,17,0,1,0
2,17,0,1,0
2,17,0,1,0
2,17,0,1,0
2,17,0,1,0
2,17,0,1,2
2,17,0,1,1
2,17,0,1,0
2,17,0,1,1
2,17,0,1,0
2,17,0,1,0
2,17,0,1,0
2,17,0,1,0
2,17,0,1,0
2,17,0,1,1
2,17,0,1,1
2,17,0,1,0
2,17,0,1,0
2,17,0,1,2
2,17,0,1,0
2,17,0,1,0
2,17,0,1,0
2,17,0,1,0
2,17,0,1,0
2,17,0,1,0
2,17,0,1,0
2,17,0,1,0
2,17,0,1,0
2,17,0,1,0
2,17,0,1,1
2,17,0,1,0
2,17,0,1,1
2,17,0,1,0
2,17,0,1,1
2,17,0,1,0
2,17,0,1,0
2,17,0,1,0
2,17,0,1,0
2,17,0,1,0
2,17,0,1,0
2,17,0,1,0
2,17,0,1,0
2,17,0,1,0
2,17,0,1,0
2,17,0,1,0
2,17,0,1,0
2,17,0,1,0
2,17,0,1,0
2,17,0,1,1
2,17,0,1,0
2,17,0,1,0
2,17,0,1,1
2,17,0,1,1
2,17,0,1,0
2,17,0,1,0
2,17,0,1,1
2,17,0,1,0
2,17,0,1,0
2,17,0,1,0
2,17,0,1,0
2,17,0,1,0
2,17,0,1,0
2,17,0,1,0
2,17,0,1,0
2,18,0,1,1
2,18,0,1,0
2,18,0,1,0
2,18,0,1,0
2,18,0,1,0
2,18,0,1,1
2,18,0,1,0
2,18,0,1,0
2,18,0,1,1
2,18,0,1,0
2,18,0,1,0
2,18,0,1,0
2,18,0,1,1
2,18,0,1,0
2,18,0,1,0
2,18,0,1,0
2,18,0,1,2
2,18,0,1,1
2,18,0,1,0
2,18,0,1,1
2,18,0,1,1
2,18,0,1,0
2,18,0,1,0
2,18,0,1,0
2,18,0,1,0
2,18,0,1,0
2,18,0,1,0
2,18,0,1,0
2,18,0,1,2
2,18,0,1,1
2,18,0,1,1
2,18,0,1,0
2,18,0,1,0
2,18,0,1,0
2,18,0,1,1
2,18,0,1,0
2,18,0,1,0
2,18,0,1,0
2,18,0,1,0
2,18,0,1,0
2,18,0,1,0
2,18,0,1,0
2,18,0,1,0
2,18,0,1,0
2,18,0,1,1
2,18,0,1,0
2,18,0,1,0
2,18,0,1,0
2,18,0,1,0
2,18,0,1,0
2,18,0,1,1
2,18,0,1,0
2,18,0,1,0
2,18,0,1,0
2,18,0,1,0
2,18,0,1,1
2,18,0,1,0
2,18,0,1,1
2,18,0,1,0
2,18,0,1,0
2,18,0,1,3
2,18,0,1,0
2,18,0,1,2
2,18,0,1,1
2,18,0,1,0
2,18,0,1,0
2,18,0,1,0
2,18,0,1,0
2,18,0,1,1
2,18,0,1,0
2,18,0,1,1
2,18,0,1,0
2,18,0,1,1
2,18,0,1,1
2,18,0,1,0
2,18,0,1,0
2,18,0,1,2
2,18,0,1,0
2,18,0,1,1
2,18,0,1,0
2,18,0,1,0
2,18,0,1,1
2,18,0,1,0
2,18,0,1,0
2,18,0,1,0
2,18,0,1,0
2,18,0,1,0
2,18,0,1,0
2,18,0,1,0
2,18,0,1,0
2,18,0,1,0
2,18,0,1,0
2,18,0,1,0
2,18,0,1,0
2,18,0,1,0
2,18,0,1,0
2,18,0,1,0
2,18,0,1,0
2,18,0,1,0
2,18,0,1,0
2,19,0,1,0
2,19,0,1,2
2,19,0,1,0
2,19,0,1,0
2,19,0,1,1
2,19,0,1,0
2,19,0,1,0
2,19,0,1,0
2,19,0,1,0
2,19,0,1,0
2,19,0,1,1
2,19,0,1,1
2,19,0,1,0
2,19,0,1,0
2,19,0,1,1
2,19,0,1,2
2,19,0,1,0
2,19,0,1,3
2,19,0,1,0
2,19,0,1,0
2,19,0,1,0
2,19,0,1,0
2,19,0,1,1
2,19,0,1,0
2,19,0,1,1
2,19,0,1,0
2,19,0,1,0
2,19,0,1,2
2,19,0,1,0
2,19,0,1,1
2,19,0,1,0
2,19,0,1,0
2,19,0,1,0
2,19,0,1,0
2,19,0,1,0
2,19,0,1,0
2,19,0,1,0
2,19,0,1,0
2,19,0,1,0
2,19,0,1,0
2,19,0,1,0
2,19,0,1,0
2,19,0,1,0
2,19,0,1,0
2,19,0,1,0
2,19,0,1,0
2,19,0,1,0
2,19,0,1,1
2,19,0,1,0
2,19,0,1,0
2,19,0,1,0
2,19,0,1,0
2,19,0,1,0
2,19,0,1,2
2,19,0,1,0
2,19,0,1,1
2,19,0,1,0
2,19,0,1,0
2,19,0,1,0
2,19,0,1,0
2,19,0,1,0
2,19,0,1,1
2,19,0,1,1
2,19,0,1,0
2,19,0,1,1
2,19,0,1,0
2,19,0,1,0
2,19,0,1,0
2,19,0,1,0
2,19,0,1,0
2,19,0,1,0
2,19,0,1,0
2,19,0,1,0
2,19,0,1,1
2,19,0,1,0
2,19,0,1,1
2,19,0,1,0
2,19,0,1,0
2,19,0,1,0
2,19,0,1,0
2,19,0,1,0
2,19,0,1,0
2,19,0,1,1
2,19,0,1,0
2,19,0,1,0
2,19,0,1,0
2,19,0,1,0
2,19,0,1,0
2,19,0,1,0
2,19,0,1,0
2,19,0,1,0
2,19,0,1,0
2,19,0,1,0
2,19,0,1,0
2,19,0,1,2
2,19,0,1,2
2,19,0,1,0
2,19,0,1,0
2,19,0,1,0
2,19,0,1,1
2,20,0,1,1
2,20,0,1,1
2,20,0,1,0
2,20,0,1,0
2,20,0,1,0
2,20,0,1,0
2,20,0,1,0
2,20,0,1,0
2,20,0,1,0
2,20,0,1,0
2,20,0,1,0
2,20,0,1,1
2,20,0,1,0
2,20,0,1,0
2,20,0,1,0
2,20,0,1,0
2,20,0,1,0
2,20,0,1,2
2,20,0,1,1
2,20,0,1,0
2,20,0,1,1
2,20,0,1,0
2,20,0,1,1
2,20,0,1,0
2,20,0,1,0
2,20,0,1,1
2,20,0,1,1
2,20,0,1,0
2,20,0,1,0
2,20,0,1,1
2,20,0,1,1
2,20,0,1,0
2,20,0,1,0
2,20,0,1,0
2,20,0,1,0
2,20,0,1,0
2,20,0,1,0
2,20,0,1,0
2,20,0,1,1
2,20,0,1,0
2,20,0,1,0
2,20,0,1,1
2,20,0,1,0
2,20,0,1,0
2,20,0,1,0
2,20,0,1,0
2,20,0,1,0
2,20,0,1,0
2,20,0,1,1
2,20,0,1,0
2,20,0,1,0
2,20,0,1,0
2,20,0,1,1
2,20,0,1,0
2,20,0,1,0
2,20,0,1,0
2,20,0,1,0
2,20,0,1,0
2,20,0,1,0
2,20,0,1,1
2,20,0,1,0
2,20,0,1,0
2,20,0,1,0
2,20,0,1,0
2,20,0,1,0
2,20,0,1,0
2,20,0,1,0
2,20,0,1,0
2,20,0,1,0
2,20,0,1,0
2,20,0,1,0
2,20,0,1,2
2,20,0,1,0
2,20,0,1,0
2,20,0,1,0
2,20,0,1,0
2,20,0,1,0
2,20,0,1,0
2,20,0,1,0
2,20,0,1,0
2,20,0,1,1
2,20,0,1,0
2,20,0,1,0
2,20,0,1,0
2,20,0,1,0
2,20,0,1,0
2,20,0,1,0
2,20,0,1,0
2,20,0,1,0
2,20,0,1,0
2,20,0,1,0
2,20,0,1,0
2,20,0,1,0
2,20,0,1,0
2,20,0,1,0
2,20,0,1,2
2,20,0,1,0
2,20,0,1,1
2,20,0,1,1
2,20,0,1,0
3,1,0,2,0
3,1,1,0,1
3,1,1,0,1
3,1,0,2,0
3,1,0,2,0
3,1,0,2,0
3,1,0,2,0
3,1,1,0,1
3,1,1,0,1
3,1,1,0,1
3,1,0,2,0
3,1,1,1,1
3,1,1,0,1
3,1,0,2,0
3,1,1,0,1
3,1,1,0,1
3,1,1,0,1
3,1,0,2,0
3,1,0,2,0
3,1,1,1,1
3,1,0,2,0
3,1,1,0,1
3,1,0,2,0
3,1,1,0,1
3,1,0,2,0
3,1,1,0,1
3,1,0,2,0
3,1,1,0,1
3,1,0,2,0
3,1,1,0,1
3,1,1,1,1
3,1,1,0,1
3,1,1,1,1
3,1,1,0,1
3,1,0,2,0
3,1,1,0,1
3,1,1,0,1
3,1,1,0,1
3,1,1,0,1
3,1,1,0,1
3,1,1,0,1
3,1,1,0,1
3,1,1,0,1
3,1,0,2,0
3,1,1,0,1
3,1,1,0,1
3,1,1,0,1
3,1,1,1,1
3,1,1,0,1
3,1,1,0,1
3,1,1,1,1
3,1,1,0,1
3,1,1,1,1
3,1,1,0,1
3,1,0,2,0
3,1,1,0,1
3,1,0,2,0
3,1,1,0,1
3,1,1,0,1
3,1,1,0,1
3,1,1,0,1
3,1,1,0,1
3,1,1,0,1
3,1,1,1,1
3,1,0,2,0
3,1,0,2,0
3,1,1,1,1
3,1,1,1,1
3,1,0,2,0
3,1,1,0,1
3,1,1,0,1
3,1,0,2,0
3,1,1,0,1
3,1,0,2,0
3,1,1,1,1
3,1,1,1,1
3,1,1,0,1
3,1,1,0,1
3,1,1,1,1
3,1,1,0,1
3,1,1,0,1
3,1,0,2,0
3,1,1,0,1
3,1,0,2,0
3,1,1,0,1
3,1,1,0,1
3,1,1,0,1
3,1,1,1,1
3,1,1,1,1
3,1,1,0,1
3,1,0,2,0
3,1,0,2,0
3,1,1,0,1
3,1,1,0,1
3,1,1,0,1
3,1,1,0,1
3,1,0,2,0
3,1,0,2,0
3,1,1,0,1
3,1,0,2,0
3,2,0,2,0
3,2,1,0,2
3,2,0,2,0
3,2,0,2,0
3,2,0,2,0
3,2,1,0,2
3,2,0,2,0
3,2,0,2,1
3,2,0,2,1
3,2,1,0,2
3,2,0,2,0
3,2,1,0,2
3,2,0,2,0
3,2,0,2,0
3,2,0,2,0
3,2,0,2,0
3,2,1,0,2
3,2,0,2,0
3,2,1,0,2
3,2,0,2,0
3,2,1,1,2
3,2,0,2,1
3,2,0,2,0
3,2,1,0,2
3,2,0,2,1
3,2,0,2,0
3,2,1,1,2
3,2,0,2,0
3,2,1,0,2
3,2,0,2,0
3,2,0,2,0
3,2,0,2,0
3,2,0,2,0
3,2,0,2,0
3,2,0,2,0
3,2,0,2,1
3,2,0,2,0
3,2,0,2,1
3,2,1,0,2
3,2,1,0,2
3,2,1,0,2
3,2,0,2,0
3,2,0,2,0
3,2,1,0,2
3,2,0,2,1
3,2,1,0,2
3,2,1,0,2
3,2,0,2,1
3,2,0,2,1
3,2,0,2,0
3,2,0,2,0
3,2,0,2,0
3,2,0,2,0
3,2,1,1,2
3,2,1,0,2
3,2,0,2,0
3,2,0,2,1
3,2,0,2,0
3,2,0,2,0
3,2,0,2,0
3,2,0,2,0
3,2,0,2,0
3,2,0,2,0
3,2,0,2,0
3,2,0,2,0
3,2,1,0,2
3,2,0,2,0
3,2,0,2,0
3,2,0,2,0
3,2,0,2,1
3,2,0,2,1
3,2,0,2,0
3,2,0,2,0
3,2,0,2,1
3,2,0,2,1
3,2,1,1,2
3,2,0,2,1
3,2,0,2,0
3,2,0,2,1
3,2,0,2,0
3,2,0,2,0
3,2,1,0,2
3,2,0,2,0
3,2,1,0,2
3,2,1,1,2
3,2,0,2,0
3,2,0,2,1
3,2,0,2,0
3,2,0,2,0
3,2,0,2,1
3,2,0,2,0
3,2,1,0,2
3,2,1,0,2
3,2,1,0,2
3,2,1,0,2
3,2,0,2,0
3,2,1,0,2
3,2,0,2,0
3,2,0,2,1
3,2,0,2,0
3,3,1,0,3
3,3,0,2,1
3,3,0,2,2
3,3,0,2,2
3,3,0,2,0
3,3,1,1,3
3,3,0,2,1
3,3,0,2,0
3,3,0,2,2
3,3,0,2,0
3,3,1,0,3
3,3,1,1,3
3,3,0,2,2
3,3,0,2,1
3,3,0,2,1
3,3,0,2,0
3,3,0,2,0
3,3,0,2,0
3,3,0,2,0
3,3,0,2,2
3,3,0,2,0
3,3,0,2,1
3,3,0,2,0
3,3,0,2,0
3,3,1,0,3
3,3,0,2,2
3,3,0,2,0
3,3,1,0,3
3,3,0,2,1
3,3,0,2,0
3,3,0,2,1
3,3,0,2,0
3,3,0,2,0
3,3,0,2,0
3,3,0,2,0
3,3,0,2,0
3,3,0,2,0
3,3,1,0,3
3,3,0,2,1
3,3,0,2,1
3,3,0,2,0
3,3,0,2,2
3,3,0,2,0
3,3,0,2,0
3,3,0,2,0
3,3,0,2,0
3,3,1,1,3
3,3,0,2,0
3,3,0,2,2
3,3,0,2,0
3,3,0,2,2
3,3,1,0,3
3,3,0,2,0
3,3,0,2,0
3,3,0,2,2
3,3,0,2,0
3,3,0,2,0
3,3,0,2,0
3,3,1,1,3
3,3,1,0,3
3,3,1,0,3
3,3,0,2,0
3,3,1,0,3
3,3,0,2,1
3,3,0,2,2
3,3,0,2,0
3,3,0,2,2
3,3,0,2,0
3,3,0,2,0
3,3,0,2,1
3,3,0,2,2
3,3,0,2,0
3,3,0,2,0
3,3,1,1,3
3,3,0,2,1
3,3,0,2,0
3,3,0,2,1
3,3,0,2,1
3,3,0,2,1
3,3,0,2,0
3,3,0,2,0
3,3,0,2,0
3,3,0,2,0
3,3,1,1,3
3,3,0,2,2
3,3,0,2,0
3,3,1,0,3
3,3,0,2,2
3,3,1,0,3
3,3,1,0,3
3,3,0,2,2
3,3,1,0,3
3,3,1,1,3
3,3,0,2,1
3,3,1,0,3
3,3,1,1,3
3,3,0,2,2
3,3,1,0,3
3,3,0,2,0
3,3,0,2,0
3,4,0,2,2
3,4,0,2,0
3,4,0,2,0
3,4,1,0,4
3,4,0,2,1
3,4,0,2,2
3,4,0,2,2
3,4,1,0,4
3,4,0,2,2
3,4,0,2,1
3,4,0,2,1
3,4,0,2,0
3,4,0,2,0
3,4,0,2,0
3,4,0,2,1
3,4,0,2,1
3,4,0,2,1
3,4,0,2,1
3,4,0,2,0
3,4,0,2,0
3,4,0,2,0
3,4,0,2,3
3,4,0,2,0
3,4,0,2,2
3,4,0,2,0
3,4,1,1,4
3,4,0,2,1
3,4,0,2,0
3,4,0,2,0
3,4,0,2,1
3,4,0,2,1
3,4,0,2,1
3,4,0,2,0
3,4,0,2,0
3,4,0,2,2
3,4,0,2,0
3,4,0,2,0
3,4,0,2,1
3,4,0,2,3
3,4,0,2,0
3,4,0,2,2
3,4,0,2,1
3,4,0,2,1
3,4,0,2,0
3,4,0,2,1
3,4,0,2,0
3,4,0,2,2
3,4,1,0,4
3,4,0,2,0
3,4,0,2,2
3,4,0,2,0
3,4,0,2,0
3,4,0,2,2
3,4,0,2,0
3,4,0,2,0
3,4,0,2,2
3,4,0,2,1
3,4,1,1,4
3,4,0,2,1
3,4,0,2,3
3,4,0,2,1
3,4,0,2,0
3,4,0,2,0
3,4,0,2,0
3,4,0,2,3
3,4,0,2,3
3,4,0,2,0
3,4,0,2,0
3,4,0,2,1
3,4,0,2,2
3,4,0,2,2
3,4,0,2,2
3,4,0,2,1
3,4,0,2,0
3,4,0,2,1
3,4,0,2,2
3,4,0,2,1
3,4,0,2,0
3,4,0,2,1
3,4,0,2,2
3,4,0,2,0
3,4,0,2,1
3,4,0,2,0
3,4,0,2,0
3,4,0,2,0
3,4,0,2,0
3,4,0,2,2
3,4,0,2,0
3,4,0,2,0
3,4,0,2,3
3,4,0,2,0
3,4,0,2,0
3,4,0,2,0
3,4,1,0,4
3,4,0,2,3
3,4,0,2,3
3,4,0,2,1
3,4,0,2,1
3,4,1,0,4
3,4,0,2,0
3,5,0,2,1
3,5,0,2,0
3,5,0,2,0
3,5,0,2,0
3,5,0,2,0
3,5,0,2,2
3,5,0,2,0
3,5,0,2,0
3,5,0,2,2
3,5,0,2,0
3,5,0,2,1
3,5,0,2,0
3,5,0,2,1
3,5,0,2,0
3,5,0,2,2
3,5,0,2,0
3,5,0,2,2
3,5,0,2,2
3,5,0,2,2
3,5,0,2,1
3,5,0,2,0
3,5,0,2,0
3,5,0,2,0
3,5,0,2,2
3,5,0,2,3
3,5,0,2,1
3,5,0,2,1
3,5,0,2,0
3,5,0,2,0
3,5,0,2,0
3,5,0,2,3
3,5,0,2,0
3,5,1,0,5
3,5,0,2,0
3,5,0,2,0
3,5,0,2,2
3,5,0,2,2
3,5,0,2,1
3,5,0,2,0
3,5,0,2,2
3,5,0,2,1
3,5,0,2,0
3,5,0,2,0
3,5,0,2,0
3,5,0,2,1
3,5,0,2,0
3,5,0,2,2
3,5,0,2,2
3,5,0,2,0
3,5,0,2,0
3,5,1,0,5
3,5,0,2,0
3,5,0,2,0
3,5,0,2,0
3,5,0,2,0
3,5,0,2,2
3,5,0,2,0
3,5,0,2,4
3,5,0,2,2
3,5,0,2,2
3,5,0,2,2
3,5,0,2,1
3,5,0,2,0
3,5,0,2,1
3,5,0,2,0
3,5,0,2,1
3,5,0,2,0
3,5,0,2,3
3,5,0,2,2
3,5,0,2,1
3,5,0,2,3
3,5,0,2,2
3,5,0,2,2
3,5,0,2,0
3,5,0,2,0
3,5,0,2,2
3,5,0,2,2
3,5,1,1,5
3,5,0,2,0
3,5,0,2,1
3,5,0,2,0
3,5,0,2,2
3,5,0,2,0
3,5,0,2,1
3,5,0,2,0
3,5,1,0,5
3,5,0,2,1
3,5,0,2,0
3,5,0,2,0
3,5,0,2,0
3,5,0,2,3
3,5,0,2,0
3,5,0,2,0
3,5,0,2,2
3,5,0,2,2
3,5,0,2,2
3,5,0,2,1
3,5,0,2,1
3,5,0,2,1
3,5,1,1,5
3,6,0,2,2
3,6,0,2,1
3,6,0,2,1
3,6,0,2,2
3,6,0,2,0
3,6,0,2,2
3,6,0,2,4
3,6,0,2,0
3,6,0,2,0
3,6,0,2,0
3,6,0,2,0
3,6,0,2,0
3,6,0,2,1
3,6,0,2,3
3,6,0,2,2
3,6,0,2,3
3,6,0,2,0
3,6,0,2,0
3,6,0,2,0
3,6,0,2,0
3,6,0,2,0
3,6,0,2,1
3,6,0,2,4
3,6,1,0,6
3,6,0,2,0
3,6,0,2,0
3,6,0,2,0
3,6,0,2,1
3,6,0,2,0
3,6,1,0,6
3,6,0,2,0
3,6,0,2,1
3,6,0,2,0
3,6,0,2,0
3,6,0,2,2
3,6,0,2,3
3,6,0,2,1
3,6,0,2,2
3,6,0,2,0
3,6,0,2,0
3,6,0,2,1
3,6,0,2,3
3,6,0,2,2
3,6,0,2,2
3,6,0,2,3
3,6,0,2,4
3,6,0,2,2
3,6,0,2,0
3,6,0,2,3
3,6,0,2,0
3,6,0,2,1
3,6,0,2,0
3,6,0,2,0
3,6,0,2,1
3,6,0,2,0
3,6,0,2,0
3,6,0,2,0
3,6,0,2,2
3,6,0,2,0
3,6,0,2,0
3,6,0,2,1
3,6,0,2,4
3,6,0,2,0
3,6,0,2,0
3,6,0,2,0
3,6,0,2,1
3,6,0,2,2
3,6,0,2,0
3,6,0,2,1
3,6,0,2,1
3,6,0,2,0
3,6,0,2,0
3,6,0,2,0
3,6,0,2,2
3,6,0,2,1
3,6,0,2,2
3,6,0,2,2
3,6,0,2,0
3,6,0,2,1
3,6,0,2,4
3,6,0,2,1
3,6,0,2,4
3,6,0,2,3
3,6,0,2,3
3,6,0,2,0
3,6,0,2,4
3,6,0,2,0
3,6,0,2,0
3,6,0,2,1
3,6,0,2,1
3,6,0,2,2
3,6,0,2,5
3,6,0,2,0
3,6,0,2,1
3,6,0,2,0
3,6,1,0,6
3,6,0,2,2
3,6,0,2,1
3,6,0,2,2
3,6,0,2,0
3,7,0,2,0
3,7,0,2,1
3,7,0,2,0
3,7,0,2,1
3,7,0,2,2
3,7,0,2,0
3,7,0,2,0
3,7,0,2,2
3,7,0,2,1
3,7,0,2,2
3,7,0,2,0
3,7,0,2,3
3,7,0,2,0
3,7,0,2,1
3,7,0,2,0
3,7,0,2,1
3,7,0,2,0
3,7,0,2,0
3,7,0,2,0
3,7,0,2,1
3,7,0,2,0
3,7,0,2,1
3,7,0,2,0
3,7,0,2,3
3,7,0,2,1
3,7,0,2,0
3,7,0,2,6
3,7,0,2,2
3,7,0,2,2
3,7,0,2,2
3,7,0,2,2
3,7,0,2,0
3,7,0,2,2
3,7,0,2,3
3,7,0,2,0
3,7,0,2,0
3,7,0,2,2
3,7,0,2,0
3,7,0,2,0
3,7,0,2,2
3,7,0,2,1
3,7,0,2,1
3,7,0,2,2
3,7,0,2,3
3,7,0,2,1
3,7,0,2,0
3,7,0,2,0
3,7,0,2,0
3,7,0,2,2
3,7,0,2,2
3,7,0,2,1
3,7,0,2,0
3,7,0,2,2
3,7,0,2,0
3,7,0,2,0
3,7,0,2,1
3,7,0,2,2
3,7,0,2,0
3,7,0,2,0
3,7,0,2,0
3,7,0,2,0
3,7,0,2,3
3,7,0,2,0
3,7,0,2,1
3,7,0,2,2
3,7,0,2,1
3,7,0,2,1
3,7,0,2,0
3,7,0,2,0
3,7,0,2,2
3,7,0,2,2
3,7,0,2,1
3,7,0,2,1
3,7,0,2,2
3,7,0,2,2
3,7,0,2,0
3,7,0,2,2
3,7,0,2,0
3,7,0,2,2
3,7,0,2,3
3,7,0,2,0
3,7,0,2,1
3,7,0,2,3
3,7,0,2,0
3,7,0,2,3
3,7,0,2,1
3,7,0,2,2
3,7,0,2,1
3,7,0,2,2
3,7,0,2,1
3,7,0,2,0
3,7,0,2,0
3,7,0,2,1
3,7,0,2,1
3,7,0,2,0
3,7,0,2,0
3,7,0,2,2
3,7,0,2,0
3,7,0,2,0
3,7,0,2,1
3,8,0,2,0
3,8,0,2,2
3,8,0,2,0
3,8,0,2,3
3,8,0,2,0
3,8,0,2,1
3,8,0,2,0
3,8,0,2,2
3,8,0,2,4
3,8,0,2,2
3,8,0,2,1
3,8,0,2,1
3,8,0,2,5
3,8,0,2,0
3,8,0,2,1
3,8,0,2,0
3,8,0,2,1
3,8,0,2,0
3,8,0,2,2
3,8,0,2,1
3,8,0,2,0
3,8,0,2,1
3,8,0,2,5
3,8,0,2,3
3,8,0,2,3
3,8,0,2,0
3,8,0,2,0
3,8,0,2,0
3,8,0,2,0
3,8,0,2,0
3,8,0,2,1
3,8,0,2,0
3,8,0,2,0
3,8,0,2,2
3,8,0,2,0
3,8,0,2,1
3,8,0,2,4
3,8,0,2,0
3,8,0,2,0
3,8,0,2,0
3,8,0,2,0
3,8,0,2,0
3,8,0,2,1
3,8,0,2,1
3,8,0,2,0
3,8,0,2,0
3,8,0,2,2
3,8,0,2,0
3,8,0,2,0
3,8,0,2,0
3,8,0,2,0
3,8,0,2,0
3,8,0,2,2
3,8,0,2,0
3,8,0,2,2
3,8,0,2,0
3,8,0,2,2
3,8,0,2,0
3,8,0,2,0
3,8,0,2,0
3,8,0,2,0
3,8,0,2,0
3,8,0,2,1
3,8,0,2,0
3,8,0,2,3
3,8,0,2,0
3,8,0,2,1
3,8,0,2,0
3,8,0,2,0
3,8,0,2,0
3,8,0,2,0
3,8,0,2,2
3,8,0,2,1
3,8,0,2,2
3,8,0,2,1
3,8,0,2,1
3,8,1,0,8
3,8,0,2,0
3,8,0,2,0
3,8,0,2,0
3,8,0,2,1
3,8,0,2,0
3,8,0,2,1
3,8,0,2,2
3,8,0,2,2
3,8,0,2,0
3,8,0,2,0
3,8,0,2,0
3,8,0,2,0
3,8,0,2,0
3,8,0,2,1
3,8,0,2,1
3,8,0,2,1
3,8,0,2,3
3,8,0,2,0
3,8,0,2,0
3,8,0,2,1
3,8,0,2,1
3,8,0,2,1
3,8,0,2,4
3,9,0,2,0
3,9,0,2,1
3,9,0,2,1
3,9,0,2,1
3,9,0,2,3
3,9,0,2,5
3,9,0,2,2
3,9,0,2,2
3,9,0,2,1
3,9,0,2,2
3,9,0,2,4
3,9,0,2,1
3,9,0,2,3
3,9,0,2,0
3,9,0,2,0
3,9,0,2,1
3,9,0,2,4
3,9,0,2,1
3,9,0,2,0
3,9,0,2,1
3,9,0,2,0
3,9,0,2,5
3,9,0,2,0
3,9,0,2,1
3,9,0,2,0
3,9,0,2,2
3,9,0,2,2
3,9,0,2,0
3,9,0,2,2
3,9,0,2,0
3,9,0,2,1
3,9,0,2,0
3,9,0,2,1
3,9,0,2,1
3,9,0,2,2
3,9,0,2,1
3,9,0,2,0
3,9,0,2,1
3,9,0,2,3
3,9,0,2,1
3,9,0,2,0
3,9,0,2,2
3,9,0,2,0
3,9,0,2,2
3,9,0,2,2
3,9,0,2,1
3,9,0,2,0
3,9,0,2,2
3,9,0,2,2
3,9,0,2,1
3,9,0,2,0
3,9,0,2,0
3,9,0,2,1
3,9,0,2,0
3,9,0,2,0
3,9,0,2,1
3,9,0,2,0
3,9,0,2,0
3,9,0,2,0
3,9,0,2,4
3,9,0,2,3
3,9,0,2,0
3,9,0,2,7
3,9,0,2,0
3,9,0,2,0
3,9,0,2,0
3,9,0,2,4
3,9,0,2,0
3,9,0,2,0
3,9,0,2,1
3,9,0,2,1
3,9,0,2,0
3,9,0,2,1
3,9,0,2,0
3,9,0,2,5
3,9,0,2,0
3,9,0,2,6
3,9,0,2,0
3,9,0,2,0
3,9,0,2,2
3,9,0,2,0
3,9,0,2,0
3,9,0,2,0
3,9,0,2,3
3,9,0,2,1
3,9,0,2,3
3,9,0,2,1
3,9,0,2,2
3,9,0,2,0
3,9,0,2,0
3,9,0,2,2
3,9,0,2,0
3,9,0,2,1
3,9,0,2,1
3,9,0,2,2
3,9,0,2,1
3,9,0,2,0
3,9,0,2,5
3,9,0,2,2
3,9,0,2,1
3,10,0,2,1
3,10,0,2,3
3,10,0,2,0
3,10,0,2,0
3,10,0,2,1
3,10,0,2,0
3,10,0,2,3
3,10,0,2,0
3,10,0,2,1
3,10,0,2,0
3,10,0,2,0
3,10,0,2,0
3,10,0,2,0
3,10,0,2,0
3,10,0,2,2
3,10,0,2,0
3,10,0,2,0
3,10,0,2,1
3,10,0,2,0
3,10,0,2,2
3,10,0,2,0
3,10,0,2,3
3,10,0,2,0
3,10,0,2,0
3,10,0,2,0
3,10,0,2,0
3,10,0,2,2
3,10,0,2,3
3,10,0,2,3
3,10,0,2,1
3,10,0,2,1
3,10,0,2,0
3,10,0,2,1
3,10,0,2,0
3,10,0,2,0
3,10,0,2,3
3,10,0,2,1
3,10,0,2,1
3,10,0,2,0
3,10,0,2,0
3,10,0,2,0
3,10,0,2,2
3,10,0,2,1
3,10,0,2,0
3,10,0,2,0
3,10,0,2,0
3,10,0,2,1
3,10,0,2,0
3,10,0,2,0
3,10,0,2,2
3,10,0,2,1
3,10,0,2,0
3,10,0,2,0
3,10,0,2,1
3,10,0,2,0
3,10,0,2,0
3,10,0,2,0
3,10,0,2,0
3,10,0,2,0
3,10,0,2,2
3,10,0,2,0
3,10,0,2,2
3,10,0,2,0
3,10,0,2,8
3,10,0,2,3
3,10,0,2,1
3,10,0,2,0
3,10,0,2,0
3,10,0,2,0
3,10,0,2,4
3,10,0,2,0
3,10,0,2,3
3,10,0,2,0
3,10,0,2,2
3,10,0,2,0
3,10,0,2,0
3,10,0,2,0
3,10,0,2,1
3,10,0,2,0
3,10,0,2,1
3,10,0,2,1
3,10,0,2,1
3,10,0,2,2
3,10,0,2,0
3,10,0,2,1
3,10,0,2,1
3,10,0,2,0
3,10,0,2,2
3,10,0,2,0
3,10,0,2,3
3,10,0,2,1
3,10,0,2,0
3,10,0,2,1
3,10,0,2,1
3,10,0,2,5
3,10,0,2,2
3,10,0,2,1
3,10,0,2,1
3,10,0,2,3
3,10,0,2,0
3,11,0,2,1
3,11,0,2,0
3,11,0,2,3
3,11,0,2,1
3,11,0,2,0
3,11,0,2,0
3,11,0,2,0
3,11,0,2,0
3,11,0,2,0
3,11,0,2,3
3,11,0,2,0
3,11,0,2,1
3,11,0,2,2
3,11,0,2,1
3,11,0,2,0
3,11,0,2,0
3,11,0,2,0
3,11,0,2,0
3,11,0,2,1
3,11,0,2,2
3,11,0,2,0
3,11,0,2,1
3,11,0,2,0
3,11,0,2,6
3,11,0,2,0
3,11,0,2,0
3,11,0,2,0
3,11,0,2,0
3,11,0,2,1
3,11,0,2,0
3,11,0,2,1
3,11,0,2,1
3,11,0,2,2
3,11,0,2,2
3,11,0,2,1
3,11,0,2,2
3,11,0,2,0
3,11,0,2,0
3,11,0,2,2
3,11,0,2,1
3,11,0,2,3
3,11,0,2,0
3,11,0,2,5
3,11,0,2,0
3,11,0,2,1
3,11,0,2,3
3,11,0,2,1
3,11,0,2,0
3,11,0,2,3
3,11,0,2,0
3,11,0,2,0
3,11,0,2,3
3,11,0,2,5
3,11,0,2,0
3,11,0,2,0
3,11,0,2,0
3,11,0,2,0
3,11,0,2,1
3,11,0,2,0
3,11,0,2,2
3,11,0,2,2
3,11,0,2,0
3,11,0,2,9
3,11,0,2,0
3,11,0,2,0
3,11,0,2,0
3,11,0,2,0
3,11,0,2,0
3,11,0,2,0
3,11,0,2,1
3,11,0,2,5
3,11,0,2,0
3,11,0,2,0
3,11,0,2,1
3,11,0,2,3
3,11,0,2,2
3,11,0,2,0
3,11,0,2,0
3,11,0,2,0
3,11,0,2,2
3,11,0,2,0
3,11,0,2,4
3,11,0,2,0
3,11,0,2,3
3,11,0,2,1
3,11,0,2,0
3,11,0,2,5
3,11,0,2,1
3,11,0,2,0
3,11,0,2,1
3,11,0,2,2
3,11,0,2,0
3,11,0,2,3
3,11,0,2,2
3,11,0,2,1
3,11,0,2,1
3,11,0,2,0
3,11,0,2,2
3,11,0,2,0
3,11,0,2,3
3,12,0,2,1
3,12,0,2,2
3,12,0,2,1
3,12,0,2,6
3,12,0,2,0
3,12,0,2,2
3,12,0,2,2
3,12,0,2,0
3,12,0,2,0
3,12,0,2,1
3,12,0,2,0
3,12,0,2,0
3,12,0,2,4
3,12,0,2,0
3,12,0,2,3
3,12,0,2,1
3,12,0,2,2
3,12,0,2,2
3,12,0,2,0
3,12,0,2,1
3,12,0,2,1
3,12,0,2,3
3,12,0,2,0
3,12,0,2,0
3,12,0,2,0
3,12,0,2,3
3,12,0,2,2
3,12,0,2,3
3,12,0,2,0
3,12,0,2,3
3,12,0,2,2
3,12,0,2,0
3,12,0,2,0
3,12,0,2,1
3,12,0,2,2
3,12,0,2,2
3,12,0,2,0
3,12,0,2,1
3,12,0,2,0
3,12,0,2,0
3,12,0,2,0
3,12,0,2,3
3,12,0,2,2
3,12,0,2,0
3,12,0,2,0
3,12,0,2,0
3,12,0,2,0
3,12,0,2,0
3,12,0,2,3
3,12,0,2,0
3,12,0,2,0
3,12,0,2,0
3,12,0,2,0
3,12,0,2,2
3,12,0,2,0
3,12,0,2,2
3,12,0,2,0
3,12,0,2,0
3,12,0,2,0
3,12,0,2,2
3,12,0,2,3
3,12,0,2,0
3,12,0,2,3
3,12,0,2,0
3,12,0,2,0
3,12,0,2,1
3,12,0,2,3
3,12,0,2,2
3,12,0,2,0
3,12,0,2,4
3,12,0,2,5
3,12,0,2,5
3,12,0,2,4
3,12,0,2,3
3,12,0,2,0
3,12,0,2,5
3,12,0,2,1
3,12,0,2,1
3,12,0,2,2
3,12,0,2,0
3,12,0,2,5
3,12,0,2,1
3,12,0,2,2
3,12,0,2,3
3,12,0,2,1
3,12,0,2,3
3,12,0,2,1
3,12,0,2,1
3,12,0,2,1
3,12,0,2,1
3,12,0,2,2
3,12,0,2,7
3,12,0,2,4
3,12,0,2,0
3,12,0,2,2
3,12,0,2,0
3,12,0,2,1
3,12,0,2,0
3,12,0,2,0
3,12,0,2,5
3,13,0,2,2
3,13,0,2,0
3,13,0,2,0
3,13,0,2,1
3,13,0,2,2
3,13,0,2,1
3,13,0,2,0
3,13,0,2,2
3,13,0,2,0
3,13,0,2,2
3,13,0,2,0
3,13,0,2,0
3,13,0,2,0
3,13,0,2,0
3,13,0,2,0
3,13,0,2,0
3,13,0,2,0
3,13,0,2,2
3,13,0,2,0
3,13,0,2,0
3,13,0,2,1
3,13,0,2,1
3,13,0,2,0
3,13,0,2,0
3,13,0,2,4
3,13,0,2,0
3,13,0,2,1
3,13,0,2,0
3,13,0,2,2
3,13,0,2,2
3,13,0,2,0
3,13,0,2,2
3,13,0,2,2
3,13,0,2,1
3,13,0,2,1
3,13,0,2,0
3,13,0,2,0
3,13,0,2,0
3,13,0,2,0
3,13,0,2,1
3,13,0,2,0
3,13,0,2,0
3,13,0,2,0
3,13,0,2,0
3,13,0,2,0
3,13,0,2,3
3,13,0,2,0
3,13,0,2,0
3,13,0,2,0
3,13,0,2,1
3,13,0,2,0
3,13,0,2,0
3,13,0,2,0
3,13,0,2,0
3,13,0,2,3
3,13,0,2,3
3,13,0,2,0
3,13,0,2,5
3,13,0,2,2
3,13,0,2,2
3,13,0,2,0
3,13,0,2,0
3,13,0,2,0
3,13,0,2,0
3,13,0,2,1
3,13,0,2,3
3,13,0,2,2
3,13,0,2,0
3,13,0,2,0
3,13,0,2,1
3,13,0,2,5
3,13,0,2,1
3,13,0,2,0
3,13,0,2,2
3,13,0,2,0
3,13,0,2,2
3,13,0,2,6
3,13,0,2,0
3,13,0,2,1
3,13,0,2,2
3,13,0,2,0
3,13,0,2,1
3,13,0,2,0
3,13,0,2,0
3,13,0,2,2
3,13,0,2,1
3,13,0,2,2
3,13,0,2,0
3,13,0,2,0
3,13,0,2,0
3,13,0,2,1
3,13,0,2,5
3,13,0,2,0
3,13,0,2,0
3,13,0,2,1
3,13,0,2,0
3,13,0,2,1
3,13,0,2,0
3,13,0,2,2
3,13,0,2,0
3,14,0,2,1
3,14,0,2,10
3,14,0,2,7
3,14,0,2,2
3,14,0,2,0
3,14,0,2,0
3,14,0,2,5
3,14,0,2,0
3,14,0,2,1
3,14,0,2,0
3,14,0,2,0
3,14,0,2,0
3,14,0,2,0
3,14,0,2,2
3,14,0,2,1
3,14,0,2,1
3,14,0,2,1
3,14,0,2,0
3,14,0,2,2
3,14,0,2,0
3,14,0,2,4
3,14,0,2,0
3,14,0,2,1
3,14,0,2,0
3,14,0,2,1
3,14,0,2,1
3,14,0,2,1
3,14,0,2,0
3,14,0,2,0
3,14,0,2,0
3,14,0,2,3
3,14,0,2,2
3,14,0,2,0
3,14,0,2,0
3,14,0,2,0
3,14,0,2,1
3,14,0,2,0
3,14,0,2,4
3,14,0,2,1
3,14,0,2,2
3,14,0,2,0
3,14,0,2,4
3,14,0,2,1
3,14,0,2,0
3,14,0,2,2
3,14,0,2,2
3,14,0,2,0
3,14,0,2,1
3,14,0,2,1
3,14,0,2,6
3,14,0,2,0
3,14,0,2,3
3,14,0,2,0
3,14,0,2,5
3,14,0,2,2
3,14,0,2,0
3,14,0,2,2
3,14,0,2,0
3,14,0,2,0
3,14,0,2,2
3,14,0,2,2
3,14,0,2,0
3,14,0,2,0
3,14,0,2,3
3,14,0,2,2
3,14,0,2,1
3,14,0,2,0
3,14,0,2,0
3,14,0,2,0
3,14,0,2,1
3,14,0,2,0
3,14,0,2,1
3,14,0,2,0
3,14,0,2,2
3,14,0,2,0
3,14,0,2,0
3,14,0,2,0
3,14,0,2,5
3,14,0,2,0
3,14,0,2,0
3,14,0,2,0
3,14,0,2,1
3,14,0,2,0
3,14,0,2,1
3,14,0,2,0
3,14,0,2,1
3,14,0,2,1
3,14,0,2,0
3,14,0,2,0
3,14,0,2,0
3,14,0,2,0
3,14,0,2,0
3,14,0,2,1
3,14,0,2,2
3,14,0,2,1
3,14,0,2,0
3,14,0,2,0
3,14,0,2,5
3,14,0,2,0
3,14,0,2,0
3,15,0,2,6
3,15,0,2,0
3,15,0,2,0
3,15,0,2,0
3,15,0,2,0
3,15,0,2,0
3,15,0,2,0
3,15,0,2,0
3,15,0,2,0
3,15,0,2,1
3,15,0,2,0
3,15,0,2,0
3,15,0,2,0
3,15,0,2,0
3,15,0,2,1
3,15,0,2,3
3,15,0,2,1
3,15,0,2,0
3,15,0,2,0
3,15,0,2,2
3,15,0,2,0
3,15,0,2,1
3,15,0,2,0
3,15,0,2,0
3,15,0,2,1
3,15,0,2,0
3,15,0,2,2
3,15,0,2,9
3,15,0,2,0
3,15,0,2,2
3,15,0,2,2
3,15,0,2,0
3,15,0,2,1
3,15,0,2,0
3,15,0,2,1
3,15,0,2,0
3,15,0,2,1
3,15,0,2,0
3,15,0,2,0
3,15,0,2,2
3,15,0,2,2
3,15,0,2,2
3,15,0,2,0
3,15,0,2,2
3,15,0,2,1
3,15,0,2,4
3,15,0,2,0
3,15,0,2,4
3,15,0,2,1
3,15,0,2,1
3,15,0,2,0
3,15,0,2,1
3,15,0,2,0
3,15,0,2,0
3,15,0,2,0
3,15,0,2,0
3,15,0,2,0
3,15,0,2,0
3,15,0,2,2
3,15,0,2,0
3,15,0,2,0
3,15,0,2,1
3,15,0,2,5
3,15,0,2,0
3,15,0,2,1
3,15,0,2,0
3,15,0,2,0
3,15,0,2,0
3,15,0,2,3
3,15,0,2,1
3,15,0,2,0
3,15,0,2,1
3,15,0,2,0
3,15,0,2,0
3,15,0,2,2
3,15,0,2,0
3,15,0,2,0
3,15,0,2,1
3,15,0,2,6
3,15,0,2,1
3,15,0,2,0
3,15,0,2,2
3,15,0,2,1
3,15,0,2,2
3,15,0,2,2
3,15,0,2,4
3,15,0,2,0
3,15,0,2,0
3,15,0,2,3
3,15,0,2,1
3,15,0,2,1
3,15,0,2,1
3,15,0,2,4
3,15,0,2,5
3,15,0,2,1
3,15,0,2,0
3,15,0,2,2
3,15,0,2,0
3,15,0,2,0
3,15,0,2,3
3,16,0,2,0
3,16,0,2,0
3,16,0,2,0
3,16,0,2,2
3,16,0,2,0
3,16,0,2,1
3,16,0,2,0
3,16,0,2,1
3,16,0,2,0
3,16,0,2,0
3,16,0,2,4
3,16,0,2,2
3,16,0,2,0
3,16,0,2,3
3,16,0,2,0
3,16,0,2,1
3,16,0,2,1
3,16,0,2,0
3,16,0,2,0
3,16,0,2,1
3,16,0,2,4
3,16,0,2,1
3,16,0,2,0
3,16,0,2,1
3,16,0,2,0
3,16,0,2,2
3,16,0,2,5
3,16,0,2,0
3,16,0,2,2
3,16,0,2,0
3,16,0,2,0
3,16,0,2,6
3,16,0,2,0
3,16,0,2,1
3,16,0,2,2
3,16,0,2,0
3,16,0,2,0
3,16,0,2,0
3,16,0,2,0
3,16,0,2,0
3,16,0,2,2
3,16,0,2,0
3,16,0,2,0
3,16,0,2,1
3,16,0,2,1
3,16,0,2,0
3,16,0,2,6
3,16,0,2,0
3,16,0,2,0
3,16,0,2,4
3,16,0,2,0
3,16,0,2,1
3,16,0,2,2
3,16,0,2,2
3,16,0,2,1
3,16,0,2,4
3,16,0,2,0
3,16,0,2,3
3,16,0,2,0
3,16,0,2,0
3,16,0,2,2
3,16,0,2,4
3,16,0,2,2
3,16,0,2,1
3,16,0,2,0
3,16,0,2,2
3,16,0,2,0
3,16,0,2,1
3,16,0,2,2
3,16,0,2,2
3,16,0,2,5
3,16,0,2,0
3,16,0,2,2
3,16,0,2,0
3,16,0,2,2
3,16,0,2,4
3,16,0,2,1
3,16,0,2,3
3,16,0,2,0
3,16,0,2,0
3,16,0,2,3
3,16,0,2,1
3,16,0,2,2
3,16,0,2,2
3,16,0,2,2
3,16,0,2,0
3,16,0,2,1
3,16,0,2,0
3,16,0,2,0
3,16,0,2,1
3,16,0,2,0
3,16,0,2,0
3,16,0,2,3
3,16,0,2,1
3,16,0,2,0
3,16,0,2,1
3,16,0,2,0
3,16,0,2,0
3,16,0,2,0
3,16,0,2,1
3,17,0,2,0
3,17,0,2,1
3,17,0,2,2
3,17,0,2,0
3,17,0,2,1
3,17,0,2,1
3,17,0,2,3
3,17,0,2,2
3,17,0,2,0
3,17,0,2,1
3,17,0,2,0
3,17,0,2,0
3,17,0,2,0
3,17,0,2,0
3,17,0,2,0
3,17,0,2,1
3,17,0,2,0
3,17,0,2,3
3,17,0,2,0
3,17,0,2,1
3,17,0,2,3
3,17,0,2,2
3,17,0,2,0
3,17,0,2,2
3,17,0,2,1
3,17,0,2,0
3,17,0,2,1
3,17,0,2,2
3,17,0,2,0
3,17,0,2,2
3,17,0,2,0
3,17,0,2,2
3,17,0,2,2
3,17,0,2,0
3,17,0,2,5
3,17,0,2,2
3,17,0,2,0
3,17,0,2,2
3,17,0,2,0
3,17,0,2,1
3,17,0,2,3
3,17,0,2,0
3,17,0,2,0
3,17,0,2,0
3,17,0,2,0
3,17,0,2,0
3,17,0,2,1
3,17,0,2,2
3,17,0,2,1
3,17,0,2,1
3,17,0,2,0
3,17,0,2,2
3,17,0,2,1
3,17,0,2,1
3,17,0,2,3
3,17,0,2,1
3,17,0,2,1
3,17,0,2,6
3,17,0,2,2
3,17,0,2,0
3,17,0,2,1
3,17,0,2,1
3,17,0,2,2
3,17,0,2,0
3,17,0,2,6
3,17,0,2,1
3,17,0,2,2
3,17,0,2,0
3,17,0,2,1
3,17,0,2,0
3,17,0,2,4
3,17,0,2,1
3,17,0,2,0
3,17,0,2,0
3,17,0,2,0
3,17,0,2,0
3,17,0,2,0
3,17,0,2,2
3,17,0,2,2
3,17,0,2,3
3,17,0,2,1
3,17,0,2,2
3,17,0,2,0
3,17,0,2,0
3,17,0,2,1
3,17,0,2,0
3,17,0,2,0
3,17,0,2,0
3,17,0,2,1
3,17,0,2,1
3,17,0,2,3
3,17,0,2,0
3,17,0,2,0
3,17,0,2,0
3,17,0,2,2
3,17,0,2,0
3,17,0,2,3
3,17,0,2,0
3,17,0,2,1
3,17,0,2,1
3,18,0,2,0
3,18,0,2,0
3,18,0,2,0
3,18,0,2,0
3,18,0,2,2
3,18,0,2,0
3,18,0,2,0
3,18,0,2,1
3,18,0,2,0
3,18,0,2,3
3,18,0,2,0
3,18,0,2,0
3,18,0,2,0
3,18,0,2,0
3,18,0,2,0
3,18,0,2,1
3,18,0,2,0
3,18,0,2,0
3,18,0,2,2
3,18,0,2,1
3,18,0,2,3
3,18,0,2,0
3,18,0,2,8
3,18,0,2,3
3,18,0,2,0
3,18,0,2,2
3,18,0,2,0
3,18,0,2,0
3,18,0,2,1
3,18,0,2,0
3,18,0,2,0
3,18,0,2,2
3,18,0,2,0
3,18,0,2,1
3,18,0,2,0
3,18,0,2,0
3,18,0,2,1
3,18,0,2,0
3,18,0,2,2
3,18,0,2,2
3,18,0,2,2
3,18,0,2,2
3,18,0,2,1
3,18,0,2,1
3,18,0,2,1
3,18,0,2,0
3,18,0,2,0
3,18,0,2,5
3,18,0,2,0
3,18,0,2,0
3,18,0,2,0
3,18,0,2,1
3,18,0,2,0
3,18,0,2,0
3,18,0,2,0
3,18,0,2,1
3,18,0,2,0
3,18,0,2,3
3,18,0,2,1
3,18,0,2,0
3,18,0,2,2
3,18,0,2,0
3,18,0,2,0
3,18,0,2,1
3,18,0,2,3
3,18,0,2,0
3,18,0,2,3
3,18,0,2,0
3,18,0,2,2
3,18,0,2,0
3,18,0,2,0
3,18,0,2,4
3,18,0,2,0
3,18,0,2,2
3,18,0,2,0
3,18,0,2,2
3,18,0,2,0
3,18,0,2,0
3,18,0,2,4
3,18,0,2,0
3,18,0,2,2
3,18,0,2,0
3,18,0,2,0
3,18,0,2,1
3,18,0,2,0
3,18,0,2,0
3,18,0,2,1
3,18,0,2,2
3,18,0,2,0
3,18,0,2,4
3,18,0,2,0
3,18,0,2,0
3,18,0,2,0
3,18,0,2,0
3,18,0,2,1
3,18,0,2,3
3,18,0,2,2
3,18,0,2,1
3,18,0,2,0
3,18,0,2,0
3,19,0,2,0
3,19,0,2,3
3,19,0,2,0
3,19,0,2,1
3,19,0,2,0
3,19,0,2,0
3,19,0,2,4
3,19,0,2,2
3,19,0,2,0
3,19,0,2,2
3,19,0,2,1
3,19,0,2,0
3,19,0,2,1
3,19,0,2,1
3,19,0,2,0
3,19,0,2,0
3,19,0,2,0
3,19,0,2,0
3,19,0,2,0
3,19,0,2,1
3,19,0,2,0
3,19,0,2,0
3,19,0,2,2
3,19,0,2,0
3,19,0,2,3
3,19,0,2,1
3,19,0,2,0
3,19,0,2,2
3,19,0,2,1
3,19,0,2,2
3,19,0,2,0
3,19,0,2,0
3,19,0,2,4
3,19,0,2,0
3,19,0,2,1
3,19,0,2,0
3,19,0,2,0
3,19,0,2,1
3,19,0,2,0
3,19,0,2,1
3,19,0,2,2
3,19,0,2,2
3,19,0,2,4
3,19,0,2,1
3,19,0,2,0
3,19,0,2,2
3,19,0,2,0
3,19,0,2,2
3,19,0,2,0
3,19,0,2,2
3,19,0,2,1
3,19,0,2,0
3,19,0,2,0
3,19,0,2,3
3,19,0,2,6
3,19,0,2,3
3,19,0,2,0
3,19,0,2,2
3,19,0,2,0
3,19,0,2,2
3,19,0,2,2
3,19,0,2,3
3,19,0,2,0
3,19,0,2,5
3,19,0,2,3
3,19,0,2,2
3,19,0,2,4
3,19,0,2,0
3,19,0,2,1
3,19,0,2,1
3,19,0,2,0
3,19,0,2,1
3,19,0,2,2
3,19,0,2,0
3,19,0,2,5
3,19,0,2,0
3,19,0,2,0
3,19,0,2,1
3,19,0,2,1
3,19,0,2,0
3,19,0,2,2
3,19,0,2,1
3,19,0,2,2
3,19,0,2,4
3,19,0,2,0
3,19,0,2,3
3,19,0,2,0
3,19,0,2,1
3,19,0,2,1
3,19,0,2,1
3,19,0,2,3
3,19,0,2,2
3,19,0,2,0
3,19,0,2,0
3,19,0,2,2
3,19,0,2,1
3,19,0,2,2
3,19,0,2,1
3,19,0,2,1
3,19,0,2,0
3,20,0,2,3
3,20,0,2,4
3,20,0,2,6
3,20,0,2,4
3,20,0,2,0
3,20,0,2,1
3,20,0,2,2
3,20,0,2,0
3,20,0,2,1
3,20,0,2,1
3,20,0,2,0
3,20,0,2,1
3,20,0,2,0
3,20,0,2,0
3,20,0,2,1
3,20,0,2,0
3,20,0,2,3
3,20,0,2,2
3,20,0,2,1
3,20,0,2,0
3,20,0,2,0
3,20,0,2,0
3,20,0,2,2
3,20,0,2,1
3,20,0,2,1
3,20,0,2,0
3,20,0,2,0
3,20,0,2,1
3,20,0,2,1
3,20,0,2,2
3,20,0,2,0
3,20,0,2,2
3,20,0,2,5
3,20,0,2,2
3,20,0,2,0
3,20,0,2,2
3,20,0,2,1
3,20,0,2,2
3,20,0,2,1
3,20,0,2,0
3,20,0,2,4
3,20,0,2,2
3,20,0,2,1
3,20,0,2,0
3,20,0,2,1
3,20,0,2,0
3,20,0,2,0
3,20,0,2,3
3,20,0,2,0
3,20,0,2,1
3,20,0,2,2
3,20,0,2,0
3,20,0,2,0
3,20,0,2,2
3,20,0,2,1
3,20,0,2,0
3,20,0,2,1
3,20,0,2,2
3,20,0,2,0
3,20,0,2,1
3,20,0,2,0
3,20,0,2,4
3,20,0,2,5
3,20,0,2,0
3,20,0,2,0
3,20,0,2,2
3,20,0,2,1
3,20,0,2,0
3,20,0,2,0
3,20,0,2,0
3,20,0,2,0
3,20,0,2,0
3,20,0,2,0
3,20,0,2,0
3,20,0,2,0
3,20,0,2,0
3,20,0,2,2
3,20,0,2,1
3,20,0,2,2
3,20,0,2,1
3,20,0,2,3
3,20,0,2,0
3,20,0,2,3
3,20,0,2,3
3,20,0,2,0
3,20,0,2,4
3,20,0,2,4
3,20,0,2,0
3,20,0,2,0
3,20,0,2,1
3,20,0,2,0
3,20,0,2,3
3,20,0,2,2
3,20,0,2,1
3,20,0,2,2
3,20,0,2,2
3,20,0,2,0
3,20,0,2,0
3,20,0,2,3
3,20,0,2,0
4,1,1,0,1
4,1,1,0,1
4,1,1,0,1
4,1,1,0,1
4,1,1,0,1
4,1,1,0,1
4,1,1,2,1
4,1,1,0,1
4,1,1,0,1
4,1,1,1,1
4,1,1,0,1
4,1,1,0,1
4,1,1,0,1
4,1,1,0,1
4,1,1,0,1
4,1,0,3,0
4,1,1,0,1
4,1,0,3,0
4,1,1,0,1
4,1,1,1,1
4,1,0,3,0
4,1,1,0,1
4,1,1,0,1
4,1,1,1,1
4,1,1,2,1
4,1,1,0,1
4,1,1,0,1
4,1,0,3,0
4,1,1,0,1
4,1,1,1,1
4,1,1,0,1
4,1,1,0,1
4,1,1,0,1
4,1,1,0,1
4,1,1,0,1
4,1,1,0,1
4,1,1,0,1
4,1,1,0,1
4,1,1,0,1
4,1,1,1,1
4,1,1,0,1
4,1,1,0,1
4,1,1,0,1
4,1,1,0,1
4,1,1,1,1
4,1,1,0,1
4,1,1,0,1
4,1,1,0,1
4,1,1,1,1
4,1,1,0,1
4,1,1,1,1
4,1,1,0,1
4,1,1,2,1
4,1,1,0,1
4,1,1,1,1
4,1,0,3,0
4,1,1,0,1
4,1,1,1,1
4,1,1,0,1
4,1,1,1,1
4,1,1,0,1
4,1,1,0,1
4,1,1,0,1
4,1,0,3,0
4,1,0,3,0
4,1,1,0,1
4,1,1,1,1
4,1,1,0,1
4,1,0,3,0
4,1,1,0,1
4,1,1,1,1
4,1,1,1,1
4,1,1,0,1
4,1,1,0,1
4,1,1,0,1
4,1,1,0,1
4,1,1,0,1
4,1,1,0,1
4,1,1,0,1
4,1,1,0,1
4,1,1,2,1
4,1,1,0,1
4,1,0,3,0
4,1,1,0,1
4,1,0,3,0
4,1,1,1,1
4,1,1,0,1
4,1,1,0,1
4,1,0,3,0
4,1,0,3,0
4,1,1,2,1
4,1,1,0,1
4,1,1,1,1
4,1,1,0,1
4,1,1,1,1
4,1,1,0,1
4,1,1,0,1
4,1,1,2,1
4,1,1,1,1
4,1,1,0,1
4,2,1,0,2
4,2,1,0,2
4,2,1,0,2
4,2,0,3,1
4,2,1,0,2
4,2,1,0,2
4,2,1,1,2
4,2,0,3,0
4,2,0,3,0
4,2,1,1,2
4,2,1,0,2
4,2,1,0,2
4,2,1,2,2
4,2,0,3,0
4,2,0,3,1
4,2,0,3,0
4,2,0,3,1
4,2,1,0,2
4,2,0,3,0
4,2,0,3,0
4,2,0,3,0
4,2,0,3,1
4,2,0,3,0
4,2,0,3,0
4,2,1,0,2
4,2,0,3,0
4,2,1,0,2
4,2,1,1,2
4,2,0,3,1
4,2,0,3,0
4,2,1,1,2
4,2,0,3,0
4,2,1,1,2
4,2,1,0,2
4,2,1,1,2
4,2,1,0,2
4,2,0,3,0
4,2,1,2,2
4,2,1,0,2
4,2,0,3,0
4,2,0,3,0
4,2,1,0,2
4,2,1,0,2
4,2,1,0,2
4,2,1,2,2
4,2,0,3,0
4,2,0,3,0
4,2,0,3,1
4,2,0,3,0
4,2,0,3,0
4,2,0,3,0
4,2,0,3,1
4,2,1,2,2
4,2,1,1,2
4,2,1,2,2
4,2,0,3,1
4,2,1,1,2
4,2,0,3,0
4,2,1,0,2
4,2,1,1,2
4,2,1,0,2
4,2,0,3,0
4,2,0,3,1
4,2,0,3,0
4,2,1,1,2
4,2,1,0,2
4,2,0,3,1
4,2,0,3,0
4,2,0,3,0
4,2,1,0,2
4,2,0,3,0
4,2,1,0,2
4,2,1,0,2
4,2,0,3,0
4,2,0,3,0
4,2,1,1,2
4,2,1,0,2
4,2,0,3,0
4,2,1,0,2
4,2,1,0,2
4,2,1,0,2
4,2,1,1,2
4,2,0,3,0
4,2,1,2,2
4,2,1,0,2
4,2,1,0,2
4,2,1,0,2
4,2,1,0,2
4,2,1,2,2
4,2,1,0,2
4,2,1,1,2
4,2,1,0,2
4,2,0,3,0
4,2,1,1,2
4,2,1,1,2
4,2,1,0,2
4,2,1,2,2
4,2,1,1,2
4,2,0,3,0
4,2,0,3,0
4,3,1,1,3
4,3,1,0,3
4,3,0,3,1
4,3,1,1,3
4,3,1,0,3
4,3,0,3,1
4,3,1,1,3
4,3,0,3,0
4,3,1,1,3
4,3,0,3,2
4,3,1,0,3
4,3,0,3,2
4,3,1,2,3
4,3,0,3,1
4,3,1,1,3
4,3,0,3,0
4,3,1,0,3
4,3,0,3,0
4,3,0,3,0
4,3,1,0,3
4,3,1,1,3
4,3,0,3,1
4,3,1,1,3
4,3,1,0,3
4,3,1,0,3
4,3,1,1,3
4,3,1,0,3
4,3,0,3,2
4,3,0,3,1
4,3,1,0,3
4,3,0,3,2
4,3,0,3,0
4,3,1,0,3
4,3,0,3,1
4,3,1,0,3
4,3,0,3,0
4,3,1,2,3
4,3,0,3,1
4,3,0,3,1
4,3,0,3,1
4,3,0,3,1
4,3,0,3,2
4,3,0,3,0
4,3,1,1,3
4,3,0,3,0
4,3,0,3,1
4,3,0,3,0
4,3,0,3,1
4,3,0,3,0
4,3,0,3,1
4,3,0,3,0
4,3,0,3,1
4,3,0,3,1
4,3,0,3,0
4,3,1,1,3
4,3,0,3,1
4,3,0,3,0
4,3,1,1,3
4,3,1,0,3
4,3,0,3,2
4,3,0,3,1
4,3,1,0,3
4,3,0,3,0
4,3,1,2,3
4,3,1,0,3
4,3,1,1,3
4,3,1,1,3
4,3,0,3,2
4,3,1,2,3
4,3,0,3,1
4,3,0,3,1
4,3,1,0,3
4,3,1,2,3
4,3,1,0,3
4,3,0,3,0
4,3,0,3,1
4,3,0,3,1
4,3,0,3,1
4,3,0,3,2
4,3,0,3,1
4,3,0,3,0
4,3,0,3,1
4,3,1,2,3
4,3,0,3,1
4,3,1,1,3
4,3,0,3,0
4,3,0,3,2
4,3,1,0,3
4,3,0,3,0
4,3,0,3,2
4,3,0,3,0
4,3,1,1,3
4,3,1,0,3
4,3,1,0,3
4,3,1,0,3
4,3,1,0,3
4,3,1,0,3
4,3,1,0,3
4,3,1,0,3
4,3,1,2,3
4,4,0,3,3
4,4,1,1,4
4,4,0,3,2
4,4,0,3,0
4,4,0,3,0
4,4,0,3,0
4,4,0,3,3
4,4,0,3,0
4,4,0,3,1
4,4,0,3,1
4,4,1,2,4
4,4,0,3,2
4,4,1,1,4
4,4,1,2,4
4,4,0,3,2
4,4,0,3,0
4,4,0,3,0
4,4,0,3,1
4,4,0,3,1
4,4,0,3,0
4,4,1,0,4
4,4,0,3,2
4,4,1,0,4
4,4,0,3,1
4,4,0,3,0
4,4,0,3,1
4,4,1,1,4
4,4,1,2,4
4,4,0,3,1
4,4,1,2,4
4,4,0,3,0
4,4,0,3,1
4,4,1,1,4
4,4,1,0,4
4,4,1,0,4
4,4,1,2,4
4,4,0,3,1
4,4,0,3,0
4,4,1,0,4
4,4,0,3,0
4,4,1,1,4
4,4,0,3,2
4,4,1,2,4
4,4,0,3,2
4,4,0,3,3
4,4,1,2,4
4,4,0,3,1
4,4,1,0,4
4,4,0,3,1
4,4,0,3,0
4,4,0,3,2
4,4,0,3,1
4,4,0,3,0
4,4,1,0,4
4,4,0,3,0
4,4,1,0,4
4,4,0,3,1
4,4,0,3,1
4,4,1,1,4
4,4,1,1,4
4,4,1,0,4
4,4,1,1,4
4,4,1,2,4
4,4,0,3,2
4,4,0,3,1
4,4,1,1,4
4,4,0,3,2
4,4,0,3,1
4,4,1,0,4
4,4,0,3,1
4,4,0,3,0
4,4,0,3,0
4,4,0,3,2
4,4,0,3,0
4,4,0,3,0
4,4,0,3,1
4,4,0,3,2
4,4,0,3,2
4,4,1,2,4
4,4,0,3,2
4,4,0,3,0
4,4,0,3,1
4,4,1,0,4
4,4,1,0,4
4,4,1,0,4
4,4,0,3,0
4,4,0,3,0
4,4,0,3,0
4,4,0,3,2
4,4,0,3,0
4,4,0,3,2
4,4,1,0,4
4,4,0,3,3
4,4,0,3,2
4,4,1,0,4
4,4,0,3,0
4,4,1,0,4
4,4,0,3,0
4,4,0,3,3
4,4,0,3,1
4,5,0,3,0
4,5,0,3,2
4,5,0,3,3
4,5,0,3,0
4,5,1,2,5
4,5,1,0,5
4,5,0,3,3
4,5,0,3,0
4,5,1,1,5
4,5,0,3,1
4,5,0,3,1
4,5,0,3,3
4,5,1,0,5
4,5,0,3,1
4,5,1,2,5
4,5,0,3,3
4,5,0,3,2
4,5,0,3,1
4,5,0,3,3
4,5,0,3,0
4,5,1,1,5
4,5,1,1,5
4,5,0,3,3
4,5,1,1,5
4,5,1,0,5
4,5,1,1,5
4,5,0,3,4
4,5,0,3,1
4,5,0,3,1
4,5,1,1,5
4,5,0,3,0
4,5,0,3,4
4,5,0,3,2
4,5,0,3,1
4,5,0,3,4
4,5,0,3,3
4,5,0,3,4
4,5,0,3,2
4,5,0,3,1
4,5,1,0,5
4,5,1,2,5
4,5,0,3,2
4,5,1,0,5
4,5,0,3,0
4,5,1,0,5
4,5,0,3,1
4,5,0,3,2
4,5,0,3,1
4,5,0,3,0
4,5,0,3,2
4,5,0,3,3
4,5,0,3,0
4,5,0,3,3
4,5,0,3,0
4,5,1,1,5
4,5,0,3,2
4,5,0,3,4
4,5,0,3,1
4,5,0,3,4
4,5,0,3,3
4,5,0,3,1
4,5,0,3,4
4,5,1,1,5
4,5,0,3,0
4,5,0,3,1
4,5,0,3,0
4,5,1,1,5
4,5,0,3,0
4,5,0,3,0
4,5,1,1,5
4,5,1,2,5
4,5,0,3,1
4,5,1,1,5
4,5,0,3,2
4,5,0,3,4
4,5,0,3,4
4,5,1,0,5
4,5,0,3,3
4,5,1,1,5
4,5,0,3,1
4,5,1,0,5
4,5,0,3,2
4,5,0,3,1
4,5,0,3,1
4,5,0,3,2
4,5,0,3,4
4,5,0,3,1
4,5,0,3,0
4,5,0,3,0
4,5,0,3,0
4,5,1,1,5
4,5,0,3,1
4,5,1,0,5
4,5,1,1,5
4,5,0,3,0
4,5,0,3,1
4,5,0,3,0
4,5,0,3,3
4,5,0,3,3
4,5,0,3,2
4,6,1,1,6
4,6,0,3,4
4,6,0,3,0
4,6,0,3,1
4,6,0,3,0
4,6,0,3,1
4,6,1,2,6
4,6,0,3,1
4,6,0,3,2
4,6,0,3,0
4,6,1,1,6
4,6,0,3,5
4,6,0,3,4
4,6,0,3,2
4,6,0,3,2
4,6,0,3,2
4,6,0,3,1
4,6,1,0,6
4,6,0,3,2
4,6,0,3,1
4,6,0,3,1
4,6,0,3,4
4,6,1,0,6
4,6,0,3,5
4,6,0,3,1
4,6,0,3,0
4,6,0,3,0
4,6,0,3,3
4,6,0,3,2
4,6,0,3,2
4,6,0,3,2
4,6,0,3,5
4,6,0,3,2
4,6,0,3,0
4,6,0,3,1
4,6,0,3,2
4,6,0,3,1
4,6,0,3,0
4,6,0,3,4
4,6,0,3,1
4,6,0,3,0
4,6,1,0,6
4,6,1,0,6
4,6,0,3,0
4,6,0,3,1
4,6,0,3,2
4,6,1,0,6
4,6,0,3,1
4,6,0,3,3
4,6,0,3,3
4,6,0,3,5
4,6,0,3,1
4,6,0,3,5
4,6,1,1,6
4,6,0,3,2
4,6,0,3,2
4,6,0,3,2
4,6,0,3,2
4,6,1,1,6
4,6,0,3,1
4,6,0,3,0
4,6,0,3,0
4,6,0,3,0
4,6,0,3,0
4,6,0,3,2
4,6,0,3,4
4,6,0,3,4
4,6,0,3,1
4,6,0,3,1
4,6,0,3,0
4,6,0,3,0
4,6,0,3,2
4,6,0,3,0
4,6,1,2,6
4,6,0,3,2
4,6,0,3,2
4,6,0,3,1
4,6,0,3,1
4,6,0,3,0
4,6,0,3,3
4,6,0,3,4
4,6,0,3,1
4,6,0,3,2
4,6,0,3,1
4,6,0,3,0
4,6,0,3,0
4,6,0,3,1
4,6,1,2,6
4,6,0,3,0
4,6,0,3,2
4,6,0,3,1
4,6,0,3,0
4,6,0,3,3
4,6,0,3,4
4,6,0,3,1
4,6,1,0,6
4,6,0,3,1
4,6,0,3,0
4,6,0,3,2
4,6,0,3,0
4,7,0,3,2
4,7,0,3,1
4,7,0,3,2
4,7,0,3,2
4,7,0,3,4
4,7,0,3,2
4,7,0,3,4
4,7,0,3,0
4,7,0,3,2
4,7,0,3,0
4,7,0,3,0
4,7,0,3,0
4,7,1,0,7
4,7,0,3,1
4,7,1,2,7
4,7,0,3,0
4,7,0,3,3
4,7,0,3,1
4,7,0,3,4
4,7,0,3,1
4,7,0,3,0
4,7,0,3,6
4,7,1,0,7
4,7,0,3,5
4,7,0,3,2
4,7,0,3,1
4,7,0,3,3
4,7,0,3,3
4,7,0,3,2
4,7,0,3,3
4,7,0,3,2
4,7,0,3,0
4,7,0,3,3
4,7,0,3,1
4,7,0,3,2
4,7,0,3,0
4,7,0,3,1
4,7,0,3,1
4,7,1,2,7
4,7,0,3,0
4,7,0,3,2
4,7,0,3,4
4,7,0,3,0
4,7,0,3,3
4,7,0,3,1
4,7,0,3,1
4,7,1,0,7
4,7,0,3,0
4,7,0,3,0
4,7,1,0,7
4,7,0,3,1
4,7,0,3,2
4,7,0,3,3
4,7,0,3,1
4,7,0,3,1
4,7,0,3,3
4,7,0,3,0
4,7,0,3,1
4,7,0,3,5
4,7,0,3,2
4,7,0,3,1
4,7,0,3,0
4,7,0,3,5
4,7,0,3,3
4,7,1,0,7
4,7,0,3,1
4,7,0,3,0
4,7,0,3,6
4,7,0,3,1
4,7,0,3,1
4,7,0,3,2
4,7,0,3,2
4,7,0,3,4
4,7,0,3,4
4,7,0,3,0
4,7,0,3,2
4,7,0,3,3
4,7,0,3,2
4,7,0,3,1
4,7,0,3,1
4,7,0,3,5
4,7,0,3,4
4,7,0,3,0
4,7,0,3,1
4,7,0,3,0
4,7,0,3,1
4,7,0,3,4
4,7,1,0,7
4,7,0,3,1
4,7,0,3,1
4,7,0,3,6
4,7,0,3,6
4,7,0,3,5
4,7,0,3,2
4,7,0,3,0
4,7,0,3,2
4,7,0,3,3
4,7,1,0,7
4,7,0,3,2
4,7,1,2,7
4,8,0,3,1
4,8,0,3,7
4,8,0,3,1
4,8,0,3,1
4,8,0,3,1
4,8,0,3,0
4,8,0,3,1
4,8,0,3,2
4,8,0,3,1
4,8,0,3,4
4,8,0,3,1
4,8,0,3,0
4,8,0,3,3
4,8,0,3,1
4,8,0,3,0
4,8,0,3,0
4,8,0,3,5
4,8,0,3,1
4,8,0,3,2
4,8,0,3,0
4,8,0,3,0
4,8,0,3,2
4,8,1,0,8
4,8,0,3,3
4,8,0,3,6
4,8,0,3,2
4,8,0,3,7
4,8,0,3,2
4,8,0,3,5
4,8,0,3,4
4,8,0,3,2
4,8,0,3,2
4,8,0,3,1
4,8,0,3,4
4,8,0,3,1
4,8,0,3,7
4,8,0,3,1
4,8,1,0,8
4,8,0,3,0
4,8,0,3,1
4,8,0,3,0
4,8,0,3,2
4,8,0,3,0
4,8,0,3,2
4,8,0,3,0
4,8,0,3,4
4,8,0,3,3
4,8,0,3,0
4,8,0,3,5
4,8,0,3,0
4,8,0,3,6
4,8,0,3,0
4,8,1,1,8
4,8,0,3,6
4,8,0,3,0
4,8,1,1,8
4,8,0,3,3
4,8,0,3,4
4,8,0,3,6
4,8,0,3,3
4,8,0,3,3
4,8,0,3,2
4,8,0,3,1
4,8,1,2,8
4,8,0,3,1
4,8,0,3,4
4,8,0,3,2
4,8,0,3,0
4,8,0,3,4
4,8,0,3,0
4,8,0,3,0
4,8,0,3,1
4,8,0,3,2
4,8,0,3,3
4,8,0,3,5
4,8,0,3,1
4,8,0,3,2
4,8,0,3,1
4,8,0,3,6
4,8,0,3,2
4,8,0,3,0
4,8,0,3,3
4,8,0,3,2
4,8,0,3,0
4,8,0,3,2
4,8,0,3,2
4,8,0,3,1
4,8,0,3,4
4,8,0,3,3
4,8,0,3,4
4,8,0,3,5
4,8,0,3,0
4,8,0,3,4
4,8,0,3,2
4,8,0,3,1
4,8,0,3,3
4,8,0,3,5
4,8,0,3,7
4,8,0,3,4
4,8,0,3,0
4,9,0,3,0
4,9,0,3,0
4,9,0,3,6
4,9,0,3,1
4,9,0,3,1
4,9,0,3,0
4,9,0,3,1
4,9,0,3,1
4,9,0,3,1
4,9,0,3,1
4,9,0,3,2
4,9,0,3,0
4,9,0,3,5
4,9,0,3,0
4,9,0,3,3
4,9,0,3,0
4,9,0,3,2
4,9,0,3,5
4,9,0,3,2
4,9,0,3,2
4,9,0,3,2
4,9,0,3,1
4,9,0,3,5
4,9,0,3,3
4,9,0,3,1
4,9,0,3,1
4,9,0,3,0
4,9,0,3,1
4,9,0,3,4
4,9,0,3,0
4,9,0,3,0
4,9,0,3,1
4,9,0,3,2
4,9,0,3,1
4,9,0,3,0
4,9,0,3,1
4,9,0,3,2
4,9,0,3,0
4,9,0,3,1
4,9,0,3,1
4,9,0,3,2
4,9,0,3,6
4,9,0,3,6
4,9,1,1,9
4,9,0,3,1
4,9,0,3,4
4,9,0,3,4
4,9,0,3,1
4,9,0,3,3
4,9,0,3,2
4,9,0,3,2
4,9,0,3,1
4,9,0,3,6
4,9,0,3,1
4,9,0,3,1
4,9,0,3,7
4,9,0,3,4
4,9,0,3,2
4,9,0,3,0
4,9,0,3,2
4,9,0,3,0
4,9,0,3,1
4,9,0,3,3
4,9,0,3,4
4,9,0,3,5
4,9,0,3,0
4,9,0,3,3
4,9,0,3,4
4,9,0,3,1
4,9,0,3,2
4,9,0,3,4
4,9,0,3,3
4,9,0,3,2
4,9,0,3,0
4,9,0,3,2
4,9,0,3,4
4,9,0,3,4
4,9,0,3,0
4,9,0,3,1
4,9,0,3,0
4,9,0,3,3
4,9,0,3,1
4,9,0,3,4
4,9,0,3,6
4,9,0,3,3
4,9,0,3,3
4,9,0,3,1
4,9,0,3,0
4,9,1,0,9
4,9,0,3,1
4,9,0,3,1
4,9,0,3,2
4,9,0,3,1
4,9,0,3,2
4,9,0,3,2
4,9,0,3,3
4,9,0,3,2
4,9,0,3,2
4,9,0,3,2
4,9,0,3,0
4,10,0,3,0
4,10,0,3,1
4,10,0,3,7
4,10,0,3,0
4,10,0,3,5
4,10,0,3,3
4,10,0,3,7
4,10,0,3,7
4,10,0,3,4
4,10,0,3,5
4,10,0,3,2
4,10,0,3,1
4,10,0,3,1
4,10,0,3,5
4,10,0,3,3
4,10,0,3,1
4,10,0,3,1
4,10,0,3,0
4,10,0,3,1
4,10,0,3,2
4,10,0,3,0
4,10,0,3,1
4,10,0,3,4
4,10,0,3,3
4,10,0,3,4
4,10,0,3,4
4,10,0,3,7
4,10,1,1,10
4,10,0,3,1
4,10,0,3,1
4,10,0,3,2
4,10,0,3,0
4,10,0,3,0
4,10,0,3,3
4,10,0,3,1
4,10,0,3,4
4,10,0,3,8
4,10,0,3,0
4,10,0,3,3
4,10,0,3,2
4,10,0,3,1
4,10,0,3,5
4,10,0,3,0
4,10,0,3,1
4,10,0,3,0
4,10,0,3,5
4,10,0,3,0
4,10,1,1,10
4,10,0,3,1
4,10,0,3,1
4,10,0,3,2
4,10,1,2,10
4,10,0,3,1
4,10,0,3,7
4,10,0,3,1
4,10,0,3,7
4,10,0,3,0
4,10,0,3,1
4,10,0,3,5
4,10,1,1,10
4,10,0,3,3
4,10,0,3,6
4,10,0,3,1
4,10,0,3,3
4,10,0,3,0
4,10,0,3,0
4,10,0,3,0
4,10,0,3,1
4,10,0,3,3
4,10,0,3,1
4,10,0,3,0
4,10,0,3,2
4,10,0,3,1
4,10,0,3,7
4,10,0,3,1
4,10,0,3,3
4,10,0,3,6
4,10,0,3,1
4,10,0,3,1
4,10,0,3,4
4,10,0,3,2
4,10,0,3,1
4,10,0,3,0
4,10,0,3,8
4,10,1,2,10
4,10,0,3,1
4,10,0,3,2
4,10,0,3,0
4,10,0,3,1
4,10,0,3,0
4,10,0,3,5
4,10,0,3,3
4,10,0,3,4
4,10,0,3,0
4,10,0,3,0
4,10,0,3,0
4,10,0,3,2
4,10,0,3,1
4,10,0,3,3
4,10,0,3,8
4,11,0,3,2
4,11,0,3,3
4,11,0,3,1
4,11,0,3,5
4,11,0,3,0
4,11,0,3,1
4,11,0,3,3
4,11,0,3,3
4,11,0,3,5
4,11,0,3,6
4,11,0,3,1
4,11,0,3,2
4,11,0,3,2
4,11,0,3,1
4,11,0,3,5
4,11,0,3,2
4,11,0,3,4
4,11,0,3,6
4,11,0,3,0
4,11,0,3,2
4,11,0,3,0
4,11,0,3,0
4,11,0,3,3
4,11,0,3,1
4,11,0,3,1
4,11,0,3,1
4,11,0,3,1
4,11,0,3,2
4,11,0,3,4
4,11,0,3,7
4,11,0,3,2
4,11,0,3,7
4,11,0,3,0
4,11,0,3,5
4,11,0,3,2
4,11,0,3,4
4,11,0,3,5
4,11,0,3,0
4,11,0,3,3
4,11,0,3,3
4,11,0,3,4
4,11,0,3,2
4,11,0,3,1
4,11,0,3,5
4,11,0,3,2
4,11,0,3,1
4,11,0,3,7
4,11,0,3,6
4,11,0,3,3
4,11,0,3,1
4,11,0,3,4
4,11,0,3,0
4,11,0,3,2
4,11,0,3,2
4,11,0,3,2
4,11,0,3,0
4,11,0,3,5
4,11,0,3,2
4,11,0,3,2
4,11,0,3,3
4,11,0,3,0
4,11,0,3,1
4,11,0,3,5
4,11,0,3,1
4,11,0,3,3
4,11,0,3,4
4,11,0,3,2
4,11,0,3,2
4,11,0,3,0
4,11,0,3,3
4,11,0,3,0
4,11,0,3,3
4,11,0,3,1
4,11,0,3,6
4,11,0,3,1
4,11,0,3,3
4,11,0,3,0
4,11,0,3,2
4,11,0,3,0
4,11,0,3,5
4,11,0,3,2
4,11,1,0,11
4,11,0,3,3
4,11,0,3,0
4,11,0,3,4
4,11,0,3,4
4,11,0,3,1
4,11,0,3,2
4,11,0,3,3
4,11,0,3,1
4,11,0,3,1
4,11,0,3,2
4,11,0,3,0
4,11,0,3,3
4,11,0,3,3
4,11,0,3,4
4,11,0,3,0
4,11,0,3,3
4,11,0,3,4
4,11,0,3,4
4,12,0,3,1
4,12,0,3,0
4,12,0,3,1
4,12,0,3,2
4,12,0,3,1
4,12,0,3,4
4,12,0,3,1
4,12,0,3,0
4,12,0,3,3
4,12,0,3,2
4,12,0,3,3
4,12,0,3,2
4,12,0,3,3
4,12,0,3,5
4,12,0,3,2
4,12,0,3,2
4,12,0,3,4
4,12,0,3,5
4,12,0,3,1
4,12,0,3,1
4,12,0,3,0
4,12,0,3,4
4,12,0,3,2
4,12,0,3,1
4,12,0,3,1
4,12,0,3,4
4,12,0,3,0
4,12,0,3,0
4,12,0,3,8
4,12,0,3,3
4,12,0,3,1
4,12,0,3,0
4,12,0,3,2
4,12,0,3,4
4,12,1,1,12
4,12,0,3,1
4,12,0,3,2
4,12,0,3,3
4,12,0,3,0
4,12,0,3,1
4,12,0,3,1
4,12,0,3,2
4,12,0,3,6
4,12,0,3,1
4,12,0,3,1
4,12,0,3,3
4,12,0,3,2
4,12,0,3,5
4,12,0,3,2
4,12,0,3,0
4,12,0,3,1
4,12,0,3,1
4,12,0,3,1
4,12,0,3,3
4,12,0,3,10
4,12,0,3,0
4,12,0,3,2
4,12,0,3,7
4,12,0,3,5
4,12,0,3,1
4,12,0,3,1
4,12,0,3,1
4,12,0,3,2
4,12,0,3,4
4,12,0,3,9
4,12,0,3,2
4,12,0,3,1
4,12,0,3,8
4,12,0,3,3
4,12,0,3,0
4,12,0,3,3
4,12,0,3,0
4,12,0,3,1
4,12,0,3,1
4,12,0,3,5
4,12,0,3,2
4,12,0,3,4
4,12,0,3,1
4,12,0,3,2
4,12,0,3,1
4,12,0,3,0
4,12,0,3,0
4,12,0,3,1
4,12,0,3,2
4,12,0,3,2
4,12,0,3,4
4,12,0,3,2
4,12,0,3,1
4,12,0,3,6
4,12,0,3,3
4,12,0,3,0
4,12,0,3,0
4,12,0,3,0
4,12,0,3,0
4,12,0,3,0
4,12,0,3,1
4,12,0,3,5
4,12,0,3,6
4,12,0,3,0
4,12,0,3,4
4,13,0,3,1
4,13,0,3,6
4,13,0,3,2
4,13,0,3,1
4,13,0,3,2
4,13,0,3,3
4,13,0,3,1
4,13,0,3,2
4,13,0,3,2
4,13,0,3,3
4,13,0,3,1
4,13,0,3,1
4,13,0,3,0
4,13,0,3,1
4,13,0,3,0
4,13,0,3,2
4,13,0,3,0
4,13,0,3,3
4,13,0,3,4
4,13,0,3,1
4,13,0,3,1
4,13,0,3,4
4,13,0,3,2
4,13,0,3,6
4,13,0,3,5
4,13,0,3,1
4,13,0,3,2
4,13,0,3,3
4,13,0,3,2
4,13,0,3,2
4,13,0,3,2
4,13,0,3,9
4,13,0,3,9
4,13,0,3,1
4,13,0,3,1
4,13,0,3,3
4,13,0,3,2
4,13,0,3,0
4,13,0,3,0
4,13,0,3,1
4,13,1,2,13
4,13,0,3,0
4,13,0,3,2
4,13,0,3,3
4,13,0,3,1
4,13,0,3,3
4,13,0,3,3
4,13,0,3,8
4,13,0,3,7
4,13,0,3,4
4,13,0,3,0
4,13,0,3,4
4,13,0,3,0
4,13,0,3,0
4,13,0,3,11
4,13,0,3,0
4,13,0,3,3
4,13,0,3,1
4,13,0,3,3
4,13,0,3,3
4,13,0,3,3
4,13,0,3,0
4,13,0,3,0
4,13,0,3,5
4,13,0,3,2
4,13,0,3,1
4,13,0,3,5
4,13,0,3,1
4,13,0,3,4
4,13,0,3,0
4,13,0,3,5
4,13,0,3,3
4,13,0,3,3
4,13,0,3,1
4,13,0,3,0
4,13,0,3,1
4,13,0,3,0
4,13,0,3,4
4,13,0,3,1
4,13,0,3,0
4,13,0,3,5
4,13,0,3,0
4,13,0,3,0
4,13,0,3,0
4,13,0,3,1
4,13,0,3,1
4,13,0,3,1
4,13,0,3,3
4,13,0,3,3
4,13,0,3,2
4,13,0,3,2
4,13,0,3,6
4,13,0,3,6
4,13,0,3,5
4,13,0,3,1
4,13,0,3,3
4,13,0,3,1
4,13,0,3,0
4,13,0,3,3
4,13,0,3,2
4,14,0,3,0
4,14,0,3,4
4,14,0,3,0
4,14,0,3,1
4,14,0,3,1
4,14,0,3,4
4,14,0,3,0
4,14,0,3,0
4,14,0,3,2
4,14,0,3,2
4,14,0,3,3
4,14,0,3,2
4,14,0,3,4
4,14,0,3,3
4,14,0,3,3
4,14,0,3,2
4,14,0,3,0
4,14,0,3,1
4,14,0,3,4
4,14,0,3,4
4,14,0,3,1
4,14,0,3,4
4,14,0,3,2
4,14,0,3,1
4,14,0,3,0
4,14,0,3,3
4,14,0,3,0
4,14,0,3,2
4,14,0,3,0
4,14,0,3,2
4,14,0,3,7
4,14,0,3,1
4,14,0,3,5
4,14,0,3,5
4,14,0,3,3
4,14,0,3,2
4,14,0,3,4
4,14,0,3,0
4,14,0,3,1
4,14,0,3,0
4,14,0,3,0
4,14,0,3,6
4,14,0,3,4
4,14,0,3,1
4,14,0,3,2
4,14,0,3,1
4,14,0,3,1
4,14,0,3,0
4,14,0,3,2
4,14,0,3,3
4,14,0,3,1
4,14,0,3,3
4,14,0,3,4
4,14,0,3,5
4,14,0,3,6
4,14,0,3,0
4,14,0,3,0
4,14,0,3,2
4,14,0,3,1
4,14,0,3,2
4,14,0,3,4
4,14,0,3,3
4,14,0,3,0
4,14,0,3,2
4,14,0,3,7
4,14,0,3,2
4,14,0,3,2
4,14,0,3,5
4,14,0,3,1
4,14,0,3,2
4,14,0,3,2
4,14,0,3,0
4,14,0,3,2
4,14,0,3,7
4,14,0,3,1
4,14,0,3,1
4,14,0,3,4
4,14,0,3,0
4,14,0,3,1
4,14,0,3,0
4,14,0,3,0
4,14,0,3,4
4,14,0,3,0
4,14,0,3,0
4,14,0,3,5
4,14,0,3,2
4,14,0,3,4
4,14,0,3,1
4,14,0,3,2
4,14,0,3,4
4,14,0,3,3
4,14,0,3,1
4,14,0,3,6
4,14,0,3,3
4,14,0,3,6
4,14,0,3,4
4,14,0,3,2
4,14,0,3,0
4,14,0,3,2
4,14,0,3,0
4,15,0,3,2
4,15,0,3,4
4,15,0,3,1
4,15,0,3,2
4,15,0,3,5
4,15,0,3,0
4,15,0,3,0
4,15,0,3,1
4,15,0,3,1
4,15,0,3,0
4,15,0,3,0
4,15,0,3,1
4,15,0,3,10
4,15,0,3,0
4,15,0,3,1
4,15,0,3,5
4,15,0,3,0
4,15,0,3,3
4,15,0,3,2
4,15,0,3,9
4,15,0,3,1
4,15,0,3,1
4,15,0,3,4
4,15,0,3,4
4,15,0,3,0
4,15,0,3,0
4,15,0,3,2
4,15,0,3,2
4,15,0,3,1
4,15,0,3,1
4,15,0,3,1
4,15,0,3,0
4,15,0,3,0
4,15,0,3,3
4,15,0,3,4
4,15,0,3,0
4,15,0,3,1
4,15,0,3,4
4,15,0,3,2
4,15,0,3,3
4,15,0,3,2
4,15,0,3,0
4,15,0,3,1
4,15,0,3,1
4,15,0,3,1
4,15,0,3,3
4,15,0,3,2
4,15,0,3,1
4,15,0,3,0
4,15,0,3,1
4,15,0,3,1
4,15,0,3,0
4,15,0,3,2
4,15,0,3,2
4,15,0,3,0
4,15,0,3,5
4,15,0,3,2
4,15,0,3,4
4,15,0,3,6
4,15,0,3,6
4,15,0,3,2
4,15,0,3,0
4,15,0,3,2
4,15,0,3,2
4,15,0,3,8
4,15,0,3,0
4,15,0,3,2
4,15,0,3,1
4,15,0,3,0
4,15,0,3,2
4,15,0,3,1
4,15,0,3,4
4,15,0,3,3
4,15,0,3,1
4,15,0,3,2
4,15,0,3,7
4,15,0,3,0
4,15,0,3,2
4,15,0,3,1
4,15,0,3,3
4,15,0,3,1
4,15,0,3,1
4,15,0,3,4
4,15,0,3,0
4,15,0,3,6
4,15,0,3,0
4,15,0,3,0
4,15,0,3,5
4,15,0,3,1
4,15,0,3,1
4,15,0,3,6
4,15,0,3,0
4,15,0,3,1
4,15,0,3,1
4,15,0,3,3
4,15,0,3,1
4,15,0,3,9
4,15,0,3,0
4,15,0,3,2
4,15,0,3,3
4,16,0,3,9
4,16,0,3,3
4,16,0,3,0
4,16,0,3,0
4,16,0,3,1
4,16,0,3,0
4,16,0,3,3
4,16,0,3,0
4,16,0,3,5
4,16,0,3,3
4,16,0,3,3
4,16,0,3,4
4,16,0,3,4
4,16,0,3,6
4,16,0,3,0
4,16,0,3,10
4,16,0,3,2
4,16,0,3,3
4,16,0,3,1
4,16,0,3,0
4,16,0,3,2
4,16,0,3,2
4,16,0,3,2
4,16,0,3,3
4,16,0,3,2
4,16,0,3,1
4,16,0,3,7
4,16,0,3,0
4,16,0,3,0
4,16,0,3,3
4,16,0,3,1
4,16,0,3,0
4,16,0,3,0
4,16,0,3,0
4,16,0,3,1
4,16,0,3,5
4,16,0,3,1
4,16,0,3,0
4,16,0,3,1
4,16,0,3,3
4,16,0,3,1
4,16,0,3,1
4,16,0,3,2
4,16,0,3,1
4,16,0,3,0
4,16,0,3,1
4,16,0,3,1
4,16,0,3,4
4,16,0,3,3
4,16,0,3,8
4,16,0,3,4
4,16,0,3,2
4,16,0,3,2
4,16,0,3,1
4,16,0,3,6
4,16,0,3,3
4,16,0,3,2
4,16,0,3,2
4,16,0,3,5
4,16,0,3,1
4,16,0,3,4
4,16,0,3,4
4,16,0,3,0
4,16,0,3,5
4,16,0,3,1
4,16,0,3,2
4,16,0,3,1
4,16,0,3,1
4,16,0,3,3
4,16,0,3,1
4,16,0,3,1
4,16,0,3,10
4,16,0,3,6
4,16,0,3,0
4,16,0,3,0
4,16,0,3,2
4,16,0,3,2
4,16,0,3,0
4,16,0,3,4
4,16,0,3,2
4,16,0,3,3
4,16,0,3,2
4,16,0,3,8
4,16,0,3,2
4,16,0,3,2
4,16,0,3,3
4,16,0,3,0
4,16,0,3,0
4,16,0,3,4
4,16,0,3,3
4,16,0,3,5
4,16,0,3,1
4,16,0,3,0
4,16,0,3,1
4,16,0,3,0
4,16,0,3,3
4,16,0,3,6
4,16,0,3,0
4,16,0,3,4
4,16,0,3,5
4,17,0,3,2
4,17,0,3,0
4,17,0,3,6
4,17,0,3,0
4,17,0,3,0
4,17,0,3,1
4,17,0,3,0
4,17,0,3,5
4,17,0,3,0
4,17,0,3,4
4,17,0,3,2
4,17,0,3,4
4,17,0,3,5
4,17,0,3,5
4,17,0,3,1
4,17,0,3,3
4,17,0,3,0
4,17,0,3,1
4,17,0,3,1
4,17,0,3,2
4,17,0,3,7
4,17,0,3,6
4,17,0,3,1
4,17,0,3,3
4,17,0,3,0
4,17,0,3,0
4,17,0,3,1
4,17,0,3,0
4,17,0,3,1
4,17,0,3,3
4,17,0,3,3
4,17,0,3,6
4,17,0,3,7
4,17,0,3,9
4,17,0,3,0
4,17,0,3,2
4,17,0,3,1
4,17,0,3,7
4,17,0,3,3
4,17,0,3,4
4,17,0,3,2
4,17,0,3,0
4,17,0,3,3
4,17,0,3,2
4,17,0,3,5
4,17,0,3,2
4,17,0,3,4
4,17,0,3,1
4,17,0,3,6
4,17,0,3,12
4,17,0,3,1
4,17,0,3,4
4,17,0,3,3
4,17,0,3,3
4,17,0,3,8
4,17,0,3,4
4,17,0,3,0
4,17,0,3,5
4,17,0,3,3
4,17,0,3,1
4,17,0,3,0
4,17,0,3,9
4,17,0,3,0
4,17,0,3,0
4,17,0,3,1
4,17,0,3,3
4,17,0,3,1
4,17,0,3,1
4,17,0,3,5
4,17,0,3,2
4,17,0,3,0
4,17,0,3,3
4,17,0,3,3
4,17,0,3,2
4,17,0,3,2
4,17,0,3,1
4,17,0,3,3
4,17,0,3,2
4,17,0,3,3
4,17,0,3,2
4,17,0,3,0
4,17,0,3,1
4,17,0,3,1
4,17,0,3,0
4,17,0,3,2
4,17,0,3,2
4,17,0,3,1
4,17,0,3,10
4,17,0,3,0
4,17,0,3,3
4,17,0,3,4
4,17,0,3,1
4,17,0,3,0
4,17,0,3,2
4,17,0,3,6
4,17,0,3,2
4,17,0,3,2
4,17,0,3,4
4,17,0,3,1
4,17,0,3,0
4,18,0,3,3
4,18,0,3,2
4,18,0,3,3
4,18,0,3,2
4,18,0,3,4
4,18,0,3,3
4,18,0,3,2
4,18,0,3,0
4,18,0,3,2
4,18,0,3,0
4,18,0,3,0
4,18,0,3,6
4,18,0,3,3
4,18,0,3,3
4,18,0,3,15
4,18,0,3,8
4,18,0,3,5
4,18,0,3,6
4,18,0,3,0
4,18,0,3,6
4,18,0,3,2
4,18,0,3,5
4,18,0,3,0
4,18,0,3,3
4,18,0,3,2
4,18,0,3,8
4,18,0,3,1
4,18,0,3,5
4,18,0,3,1
4,18,0,3,0
4,18,0,3,0
4,18,0,3,4
4,18,0,3,1
4,18,0,3,0
4,18,0,3,2
4,18,0,3,4
4,18,0,3,4
4,18,0,3,3
4,18,0,3,0
4,18,0,3,5
4,18,0,3,0
4,18,0,3,1
4,18,0,3,0
4,18,0,3,1
4,18,0,3,1
4,18,0,3,0
4,18,0,3,10
4,18,0,3,1
4,18,0,3,2
4,18,0,3,2
4,18,0,3,2
4,18,0,3,0
4,18,0,3,4
4,18,0,3,6
4,18,0,3,1
4,18,0,3,0
4,18,0,3,2
4,18,0,3,2
4,18,0,3,3
4,18,0,3,0
4,18,0,3,2
4,18,0,3,2
4,18,0,3,2
4,18,0,3,4
4,18,0,3,1
4,18,0,3,0
4,18,0,3,2
4,18,0,3,2
4,18,0,3,7
4,18,0,3,4
4,18,0,3,4
4,18,0,3,2
4,18,0,3,3
4,18,0,3,2
4,18,0,3,3
4,18,0,3,1
4,18,0,3,2
4,18,0,3,1
4,18,0,3,5
4,18,0,3,2
4,18,0,3,1
4,18,0,3,4
4,18,0,3,3
4,18,0,3,3
4,18,0,3,4
4,18,0,3,0
4,18,0,3,3
4,18,0,3,1
4,18,0,3,2
4,18,0,3,1
4,18,0,3,1
4,18,0,3,3
4,18,0,3,0
4,18,0,3,4
4,18,0,3,15
4,18,0,3,0
4,18,0,3,2
4,18,0,3,1
4,18,0,3,0
4,18,0,3,8
4,19,0,3,6
4,19,0,3,5
4,19,0,3,0
4,19,0,3,1
4,19,0,3,0
4,19,0,3,2
4,19,0,3,2
4,19,0,3,13
4,19,0,3,1
4,19,0,3,5
4,19,0,3,0
4,19,0,3,1
4,19,0,3,2
4,19,0,3,3
4,19,0,3,2
4,19,0,3,1
4,19,0,3,5
4,19,0,3,3
4,19,0,3,3
4,19,0,3,2
4,19,0,3,15
4,19,0,3,3
4,19,0,3,4
4,19,0,3,1
4,19,0,3,2
4,19,0,3,2
4,19,0,3,2
4,19,0,3,0
4,19,0,3,4
4,19,0,3,3
4,19,0,3,7
4,19,0,3,7
4,19,0,3,0
4,19,0,3,2
4,19,0,3,0
4,19,0,3,2
4,19,0,3,0
4,19,0,3,1
4,19,0,3,0
4,19,0,3,2
4,19,0,3,3
4,19,0,3,2
4,19,0,3,0
4,19,0,3,3
4,19,0,3,3
4,19,0,3,0
4,19,0,3,1
4,19,0,3,0
4,19,0,3,7
4,19,0,3,7
4,19,0,3,5
4,19,0,3,3
4,19,0,3,2
4,19,0,3,1
4,19,0,3,0
4,19,0,3,8
4,19,0,3,0
4,19,0,3,3
4,19,0,3,0
4,19,0,3,11
4,19,0,3,3
4,19,0,3,1
4,19,0,3,0
4,19,0,3,0
4,19,0,3,2
4,19,0,3,1
4,19,0,3,0
4,19,0,3,3
4,19,0,3,2
4,19,0,3,4
4,19,0,3,3
4,19,0,3,1
4,19,0,3,0
4,19,0,3,2
4,19,0,3,2
4,19,0,3,0
4,19,0,3,2
4,19,0,3,4
4,19,0,3,0
4,19,0,3,0
4,19,0,3,6
4,19,0,3,4
4,19,0,3,1
4,19,0,3,2
4,19,0,3,0
4,19,0,3,2
4,19,0,3,1
4,19,0,3,2
4,19,0,3,0
4,19,0,3,2
4,19,0,3,3
4,19,0,3,4
4,19,0,3,2
4,19,0,3,4
4,19,0,3,0
4,19,0,3,2
4,19,0,3,0
4,19,0,3,2
4,19,0,3,8
4,19,0,3,6
4,20,0,3,2
4,20,0,3,3
4,20,0,3,5
4,20,0,3,1
4,20,0,3,2
4,20,0,3,3
4,20,0,3,2
4,20,0,3,2
4,20,0,3,2
4,20,0,3,0
4,20,0,3,8
4,20,0,3,7
4,20,0,3,0
4,20,0,3,2
4,20,0,3,0
4,20,0,3,7
4,20,0,3,3
4,20,0,3,5
4,20,0,3,4
4,20,0,3,1
4,20,0,3,0
4,20,0,3,5
4,20,0,3,0
4,20,0,3,7
4,20,0,3,2
4,20,0,3,1
4,20,0,3,2
4,20,0,3,3
4,20,0,3,1
4,20,0,3,3
4,20,0,3,3
4,20,0,3,5
4,20,0,3,0
4,20,0,3,0
4,20,0,3,3
4,20,0,3,0
4,20,0,3,3
4,20,0,3,1
4,20,0,3,0
4,20,0,3,1
4,20,0,3,0
4,20,0,3,7
4,20,0,3,2
4,20,0,3,0
4,20,0,3,1
4,20,0,3,7
4,20,0,3,1
4,20,0,3,2
4,20,0,3,3
4,20,0,3,2
4,20,0,3,5
4,20,0,3,6
4,20,0,3,1
4,20,0,3,2
4,20,0,3,13
4,20,0,3,1
4,20,0,3,1
4,20,0,3,3
4,20,0,3,1
4,20,0,3,4
4,20,0,3,4
4,20,0,3,1
4,20,0,3,3
4,20,0,3,4
4,20,0,3,4
4,20,0,3,1
4,20,0,3,6
4,20,0,3,3
4,20,0,3,4
4,20,0,3,0
4,20,0,3,2
4,20,0,3,4
4,20,0,3,11
4,20,0,3,2
4,20,0,3,14
4,20,0,3,7
4,20,0,3,6
4,20,0,3,7
4,20,0,3,5
4,20,0,3,4
4,20,0,3,1
4,20,0,3,5
4,20,0,3,7
4,20,0,3,5
4,20,0,3,2
4,20,0,3,1
4,20,0,3,1
4,20,0,3,3
4,20,0,3,2
4,20,0,3,6
4,20,0,3,0
4,20,0,3,1
4,20,0,3,1
4,20,0,3,1
4,20,0,3,0
4,20,0,3,0
4,20,0,3,4
4,20,0,3,0
4,20,0,3,8
4,20,0,3,2
5,1,1,0,1
5,1,1,1,1
5,1,1,1,1
5,1,1,1,1
5,1,1,0,1
5,1,1,0,1
5,1,1,0,1
5,1,1,0,1
5,1,1,1,1
5,1,1,1,1
5,1,1,0,1
5,1,1,2,1
5,1,1,2,1
5,1,1,0,1
5,1,1,1,1
5,1,1,0,1
5,1,1,1,1
5,1,1,0,1
5,1,1,0,1
5,1,1,0,1
5,1,1,0,1
5,1,1,0,1
5,1,0,4,0
5,1,1,0,1
5,1,1,3,1
5,1,1,0,1
5,1,1,2,1
5,1,1,2,1
5,1,1,0,1
5,1,1,0,1
5,1,1,0,1
5,1,1,0,1
5,1,1,0,1
5,1,1,0,1
5,1,1,1,1
5,1,1,1,1
5,1,1,0,1
5,1,1,0,1
5,1,1,0,1
5,1,1,1,1
5,1,1,1,1
5,1,1,0,1
5,1,1,2,1
5,1,1,0,1
5,1,1,0,1
5,1,1,1,1
5,1,1,2,1
5,1,1,0,1
5,1,1,0,1
5,1,1,0,1
5,1,1,1,1
5,1,1,0,1
5,1,1,1,1
5,1,1,0,1
5,1,1,0,1
5,1,1,0,1
5,1,1,1,1
5,1,1,0,1
5,1,1,3,1
5,1,1,3,1
5,1,1,0,1
5,1,1,2,1
5,1,1,0,1
5,1,1,0,1
5,1,1,1,1
5,1,1,0,1
5,1,1,1,1
5,1,1,0,1
5,1,1,0,1
5,1,0,4,0
5,1,1,0,1
5,1,1,0,1
5,1,1,0,1
5,1,1,0,1
5,1,1,0,1
5,1,1,0,1
5,1,1,0,1
5,1,1,3,1
5,1,0,4,0
5,1,1,0,1
5,1,1,3,1
5,1,1,0,1
5,1,1,0,1
5,1,1,0,1
5,1,1,1,1
5,1,1,1,1
5,1,1,1,1
5,1,1,0,1
5,1,1,0,1
5,1,1,1,1
5,1,1,3,1
5,1,1,2,1
5,1,1,0,1
5,1,1,0,1
5,1,1,2,1
5,1,1,0,1
5,1,1,0,1
5,1,1,0,1
5,1,1,0,1
5,1,1,0,1
5,2,0,4,1
5,2,1,1,2
5,2,1,1,2
5,2,0,4,1
5,2,1,1,2
5,2,1,1,2
5,2,1,1,2
5,2,0,4,0
5,2,1,0,2
5,2,1,1,2
5,2,0,4,0
5,2,0,4,0
5,2,1,1,2
5,2,1,2,2
5,2,1,1,2
5,2,0,4,0
5,2,1,0,2
5,2,1,2,2
5,2,0,4,1
5,2,1,0,2
5,2,1,1,2
5,2,1,1,2
5,2,1,0,2
5,2,0,4,1
5,2,0,4,1
5,2,1,1,2
5,2,0,4,1
5,2,1,0,2
5,2,1,0,2
5,2,1,0,2
5,2,1,2,2
5,2,1,0,2
5,2,1,2,2
5,2,1,0,2
5,2,1,2,2
5,2,1,2,2
5,2,1,3,2
5,2,1,0,2
5,2,1,0,2
5,2,1,0,2
5,2,0,4,0
5,2,1,1,2
5,2,1,1,2
5,2,1,2,2
5,2,1,1,2
5,2,1,1,2
5,2,0,4,0
5,2,1,0,2
5,2,1,2,2
5,2,1,1,2
5,2,0,4,0
5,2,0,4,0
5,2,1,3,2
5,2,0,4,1
5,2,0,4,0
5,2,1,0,2
5,2,1,0,2
5,2,1,1,2
5,2,1,0,2
5,2,1,0,2
5,2,0,4,0
5,2,1,0,2
5,2,0,4,0
5,2,1,0,2
5,2,0,4,0
5,2,1,1,2
5,2,1,0,2
5,2,1,3,2
5,2,1,0,2
5,2,1,1,2
5,2,1,3,2
5,2,0,4,1
5,2,1,1,2
5,2,0,4,1
5,2,1,0,2
5,2,1,1,2
5,2,1,0,2
5,2,1,2,2
5,2,1,1,2
5,2,1,1,2
5,2,1,0,2
5,2,0,4,1
5,2,0,4,0
5,2,0,4,0
5,2,1,0,2
5,2,1,1,2
5,2,1,2,2
5,2,1,1,2
5,2,1,1,2
5,2,0,4,1
5,2,1,0,2
5,2,1,0,2
5,2,0,4,1
5,2,0,4,0
5,2,1,2,2
5,2,0,4,0
5,2,1,2,2
5,2,1,1,2
5,2,1,2,2
5,2,1,0,2
5,3,1,1,3
5,3,0,4,1
5,3,0,4,1
5,3,1,0,3
5,3,1,0,3
5,3,0,4,2
5,3,1,1,3
5,3,1,2,3
5,3,1,0,3
5,3,1,1,3
5,3,1,2,3
5,3,0,4,2
5,3,1,1,3
5,3,1,1,3
5,3,1,3,3
5,3,0,4,0
5,3,1,2,3
5,3,1,2,3
5,3,0,4,1
5,3,0,4,1
5,3,0,4,2
5,3,1,3,3
5,3,1,2,3
5,3,0,4,0
5,3,1,0,3
5,3,1,2,3
5,3,0,4,1
5,3,0,4,1
5,3,1,1,3
5,3,1,2,3
5,3,0,4,2
5,3,0,4,1
5,3,0,4,2
5,3,1,1,3
5,3,0,4,2
5,3,1,1,3
5,3,1,1,3
5,3,1,0,3
5,3,1,1,3
5,3,1,1,3
5,3,1,0,3
5,3,0,4,0
5,3,1,0,3
5,3,1,3,3
5,3,0,4,2
5,3,1,2,3
5,3,0,4,0
5,3,1,0,3
5,3,0,4,0
5,3,0,4,1
5,3,1,0,3
5,3,1,2,3
5,3,1,1,3
5,3,1,1,3
5,3,0,4,2
5,3,1,1,3
5,3,1,0,3
5,3,1,0,3
5,3,0,4,0
5,3,1,0,3
5,3,1,0,3
5,3,0,4,0
5,3,1,0,3
5,3,0,4,2
5,3,1,0,3
5,3,1,0,3
5,3,0,4,2
5,3,1,0,3
5,3,1,1,3
5,3,1,1,3
5,3,0,4,1
5,3,0,4,1
5,3,1,1,3
5,3,0,4,1
5,3,1,2,3
5,3,1,0,3
5,3,0,4,1
5,3,1,1,3
5,3,1,0,3
5,3,1,1,3
5,3,0,4,1
5,3,1,0,3
5,3,0,4,1
5,3,1,2,3
5,3,1,3,3
5,3,1,1,3
5,3,1,0,3
5,3,0,4,0
5,3,0,4,0
5,3,1,2,3
5,3,1,0,3
5,3,1,1,3
5,3,1,0,3
5,3,1,2,3
5,3,1,0,3
5,3,1,3,3
5,3,0,4,2
5,3,1,2,3
5,3,1,0,3
5,3,0,4,1
5,4,0,4,3
5,4,1,0,4
5,4,0,4,2
5,4,0,4,0
5,4,0,4,2
5,4,0,4,0
5,4,1,1,4
5,4,0,4,2
5,4,0,4,3
5,4,1,2,4
5,4,0,4,1
5,4,0,4,0
5,4,1,0,4
5,4,0,4,2
5,4,0,4,2
5,4,0,4,1
5,4,1,2,4
5,4,0,4,1
5,4,1,1,4
5,4,1,0,4
5,4,1,1,4
5,4,1,0,4
5,4,0,4,2
5,4,1,1,4
5,4,0,4,0
5,4,0,4,1
5,4,0,4,3
5,4,1,2,4
5,4,0,4,1
5,4,1,1,4
5,4,1,2,4
5,4,0,4,1
5,4,0,4,2
5,4,0,4,0
5,4,0,4,1
5,4,0,4,0
5,4,1,2,4
5,4,1,1,4
5,4,0,4,0
5,4,1,1,4
5,4,0,4,2
5,4,0,4,1
5,4,1,2,4
5,4,0,4,3
5,4,1,3,4
5,4,0,4,1
5,4,1,2,4
5,4,0,4,3
5,4,0,4,1
5,4,1,2,4
5,4,1,1,4
5,4,1,1,4
5,4,0,4,1
5,4,1,3,4
5,4,0,4,2
5,4,0,4,2
5,4,1,1,4
5,4,1,0,4
5,4,1,1,4
5,4,1,1,4
5,4,1,1,4
5,4,0,4,2
5,4,0,4,0
5,4,1,0,4
5,4,1,2,4
5,4,0,4,1
5,4,1,1,4
5,4,1,0,4
5,4,0,4,1
5,4,0,4,1
5,4,0,4,1
5,4,1,1,4
5,4,1,1,4
5,4,0,4,3
5,4,0,4,0
5,4,0,4,1
5,4,1,1,4
5,4,1,1,4
5,4,0,4,2
5,4,0,4,0
5,4,1,1,4
5,4,1,1,4
5,4,1,0,4
5,4,1,2,4
5,4,0,4,3
5,4,1,3,4
5,4,0,4,2
5,4,1,1,4
5,4,1,2,4
5,4,0,4,1
5,4,0,4,1
5,4,0,4,2
5,4,0,4,1
5,4,1,2,4
5,4,1,3,4
5,4,0,4,0
5,4,0,4,1
5,4,0,4,1
5,4,1,0,4
5,4,1,3,4
5,5,0,4,4
5,5,1,1,5
5,5,1,2,5
5,5,0,4,0
5,5,0,4,2
5,5,0,4,1
5,5,1,1,5
5,5,1,0,5
5,5,1,2,5
5,5,0,4,2
5,5,1,3,5
5,5,0,4,3
5,5,0,4,2
5,5,0,4,0
5,5,1,1,5
5,5,0,4,4
5,5,0,4,3
5,5,0,4,1
5,5,0,4,0
5,5,1,1,5
5,5,1,1,5
5,5,1,1,5
5,5,0,4,3
5,5,0,4,0
5,5,0,4,0
5,5,0,4,1
5,5,1,3,5
5,5,0,4,1
5,5,0,4,3
5,5,0,4,1
5,5,0,4,1
5,5,1,2,5
5,5,1,3,5
5,5,0,4,0
5,5,1,2,5
5,5,0,4,1
5,5,1,1,5
5,5,0,4,3
5,5,0,4,1
5,5,1,0,5
5,5,0,4,1
5,5,0,4,2
5,5,1,1,5
5,5,0,4,4
5,5,0,4,0
5,5,1,2,5
5,5,1,3,5
5,5,0,4,0
5,5,0,4,2
5,5,0,4,2
5,5,0,4,2
5,5,0,4,2
5,5,0,4,3
5,5,1,1,5
5,5,0,4,3
5,5,0,4,1
5,5,0,4,0
5,5,0,4,0
5,5,1,1,5
5,5,0,4,1
5,5,1,3,5
5,5,0,4,0
5,5,0,4,3
5,5,0,4,2
5,5,0,4,1
5,5,0,4,2
5,5,0,4,2
5,5,1,1,5
5,5,1,0,5
5,5,0,4,3
5,5,1,1,5
5,5,0,4,2
5,5,0,4,0
5,5,0,4,2
5,5,0,4,2
5,5,0,4,1
5,5,0,4,3
5,5,0,4,2
5,5,0,4,0
5,5,0,4,1
5,5,0,4,2
5,5,0,4,4
5,5,1,3,5
5,5,1,0,5
5,5,0,4,2
5,5,0,4,1
5,5,1,3,5
5,5,0,4,3
5,5,0,4,4
5,5,1,2,5
5,5,0,4,1
5,5,0,4,0
5,5,0,4,0
5,5,0,4,1
5,5,0,4,0
5,5,0,4,2
5,5,0,4,2
5,5,1,0,5
5,5,0,4,4
5,5,1,1,5
5,6,0,4,4
5,6,0,4,3
5,6,0,4,2
5,6,1,2,6
5,6,0,4,0
5,6,0,4,4
5,6,0,4,0
5,6,0,4,2
5,6,0,4,4
5,6,0,4,1
5,6,0,4,0
5,6,0,4,4
5,6,1,0,6
5,6,0,4,1
5,6,0,4,0
5,6,1,1,6
5,6,0,4,1
5,6,0,4,2
5,6,1,0,6
5,6,0,4,1
5,6,0,4,0
5,6,0,4,4
5,6,0,4,4
5,6,1,2,6
5,6,0,4,1
5,6,0,4,3
5,6,1,2,6
5,6,0,4,2
5,6,1,1,6
5,6,0,4,2
5,6,0,4,2
5,6,0,4,5
5,6,1,1,6
5,6,0,4,1
5,6,0,4,5
5,6,0,4,3
5,6,0,4,3
5,6,0,4,2
5,6,0,4,3
5,6,0,4,0
5,6,0,4,0
5,6,0,4,2
5,6,1,3,6
5,6,1,0,6
5,6,0,4,2
5,6,1,1,6
5,6,1,1,6
5,6,0,4,0
5,6,0,4,5
5,6,0,4,1
5,6,0,4,1
5,6,0,4,2
5,6,0,4,1
5,6,0,4,2
5,6,0,4,2
5,6,1,1,6
5,6,1,2,6
5,6,0,4,2
5,6,0,4,4
5,6,0,4,0
5,6,0,4,2
5,6,0,4,2
5,6,1,1,6
5,6,0,4,2
5,6,0,4,5
5,6,1,2,6
5,6,1,1,6
5,6,1,1,6
5,6,1,1,6
5,6,0,4,1
5,6,0,4,2
5,6,0,4,3
5,6,0,4,2
5,6,0,4,2
5,6,0,4,2
5,6,0,4,2
5,6,0,4,2
5,6,0,4,1
5,6,1,3,6
5,6,0,4,2
5,6,0,4,0
5,6,0,4,2
5,6,0,4,5
5,6,1,2,6
5,6,0,4,5
5,6,0,4,1
5,6,1,2,6
5,6,0,4,1
5,6,0,4,1
5,6,0,4,3
5,6,0,4,1
5,6,1,1,6
5,6,1,1,6
5,6,0,4,1
5,6,0,4,5
5,6,0,4,0
5,6,1,3,6
5,6,0,4,1
5,6,0,4,2
5,6,0,4,4
5,7,0,4,4
5,7,0,4,1
5,7,0,4,6
5,7,0,4,3
5,7,0,4,3
5,7,0,4,4
5,7,0,4,4
5,7,1,2,7
5,7,0,4,3
5,7,0,4,1
5,7,1,3,7
5,7,0,4,0
5,7,0,4,3
5,7,0,4,6
5,7,0,4,4
5,7,0,4,3
5,7,0,4,4
5,7,1,2,7
5,7,0,4,0
5,7,0,4,0
5,7,0,4,4
5,7,0,4,5
5,7,0,4,0
5,7,1,1,7
5,7,0,4,0
5,7,0,4,6
5,7,1,3,7
5,7,1,2,7
5,7,0,4,0
5,7,1,2,7
5,7,0,4,4
5,7,0,4,1
5,7,0,4,4
5,7,0,4,0
5,7,0,4,2
5,7,1,3,7
5,7,0,4,1
5,7,0,4,1
5,7,0,4,4
5,7,0,4,3
5,7,0,4,3
5,7,0,4,1
5,7,0,4,5
5,7,1,3,7
5,7,0,4,2
5,7,1,1,7
5,7,0,4,3
5,7,0,4,3
5,7,0,4,3
5,7,0,4,1
5,7,0,4,4
5,7,0,4,3
5,7,1,1,7
5,7,0,4,5
5,7,0,4,5
5,7,0,4,3
5,7,0,4,0
5,7,0,4,4
5,7,0,4,4
5,7,0,4,0
5,7,0,4,0
5,7,0,4,3
5,7,0,4,0
5,7,0,4,3
5,7,0,4,4
5,7,0,4,4
5,7,0,4,0
5,7,0,4,5
5,7,0,4,2
5,7,0,4,3
5,7,0,4,0
5,7,0,4,4
5,7,0,4,0
5,7,0,4,4
5,7,0,4,1
5,7,0,4,2
5,7,0,4,0
5,7,1,2,7
5,7,0,4,1
5,7,0,4,2
5,7,0,4,5
5,7,0,4,6
5,7,0,4,2
5,7,0,4,4
5,7,0,4,2
5,7,1,1,7
5,7,0,4,1
5,7,0,4,1
5,7,0,4,4
5,7,0,4,2
5,7,0,4,6
5,7,0,4,4
5,7,0,4,0
5,7,0,4,1
5,7,1,2,7
5,7,0,4,4
5,7,1,0,7
5,7,0,4,4
5,7,0,4,3
5,7,0,4,4
5,8,1,1,8
5,8,0,4,5
5,8,0,4,2
5,8,0,4,3
5,8,0,4,5
5,8,0,4,3
5,8,0,4,2
5,8,0,4,2
5,8,0,4,2
5,8,0,4,2
5,8,0,4,0
5,8,0,4,6
5,8,0,4,6
5,8,0,4,5
5,8,1,3,8
5,8,0,4,2
5,8,0,4,5
5,8,0,4,4
5,8,0,4,2
5,8,1,3,8
5,8,0,4,7
5,8,0,4,3
5,8,0,4,6
5,8,0,4,2
5,8,0,4,0
5,8,0,4,4
5,8,1,0,8
5,8,0,4,1
5,8,0,4,2
5,8,0,4,2
5,8,0,4,2
5,8,0,4,5
5,8,0,4,4
5,8,0,4,3
5,8,0,4,1
5,8,0,4,2
5,8,0,4,5
5,8,0,4,6
5,8,0,4,5
5,8,0,4,4
5,8,0,4,6
5,8,0,4,0
5,8,0,4,0
5,8,0,4,2
5,8,0,4,4
5,8,0,4,2
5,8,0,4,0
5,8,0,4,4
5,8,1,3,8
5,8,0,4,3
5,8,0,4,1
5,8,0,4,2
5,8,0,4,4
5,8,0,4,3
5,8,0,4,0
5,8,0,4,3
5,8,0,4,3
5,8,1,2,8
5,8,0,4,0
5,8,0,4,3
5,8,0,4,1
5,8,1,3,8
5,8,0,4,4
5,8,0,4,0
5,8,0,4,2
5,8,0,4,4
5,8,0,4,5
5,8,0,4,0
5,8,0,4,6
5,8,1,2,8
5,8,0,4,4
5,8,0,4,2
5,8,0,4,4
5,8,0,4,1
5,8,1,1,8
5,8,0,4,2
5,8,0,4,6
5,8,0,4,2
5,8,0,4,3
5,8,0,4,2
5,8,0,4,7
5,8,0,4,0
5,8,0,4,4
5,8,0,4,2
5,8,0,4,5
5,8,1,2,8
5,8,0,4,3
5,8,0,4,1
5,8,0,4,1
5,8,0,4,0
5,8,0,4,1
5,8,0,4,5
5,8,0,4,0
5,8,0,4,1
5,8,0,4,1
5,8,0,4,4
5,8,0,4,7
5,8,0,4,2
5,8,0,4,5
5,8,0,4,4
5,9,0,4,1
5,9,0,4,4
5,9,0,4,6
5,9,0,4,3
5,9,0,4,3
5,9,0,4,1
5,9,0,4,2
5,9,0,4,3
5,9,0,4,0
5,9,1,2,9
5,9,0,4,1
5,9,0,4,4
5,9,0,4,4
5,9,0,4,2
5,9,0,4,1
5,9,0,4,6
5,9,0,4,5
5,9,0,4,2
5,9,0,4,2
5,9,0,4,2
5,9,0,4,1
5,9,0,4,4
5,9,0,4,3
5,9,0,4,3
5,9,0,4,4
5,9,0,4,3
5,9,0,4,0
5,9,0,4,2
5,9,0,4,0
5,9,0,4,2
5,9,0,4,2
5,9,1,1,9
5,9,0,4,2
5,9,0,4,3
5,9,0,4,4
5,9,0,4,0
5,9,0,4,2
5,9,0,4,5
5,9,0,4,8
5,9,0,4,0
5,9,0,4,2
5,9,0,4,2
5,9,0,4,2
5,9,1,1,9
5,9,0,4,5
5,9,0,4,4
5,9,0,4,4
5,9,0,4,2
5,9,0,4,3
5,9,0,4,3
5,9,0,4,4
5,9,0,4,3
5,9,0,4,5
5,9,0,4,6
5,9,0,4,1
5,9,0,4,1
5,9,0,4,1
5,9,0,4,1
5,9,0,4,5
5,9,0,4,3
5,9,0,4,5
5,9,0,4,4
5,9,0,4,4
5,9,0,4,5
5,9,0,4,2
5,9,0,4,0
5,9,0,4,3
5,9,0,4,2
5,9,0,4,0
5,9,0,4,7
5,9,0,4,6
5,9,0,4,8
5,9,1,2,9
5,9,0,4,6
5,9,0,4,1
5,9,0,4,6
5,9,0,4,0
5,9,0,4,6
5,9,0,4,5
5,9,0,4,2
5,9,0,4,2
5,9,0,4,5
5,9,0,4,5
5,9,0,4,3
5,9,0,4,5
5,9,0,4,3
5,9,0,4,4
5,9,0,4,4
5,9,0,4,6
5,9,0,4,0
5,9,0,4,1
5,9,0,4,4
5,9,0,4,2
5,9,0,4,7
5,9,0,4,2
5,9,0,4,4
5,9,1,2,9
5,9,0,4,2
5,9,0,4,0
5,9,0,4,8
5,10,0,4,8
5,10,0,4,3
5,10,0,4,0
5,10,0,4,1
5,10,0,4,0
5,10,0,4,1
5,10,0,4,0
5,10,0,4,2
5,10,0,4,1
5,10,1,2,10
5,10,0,4,7
5,10,0,4,4
5,10,0,4,0
5,10,0,4,7
5,10,0,4,0
5,10,1,2,10
5,10,0,4,0
5,10,0,4,0
5,10,0,4,3
5,10,0,4,4
5,10,1,2,10
5,10,0,4,2
5,10,0,4,4
5,10,0,4,2
5,10,0,4,2
5,10,0,4,7
5,10,0,4,4
5,10,0,4,2
5,10,0,4,3
5,10,0,4,4
5,10,0,4,0
5,10,0,4,3
5,10,0,4,5
5,10,0,4,5
5,10,0,4,5
5,10,0,4,4
5,10,0,4,1
5,10,0,4,1
5,10,0,4,5
5,10,0,4,5
5,10,0,4,0
5,10,0,4,6
5,10,1,1,10
5,10,0,4,3
5,10,0,4,3
5,10,0,4,2
5,10,0,4,1
5,10,0,4,8
5,10,0,4,3
5,10,0,4,4
5,10,0,4,1
5,10,0,4,6
5,10,0,4,5
5,10,0,4,2
5,10,0,4,2
5,10,0,4,1
5,10,0,4,4
5,10,0,4,1
5,10,0,4,2
5,10,0,4,4
5,10,0,4,3
5,10,0,4,4
5,10,0,4,0
5,10,0,4,0
5,10,0,4,4
5,10,0,4,3
5,10,0,4,4
5,10,0,4,3
5,10,0,4,2
5,10,0,4,4
5,10,1,1,10
5,10,0,4,0
5,10,0,4,0
5,10,0,4,3
5,10,0,4,9
5,10,0,4,1
5,10,0,4,3
5,10,0,4,9
5,10,0,4,2
5,10,0,4,1
5,10,0,4,0
5,10,0,4,1
5,10,0,4,2
5,10,0,4,0
5,10,0,4,0
5,10,0,4,4
5,10,0,4,2
5,10,0,4,5
5,10,0,4,0
5,10,0,4,0
5,10,0,4,2
5,10,0,4,4
5,10,0,4,5
5,10,1,3,10
5,10,0,4,0
5,10,0,4,3
5,10,0,4,6
5,10,0,4,0
5,10,0,4,3
5,10,0,4,4
5,11,0,4,0
5,11,0,4,2
5,11,0,4,0
5,11,0,4,2
5,11,0,4,3
5,11,0,4,1
5,11,0,4,3
5,11,0,4,3
5,11,0,4,9
5,11,0,4,4
5,11,0,4,6
5,11,0,4,3
5,11,0,4,1
5,11,0,4,2
5,11,1,2,11
5,11,0,4,4
5,11,0,4,5
5,11,0,4,7
5,11,0,4,6
5,11,0,4,3
5,11,0,4,8
5,11,0,4,6
5,11,0,4,2
5,11,1,2,11
5,11,0,4,3
5,11,0,4,0
5,11,0,4,2
5,11,0,4,1
5,11,0,4,0
5,11,0,4,4
5,11,0,4,9
5,11,0,4,8
5,11,0,4,10
5,11,0,4,6
5,11,0,4,4
5,11,0,4,10
5,11,0,4,2
5,11,0,4,5
5,11,0,4,3
5,11,0,4,9
5,11,1,2,11
5,11,0,4,2
5,11,0,4,0
5,11,0,4,0
5,11,1,1,11
5,11,0,4,0
5,11,0,4,8
5,11,0,4,3
5,11,0,4,1
5,11,0,4,1
5,11,0,4,4
5,11,0,4,1
5,11,0,4,2
5,11,0,4,9
5,11,0,4,9
5,11,0,4,6
5,11,0,4,6
5,11,0,4,0
5,11,0,4,7
5,11,0,4,4
5,11,0,4,4
5,11,0,4,4
5,11,0,4,2
5,11,0,4,2
5,11,0,4,3
5,11,0,4,8
5,11,0,4,5
5,11,0,4,7
5,11,0,4,7
5,11,0,4,5
5,11,0,4,2
5,11,0,4,6
5,11,0,4,6
5,11,0,4,0
5,11,0,4,2
5,11,0,4,4
5,11,0,4,0
5,11,1,1,11
5,11,0,4,7
5,11,1,2,11
5,11,0,4,7
5,11,0,4,2
5,11,0,4,5
5,11,0,4,2
5,11,0,4,2
5,11,0,4,2
5,11,0,4,1
5,11,0,4,6
5,11,0,4,5
5,11,0,4,3
5,11,0,4,3
5,11,0,4,2
5,11,0,4,1
5,11,0,4,1
5,11,0,4,1
5,11,0,4,7
5,11,0,4,2
5,11,0,4,1
5,11,0,4,6
5,11,0,4,0
5,12,0,4,3
5,12,0,4,1
5,12,0,4,1
5,12,0,4,1
5,12,0,4,5
5,12,0,4,1
5,12,0,4,0
5,12,0,4,6
5,12,0,4,5
5,12,1,2,12
5,12,0,4,8
5,12,0,4,4
5,12,0,4,2
5,12,0,4,0
5,12,0,4,4
5,12,0,4,1
5,12,0,4,9
5,12,0,4,3
5,12,0,4,1
5,12,0,4,6
5,12,0,4,4
5,12,0,4,0
5,12,0,4,4
5,12,0,4,0
5,12,0,4,5
5,12,0,4,9
5,12,0,4,1
5,12,0,4,1
5,12,0,4,4
5,12,0,4,1
5,12,0,4,1
5,12,0,4,6
5,12,0,4,0
5,12,0,4,10
5,12,0,4,3
5,12,0,4,3
5,12,0,4,1
5,12,0,4,2
5,12,1,1,12
5,12,0,4,3
5,12,0,4,1
5,12,0,4,4
5,12,0,4,1
5,12,0,4,3
5,12,0,4,4
5,12,0,4,2
5,12,0,4,8
5,12,0,4,4
5,12,0,4,6
5,12,0,4,2
5,12,0,4,2
5,12,0,4,2
5,12,0,4,4
5,12,0,4,6
5,12,0,4,2
5,12,0,4,3
5,12,0,4,2
5,12,1,2,12
5,12,0,4,4
5,12,0,4,1
5,12,0,4,2
5,12,0,4,2
5,12,0,4,3
5,12,0,4,10
5,12,0,4,4
5,12,0,4,1
5,12,0,4,10
5,12,0,4,9
5,12,0,4,0
5,12,0,4,3
5,12,0,4,0
5,12,0,4,5
5,12,0,4,9
5,12,0,4,8
5,12,0,4,2
5,12,0,4,3
5,12,0,4,3
5,12,0,4,2
5,12,0,4,2
5,12,0,4,1
5,12,0,4,5
5,12,0,4,0
5,12,0,4,7
5,12,0,4,2
5,12,0,4,0
5,12,0,4,7
5,12,0,4,0
5,12,0,4,2
5,12,0,4,8
5,12,0,4,3
5,12,0,4,4
5,12,0,4,7
5,12,0,4,0
5,12,0,4,5
5,12,0,4,9
5,12,0,4,3
5,12,0,4,6
5,12,0,4,5
5,12,0,4,2
5,12,0,4,1
5,13,0,4,3
5,13,0,4,5
5,13,0,4,3
5,13,0,4,4
5,13,0,4,2
5,13,0,4,6
5,13,0,4,1
5,13,0,4,1
5,13,0,4,0
5,13,0,4,1
5,13,0,4,4
5,13,0,4,5
5,13,0,4,2
5,13,0,4,2
5,13,0,4,0
5,13,0,4,3
5,13,0,4,8
5,13,0,4,4
5,13,0,4,3
5,13,0,4,0
5,13,0,4,3
5,13,0,4,2
5,13,0,4,5
5,13,0,4,8
5,13,0,4,3
5,13,0,4,2
5,13,0,4,1
5,13,0,4,0
5,13,0,4,2
5,13,0,4,9
5,13,0,4,9
5,13,0,4,0
5,13,0,4,2
5,13,0,4,2
5,13,0,4,2
5,13,0,4,4
5,13,0,4,6
5,13,0,4,0
5,13,0,4,0
5,13,0,4,8
5,13,0,4,5
5,13,0,4,3
5,13,0,4,1
5,13,0,4,1
5,13,0,4,0
5,13,0,4,0
5,13,0,4,2
5,13,0,4,1
5,13,0,4,0
5,13,0,4,0
5,13,0,4,6
5,13,0,4,0
5,13,0,4,3
5,13,0,4,3
5,13,0,4,1
5,13,0,4,3
5,13,0,4,11
5,13,0,4,4
5,13,0,4,1
5,13,0,4,5
5,13,0,4,2
5,13,0,4,2
5,13,0,4,1
5,13,0,4,3
5,13,0,4,10
5,13,0,4,0
5,13,0,4,1
5,13,0,4,3
5,13,0,4,3
5,13,0,4,11
5,13,0,4,2
5,13,0,4,6
5,13,0,4,4
5,13,0,4,0
5,13,0,4,7
5,13,0,4,4
5,13,0,4,2
5,13,0,4,0
5,13,0,4,8
5,13,0,4,1
5,13,0,4,1
5,13,0,4,11
5,13,0,4,5
5,13,0,4,6
5,13,0,4,3
5,13,0,4,4
5,13,0,4,10
5,13,0,4,5
5,13,0,4,1
5,13,0,4,3
5,13,0,4,11
5,13,0,4,7
5,13,0,4,6
5,13,0,4,2
5,13,0,4,4
5,13,0,4,0
5,13,0,4,5
5,13,0,4,5
5,13,0,4,2
5,13,0,4,0
5,14,0,4,1
5,14,0,4,2
5,14,0,4,3
5,14,0,4,1
5,14,0,4,2
5,14,0,4,4
5,14,0,4,1
5,14,0,4,0
5,14,0,4,5
5,14,0,4,0
5,14,0,4,11
5,14,0,4,7
5,14,0,4,4
5,14,0,4,0
5,14,0,4,3
5,14,0,4,1
5,14,0,4,10
5,14,0,4,3
5,14,0,4,12
5,14,0,4,2
5,14,0,4,3
5,14,1,0,14
5,14,0,4,4
5,14,0,4,1
5,14,0,4,2
5,14,0,4,2
5,14,0,4,1
5,14,0,4,1
5,14,0,4,2
5,14,0,4,1
5,14,0,4,8
5,14,0,4,4
5,14,0,4,7
5,14,0,4,3
5,14,0,4,2
5,14,0,4,0
5,14,0,4,7
5,14,0,4,6
5,14,0,4,4
5,14,0,4,9
5,14,0,4,2
5,14,0,4,9
5,14,0,4,1
5,14,0,4,1
5,14,0,4,1
5,14,0,4,8
5,14,0,4,4
5,14,0,4,6
5,14,0,4,0
5,14,0,4,6
5,14,0,4,9
5,14,0,4,1
5,14,0,4,3
5,14,0,4,8
5,14,0,4,4
5,14,0,4,1
5,14,0,4,4
5,14,0,4,8
5,14,0,4,8
5,14,0,4,2
5,14,0,4,11
5,14,0,4,7
5,14,0,4,5
5,14,0,4,1
5,14,0,4,1
5,14,0,4,3
5,14,0,4,0
5,14,0,4,6
5,14,0,4,1
5,14,0,4,10
5,14,0,4,4
5,14,0,4,6
5,14,0,4,2
5,14,0,4,0
5,14,0,4,2
5,14,0,4,1
5,14,0,4,7
5,14,0,4,0
5,14,0,4,5
5,14,0,4,0
5,14,0,4,3
5,14,0,4,7
5,14,0,4,5
5,14,0,4,9
5,14,0,4,3
5,14,0,4,1
5,14,0,4,1
5,14,0,4,7
5,14,0,4,2
5,14,0,4,2
5,14,0,4,1
5,14,0,4,1
5,14,0,4,5
5,14,0,4,1
5,14,0,4,2
5,14,0,4,3
5,14,0,4,6
5,14,0,4,0
5,14,0,4,2
5,14,0,4,3
5,15,0,4,4
5,15,0,4,2
5,15,0,4,8
5,15,0,4,5
5,15,0,4,0
5,15,0,4,3
5,15,0,4,0
5,15,0,4,6
5,15,0,4,1
5,15,0,4,9
5,15,0,4,3
5,15,0,4,5
5,15,0,4,5
5,15,0,4,3
5,15,0,4,5
5,15,0,4,1
5,15,0,4,3
5,15,0,4,5
5,15,0,4,5
5,15,0,4,3
5,15,0,4,8
5,15,0,4,8
5,15,0,4,0
5,15,0,4,3
5,15,0,4,3
5,15,0,4,2
5,15,0,4,3
5,15,0,4,12
5,15,0,4,2
5,15,0,4,5
5,15,0,4,2
5,15,0,4,0
5,15,0,4,2
5,15,0,4,8
5,15,0,4,2
5,15,0,4,3
5,15,0,4,9
5,15,0,4,2
5,15,0,4,1
5,15,0,4,2
5,15,0,4,2
5,15,0,4,2
5,15,0,4,6
5,15,0,4,7
5,15,0,4,4
5,15,0,4,6
5,15,0,4,4
5,15,0,4,0
5,15,0,4,1
5,15,0,4,6
5,15,0,4,2
5,15,0,4,0
5,15,0,4,6
5,15,0,4,7
5,15,0,4,0
5,15,0,4,2
5,15,0,4,0
5,15,0,4,2
5,15,0,4,8
5,15,0,4,1
5,15,0,4,1
5,15,0,4,1
5,15,0,4,4
5,15,0,4,7
5,15,0,4,8
5,15,0,4,4
5,15,0,4,2
5,15,0,4,1
5,15,0,4,1
5,15,0,4,9
5,15,0,4,2
5,15,0,4,0
5,15,0,4,6
5,15,0,4,2
5,15,0,4,2
5,15,0,4,6
5,15,0,4,2
5,15,0,4,3
5,15,0,4,3
5,15,0,4,5
5,15,0,4,6
5,15,0,4,7
5,15,0,4,6
5,15,0,4,2
5,15,0,4,3
5,15,0,4,1
5,15,0,4,2
5,15,0,4,10
5,15,0,4,4
5,15,0,4,11
5,15,0,4,3
5,15,0,4,4
5,15,0,4,2
5,15,0,4,1
5,15,0,4,1
5,15,0,4,2
5,15,0,4,0
5,15,0,4,5
5,15,0,4,3
5,15,0,4,6
5,16,0,4,3
5,16,0,4,4
5,16,0,4,0
5,16,0,4,3
5,16,0,4,9
5,16,0,4,9
5,16,0,4,11
5,16,0,4,1
5,16,0,4,7
5,16,0,4,0
5,16,0,4,8
5,16,0,4,0
5,16,0,4,1
5,16,0,4,0
5,16,0,4,2
5,16,0,4,3
5,16,0,4,3
5,16,0,4,10
5,16,0,4,4
5,16,0,4,2
5,16,0,4,2
5,16,0,4,2
5,16,0,4,9
5,16,0,4,3
5,16,0,4,4
5,16,0,4,0
5,16,0,4,0
5,16,0,4,0
5,16,0,4,2
5,16,0,4,5
5,16,0,4,7
5,16,0,4,2
5,16,0,4,0
5,16,0,4,2
5,16,0,4,2
5,16,0,4,3
5,16,0,4,1
5,16,0,4,4
5,16,0,4,1
5,16,0,4,1
5,16,0,4,9
5,16,0,4,1
5,16,0,4,10
5,16,0,4,3
5,16,0,4,6
5,16,0,4,2
5,16,0,4,2
5,16,0,4,12
5,16,0,4,3
5,16,0,4,2
5,16,0,4,5
5,16,0,4,4
5,16,0,4,9
5,16,0,4,4
5,16,0,4,6
5,16,0,4,7
5,16,0,4,6
5,16,0,4,7
5,16,0,4,0
5,16,0,4,2
5,16,0,4,2
5,16,0,4,2
5,16,0,4,6
5,16,0,4,6
5,16,0,4,4
5,16,0,4,4
5,16,0,4,0
5,16,0,4,2
5,16,0,4,2
5,16,0,4,5
5,16,0,4,1
5,16,0,4,1
5,16,0,4,8
5,16,0,4,0
5,16,0,4,2
5,16,0,4,12
5,16,0,4,0
5,16,0,4,0
5,16,0,4,3
5,16,0,4,4
5,16,0,4,3
5,16,0,4,2
5,16,0,4,7
5,16,0,4,4
5,16,0,4,1
5,16,0,4,11
5,16,0,4,1
5,16,0,4,2
5,16,0,4,8
5,16,0,4,1
5,16,0,4,7
5,16,0,4,0
5,16,0,4,2
5,16,0,4,3
5,16,0,4,0
5,16,0,4,1
5,16,0,4,5
5,16,0,4,9
5,16,0,4,5
5,16,0,4,1
5,17,0,4,9
5,17,0,4,2
5,17,0,4,2
5,17,0,4,4
5,17,0,4,3
5,17,0,4,1
5,17,0,4,6
5,17,0,4,3
5,17,0,4,6
5,17,0,4,5
5,17,0,4,2
5,17,0,4,5
5,17,0,4,2
5,17,0,4,0
5,17,0,4,2
5,17,0,4,2
5,17,0,4,5
5,17,0,4,5
5,17,0,4,3
5,17,0,4,4
5,17,0,4,3
5,17,0,4,2
5,17,0,4,0
5,17,0,4,7
5,17,0,4,10
5,17,0,4,5
5,17,0,4,6
5,17,0,4,0
5,17,0,4,1
5,17,0,4,5
5,17,0,4,0
5,17,0,4,2
5,17,0,4,4
5,17,0,4,3
5,17,0,4,0
5,17,0,4,3
5,17,0,4,0
5,17,0,4,3
5,17,0,4,0
5,17,0,4,0
5,17,0,4,3
5,17,0,4,0
5,17,0,4,15
5,17,0,4,12
5,17,0,4,2
5,17,0,4,4
5,17,0,4,5
5,17,0,4,3
5,17,0,4,2
5,17,0,4,2
5,17,0,4,4
5,17,0,4,5
5,17,0,4,7
5,17,0,4,4
5,17,0,4,6
5,17,0,4,3
5,17,0,4,5
5,17,0,4,0
5,17,0,4,2
5,17,0,4,2
5,17,0,4,2
5,17,0,4,6
5,17,0,4,7
5,17,0,4,2
5,17,0,4,0
5,17,0,4,3
5,17,0,4,5
5,17,0,4,3
5,17,0,4,0
5,17,0,4,8
5,17,0,4,2
5,17,0,4,4
5,17,0,4,12
5,17,0,4,5
5,17,0,4,4
5,17,0,4,7
5,17,0,4,0
5,17,0,4,5
5,17,0,4,2
5,17,0,4,0
5,17,0,4,9
5,17,0,4,2
5,17,0,4,1
5,17,0,4,4
5,17,0,4,0
5,17,0,4,0
5,17,0,4,4
5,17,0,4,7
5,17,0,4,3
5,17,0,4,8
5,17,0,4,9
5,17,0,4,3
5,17,0,4,0
5,17,0,4,2
5,17,0,4,5
5,17,0,4,5
5,17,0,4,3
5,17,0,4,2
5,17,0,4,2
5,17,0,4,0
5,18,0,4,6
5,18,0,4,4
5,18,0,4,2
5,18,0,4,0
5,18,0,4,2
5,18,0,4,3
5,18,0,4,5
5,18,0,4,8
5,18,0,4,10
5,18,0,4,5
5,18,0,4,5
5,18,0,4,6
5,18,0,4,3
5,18,0,4,3
5,18,0,4,2
5,18,0,4,2
5,18,0,4,1
5,18,0,4,5
5,18,0,4,1
5,18,0,4,4
5,18,0,4,1
5,18,0,4,2
5,18,0,4,8
5,18,0,4,3
5,18,0,4,2
5,18,0,4,6
5,18,0,4,4
5,18,0,4,3
5,18,0,4,3
5,18,0,4,5
5,18,0,4,2
5,18,0,4,1
5,18,0,4,0
5,18,0,4,6
5,18,0,4,6
5,18,0,4,8
5,18,0,4,4
5,18,0,4,4
5,18,0,4,6
5,18,0,4,0
5,18,0,4,3
5,18,0,4,2
5,18,0,4,3
5,18,0,4,6
5,18,0,4,3
5,18,0,4,1
5,18,0,4,1
5,18,0,4,2
5,18,0,4,2
5,18,0,4,5
5,18,0,4,1
5,18,0,4,3
5,18,0,4,2
5,18,0,4,3
5,18,0,4,1
5,18,0,4,6
5,18,0,4,9
5,18,0,4,0
5,18,0,4,4
5,18,0,4,9
5,18,0,4,2
5,18,0,4,3
5,18,0,4,8
5,18,0,4,6
5,18,0,4,4
5,18,0,4,2
5,18,0,4,0
5,18,0,4,6
5,18,0,4,0
5,18,0,4,2
5,18,0,4,1
5,18,0,4,5
5,18,0,4,2
5,18,0,4,0
5,18,0,4,0
5,18,0,4,9
5,18,0,4,5
5,18,0,4,17
5,18,0,4,2
5,18,0,4,0
5,18,0,4,3
5,18,0,4,2
5,18,0,4,6
5,18,0,4,0
5,18,0,4,8
5,18,0,4,1
5,18,0,4,5
5,18,0,4,3
5,18,0,4,8
5,18,0,4,1
5,18,0,4,11
5,18,0,4,3
5,18,0,4,4
5,18,0,4,4
5,18,0,4,5
5,18,0,4,0
5,18,0,4,4
5,18,0,4,2
5,18,0,4,3
5,18,0,4,1
5,19,0,4,1
5,19,0,4,5
5,19,0,4,2
5,19,0,4,1
5,19,0,4,0
5,19,0,4,2
5,19,0,4,4
5,19,0,4,5
5,19,0,4,2
5,19,0,4,6
5,19,0,4,3
5,19,0,4,7
5,19,0,4,1
5,19,0,4,0
5,19,0,4,3
5,19,0,4,0
5,19,0,4,11
5,19,0,4,14
5,19,0,4,5
5,19,0,4,1
5,19,0,4,6
5,19,0,4,4
5,19,0,4,3
5,19,0,4,3
5,19,0,4,0
5,19,0,4,0
5,19,0,4,2
5,19,0,4,4
5,19,0,4,10
5,19,0,4,4
5,19,0,4,2
5,19,0,4,4
5,19,0,4,0
5,19,0,4,1
5,19,0,4,2
5,19,0,4,1
5,19,0,4,8
5,19,0,4,6
5,19,0,4,5
5,19,0,4,2
5,19,0,4,2
5,19,0,4,0
5,19,0,4,1
5,19,0,4,5
5,19,0,4,2
5,19,0,4,5
5,19,0,4,9
5,19,0,4,3
5,19,1,1,19
5,19,0,4,3
5,19,0,4,4
5,19,0,4,1
5,19,0,4,6
5,19,0,4,5
5,19,0,4,8
5,19,0,4,2
5,19,0,4,6
5,19,0,4,3
5,19,0,4,9
5,19,0,4,6
5,19,0,4,4
5,19,0,4,2
5,19,0,4,4
5,19,0,4,6
5,19,0,4,3
5,19,0,4,2
5,19,0,4,1
5,19,0,4,1
5,19,0,4,2
5,19,0,4,1
5,19,0,4,4
5,19,0,4,2
5,19,0,4,5
5,19,0,4,3
5,19,0,4,2
5,19,0,4,4
5,19,0,4,8
5,19,0,4,0
5,19,0,4,3
5,19,0,4,1
5,19,0,4,8
5,19,0,4,0
5,19,0,4,3
5,19,0,4,0
5,19,0,4,4
5,19,0,4,1
5,19,0,4,3
5,19,0,4,0
5,19,0,4,2
5,19,0,4,5
5,19,0,4,3
5,19,0,4,0
5,19,0,4,6
5,19,0,4,2
5,19,0,4,3
5,19,0,4,2
5,19,0,4,0
5,19,0,4,1
5,19,0,4,3
5,19,0,4,2
5,20,0,4,1
5,20,0,4,0
5,20,0,4,0
5,20,0,4,7
5,20,0,4,2
5,20,0,4,3
5,20,0,4,12
5,20,0,4,4
5,20,0,4,5
5,20,0,4,3
5,20,0,4,6
5,20,0,4,8
5,20,0,4,4
5,20,0,4,3
5,20,0,4,4
5,20,0,4,2
5,20,0,4,0
5,20,0,4,10
5,20,0,4,6
5,20,0,4,2
5,20,0,4,4
5,20,0,4,5
5,20,0,4,0
5,20,0,4,7
5,20,0,4,2
5,20,0,4,1
5,20,0,4,0
5,20,0,4,0
5,20,0,4,3
5,20,0,4,2
5,20,0,4,0
5,20,0,4,4
5,20,0,4,8
5,20,0,4,7
5,20,0,4,1
5,20,0,4,3
5,20,0,4,2
5,20,0,4,0
5,20,0,4,1
5,20,0,4,2
5,20,0,4,5
5,20,0,4,3
5,20,0,4,2
5,20,1,1,20
5,20,0,4,2
5,20,0,4,4
5,20,0,4,10
5,20,1,2,20
5,20,0,4,1
5,20,0,4,1
5,20,0,4,0
5,20,0,4,11
5,20,0,4,5
5,20,0,4,3
5,20,0,4,11
5,20,0,4,1
5,20,0,4,4
5,20,0,4,3
5,20,0,4,5
5,20,0,4,10
5,20,0,4,1
5,20,0,4,5
5,20,0,4,0
5,20,0,4,2
5,20,0,4,4
5,20,0,4,3
5,20,0,4,3
5,20,0,4,8
5,20,0,4,6
5,20,0,4,0
5,20,0,4,6
5,20,0,4,1
5,20,0,4,6
5,20,0,4,9
5,20,0,4,3
5,20,0,4,4
5,20,0,4,3
5,20,0,4,4
5,20,0,4,1
5,20,0,4,1
5,20,0,4,0
5,20,0,4,3
5,20,0,4,5
5,20,0,4,9
5,20,0,4,7
5,20,0,4,4
5,20,0,4,3
5,20,0,4,1
5,20,0,4,6
5,20,0,4,0
5,20,0,4,1
5,20,0,4,1
5,20,0,4,1
5,20,0,4,6
5,20,0,4,6
5,20,0,4,5
5,20,0,4,4
5,20,0,4,2
5,20,0,4,6
5,20,0,4,9
6,1,1,1,1
6,1,1,0,1
6,1,1,0,1
6,1,1,0,1
6,1,1,0,1
6,1,1,0,1
6,1,1,0,1
6,1,1,1,1
6,1,1,0,1
6,1,1,3,1
6,1,1,0,1
6,1,1,2,1
6,1,1,0,1
6,1,1,3,1
6,1,1,0,1
6,1,1,1,1
6,1,1,0,1
6,1,1,0,1
6,1,1,0,1
6,1,1,0,1
6,1,1,0,1
6,1,1,0,1
6,1,1,0,1
6,1,1,0,1
6,1,1,0,1
6,1,1,0,1
6,1,1,0,1
6,1,1,0,1
6,1,1,0,1
6,1,1,1,1
6,1,1,0,1
6,1,1,0,1
6,1,1,1,1
6,1,1,0,1
6,1,1,0,1
6,1,1,2,1
6,1,1,0,1
6,1,1,0,1
6,1,1,0,1
6,1,1,0,1
6,1,1,0,1
6,1,1,0,1
6,1,1,3,1
6,1,1,0,1
6,1,1,0,1
6,1,1,0,1
6,1,1,0,1
6,1,1,1,1
6,1,1,0,1
6,1,1,0,1
6,1,1,1,1
6,1,1,0,1
6,1,1,0,1
6,1,1,0,1
6,1,1,0,1
6,1,1,0,1
6,1,1,0,1
6,1,1,0,1
6,1,1,0,1
6,1,1,0,1
6,1,1,0,1
6,1,1,0,1
6,1,1,0,1
6,1,1,0,1
6,1,1,0,1
6,1,1,0,1
6,1,1,0,1
6,1,1,0,1
6,1,1,0,1
6,1,1,0,1
6,1,1,0,1
6,1,1,0,1
6,1,1,1,1
6,1,1,0,1
6,1,1,1,1
6,1,1,2,1
6,1,1,2,1
6,1,1,0,1
6,1,1,0,1
6,1,1,0,1
6,1,1,0,1
6,1,1,0,1
6,1,1,0,1
6,1,1,0,1
6,1,1,2,1
6,1,1,0,1
6,1,1,0,1
6,1,1,0,1
6,1,1,0,1
6,1,1,0,1
6,1,1,0,1
6,1,1,0,1
6,1,1,1,1
6,1,1,1,1
6,1,1,0,1
6,1,1,0,1
6,1,1,0,1
6,1,1,0,1
6,1,1,1,1
6,1,1,0,1
6,2,1,1,2
6,2,1,2,2
6,2,0,5,0
6,2,1,1,2
6,2,1,3,2
6,2,1,0,2
6,2,1,3,2
6,2,1,1,2
6,2,1,0,2
6,2,1,0,2
6,2,1,1,2
6,2,1,1,2
6,2,0,5,0
6,2,0,5,0
6,2,1,1,2
6,2,1,1,2
6,2,1,0,2
6,2,1,2,2
6,2,0,5,1
6,2,1,1,2
6,2,1,1,2
6,2,1,4,2
6,2,1,2,2
6,2,1,2,2
6,2,1,2,2
6,2,1,3,2
6,2,1,1,2
6,2,1,0,2
6,2,1,0,2
6,2,1,0,2
6,2,1,0,2
6,2,1,0,2
6,2,1,0,2
6,2,1,0,2
6,2,1,0,2
6,2,1,3,2
6,2,1,1,2
6,2,0,5,0
6,2,0,5,0
6,2,1,0,2
6,2,1,0,2
6,2,1,0,2
6,2,1,4,2
6,2,1,0,2
6,2,1,3,2
6,2,0,5,1
6,2,1,3,2
6,2,1,2,2
6,2,1,1,2
6,2,1,0,2
6,2,1,1,2
6,2,1,2,2
6,2,0,5,1
6,2,1,2,2
6,2,1,0,2
6,2,1,0,2
6,2,1,3,2
6,2,1,2,2
6,2,1,1,2
6,2,1,0,2
6,2,1,0,2
6,2,1,2,2
6,2,1,3,2
6,2,1,0,2
6,2,1,2,2
6,2,1,2,2
6,2,1,2,2
6,2,1,1,2
6,2,1,2,2
6,2,0,5,0
6,2,1,0,2
6,2,1,0,2
6,2,1,0,2
6,2,1,2,2
6,2,1,3,2
6,2,1,0,2
6,2,1,1,2
6,2,0,5,0
6,2,1,2,2
6,2,0,5,0
6,2,1,2,2
6,2,1,2,2
6,2,1,1,2
6,2,1,1,2
6,2,1,3,2
6,2,1,0,2
6,2,1,2,2
6,2,1,2,2
6,2,1,0,2
6,2,1,0,2
6,2,1,1,2
6,2,1,0,2
6,2,1,2,2
6,2,1,1,2
6,2,1,0,2
6,2,1,1,2
6,2,1,1,2
6,2,1,0,2
6,2,1,1,2
6,2,1,0,2
6,3,1,2,3
6,3,1,2,3
6,3,1,0,3
6,3,1,4,3
6,3,0,5,2
6,3,0,5,0
6,3,1,2,3
6,3,1,0,3
6,3,0,5,1
6,3,1,1,3
6,3,0,5,0
6,3,0,5,2
6,3,1,1,3
6,3,1,1,3
6,3,1,1,3
6,3,0,5,2
6,3,1,0,3
6,3,1,3,3
6,3,0,5,1
6,3,1,4,3
6,3,0,5,0
6,3,1,2,3
6,3,0,5,1
6,3,0,5,1
6,3,1,1,3
6,3,1,2,3
6,3,0,5,0
6,3,1,3,3
6,3,0,5,0
6,3,0,5,2
6,3,1,2,3
6,3,1,3,3
6,3,1,1,3
6,3,0,5,1
6,3,1,1,3
6,3,0,5,1
6,3,1,1,3
6,3,1,3,3
6,3,0,5,1
6,3,0,5,2
6,3,1,1,3
6,3,0,5,2
6,3,1,2,3
6,3,0,5,2
6,3,1,2,3
6,3,1,0,3
6,3,1,0,3
6,3,1,1,3
6,3,1,2,3
6,3,1,2,3
6,3,1,0,3
6,3,1,0,3
6,3,1,0,3
6,3,0,5,0
6,3,1,0,3
6,3,0,5,0
6,3,1,2,3
6,3,1,1,3
6,3,1,0,3
6,3,0,5,1
6,3,1,0,3
6,3,1,1,3
6,3,0,5,2
6,3,0,5,0
6,3,1,3,3
6,3,0,5,1
6,3,1,1,3
6,3,0,5,0
6,3,1,2,3
6,3,1,0,3
6,3,1,0,3
6,3,1,1,3
6,3,0,5,1
6,3,1,0,3
6,3,0,5,0
6,3,1,2,3
6,3,0,5,1
6,3,1,0,3
6,3,1,1,3
6,3,1,0,3
6,3,1,2,3
6,3,1,0,3
6,3,1,1,3
6,3,1,2,3
6,3,1,1,3
6,3,0,5,2
6,3,1,0,3
6,3,0,5,1
6,3,1,1,3
6,3,1,0,3
6,3,0,5,1
6,3,1,2,3
6,3,0,5,1
6,3,1,0,3
6,3,1,2,3
6,3,1,0,3
6,3,1,2,3
6,3,1,1,3
6,3,1,0,3
6,3,1,0,3
6,4,1,1,4
6,4,1,2,4
6,4,1,2,4
6,4,1,0,4
6,4,1,0,4
6,4,0,5,2
6,4,1,0,4
6,4,1,3,4
6,4,1,2,4
6,4,0,5,2
6,4,1,4,4
6,4,1,3,4
6,4,1,0,4
6,4,0,5,0
6,4,0,5,1
6,4,1,3,4
6,4,1,2,4
6,4,0,5,1
6,4,1,0,4
6,4,1,1,4
6,4,0,5,0
6,4,1,1,4
6,4,1,2,4
6,4,1,2,4
6,4,1,0,4
6,4,0,5,2
6,4,1,0,4
6,4,1,0,4
6,4,1,3,4
6,4,0,5,1
6,4,1,2,4
6,4,1,2,4
6,4,1,3,4
6,4,1,0,4
6,4,1,1,4
6,4,0,5,2
6,4,1,0,4
6,4,0,5,2
6,4,0,5,3
6,4,1,3,4
6,4,1,0,4
6,4,1,1,4
6,4,1,3,4
6,4,1,2,4
6,4,1,2,4
6,4,1,4,4
6,4,0,5,2
6,4,1,0,4
6,4,1,3,4
6,4,1,0,4
6,4,1,2,4
6,4,1,3,4
6,4,1,2,4
6,4,1,1,4
6,4,0,5,2
6,4,1,2,4
6,4,1,0,4
6,4,1,0,4
6,4,0,5,2
6,4,1,0,4
6,4,0,5,3
6,4,1,4,4
6,4,1,2,4
6,4,1,0,4
6,4,1,0,4
6,4,1,1,4
6,4,0,5,1
6,4,1,1,4
6,4,1,3,4
6,4,0,5,1
6,4,1,2,4
6,4,1,3,4
6,4,1,2,4
6,4,1,0,4
6,4,1,2,4
6,4,0,5,0
6,4,1,1,4
6,4,0,5,1
6,4,1,0,4
6,4,0,5,2
6,4,1,0,4
6,4,0,5,2
6,4,0,5,3
6,4,1,1,4
6,4,1,4,4
6,4,1,1,4
6,4,1,4,4
6,4,0,5,3
6,4,1,0,4
6,4,1,1,4
6,4,1,0,4
6,4,1,0,4
6,4,1,2,4
6,4,0,5,2
6,4,0,5,3
6,4,1,1,4
6,4,0,5,1
6,4,1,0,4
6,4,1,3,4
6,4,1,3,4
6,5,0,5,0
6,5,1,2,5
6,5,1,1,5
6,5,0,5,1
6,5,1,1,5
6,5,0,5,0
6,5,0,5,1
6,5,1,3,5
6,5,0,5,1
6,5,0,5,3
6,5,1,1,5
6,5,0,5,3
6,5,1,0,5
6,5,1,1,5
6,5,0,5,1
6,5,0,5,1
6,5,1,0,5
6,5,0,5,1
6,5,1,4,5
6,5,1,1,5
6,5,0,5,0
6,5,1,2,5
6,5,0,5,0
6,5,1,3,5
6,5,0,5,2
6,5,1,1,5
6,5,0,5,3
6,5,0,5,4
6,5,0,5,2
6,5,1,2,5
6,5,1,4,5
6,5,0,5,1
6,5,0,5,2
6,5,1,2,5
6,5,0,5,4
6,5,1,3,5
6,5,1,0,5
6,5,0,5,3
6,5,0,5,1
6,5,0,5,1
6,5,1,1,5
6,5,0,5,3
6,5,1,3,5
6,5,0,5,3
6,5,1,0,5
6,5,0,5,4
6,5,1,0,5
6,5,1,1,5
6,5,1,0,5
6,5,1,0,5
6,5,0,5,1
6,5,0,5,0
6,5,1,2,5
6,5,0,5,3
6,5,1,2,5
6,5,0,5,0
6,5,1,2,5
6,5,0,5,2
6,5,0,5,3
6,5,1,4,5
6,5,1,0,5
6,5,1,1,5
6,5,1,1,5
6,5,0,5,2
6,5,0,5,3
6,5,0,5,3
6,5,0,5,1
6,5,0,5,4
6,5,1,0,5
6,5,1,2,5
6,5,1,1,5
6,5,0,5,3
6,5,1,0,5
6,5,1,2,5
6,5,0,5,4
6,5,1,2,5
6,5,0,5,1
6,5,1,0,5
6,5,1,0,5
6,5,0,5,2
6,5,0,5,2
6,5,1,2,5
6,5,0,5,2
6,5,0,5,0
6,5,0,5,4
6,5,1,0,5
6,5,1,1,5
6,5,1,0,5
6,5,1,1,5
6,5,1,2,5
6,5,1,2,5
6,5,0,5,1
6,5,0,5,4
6,5,1,2,5
6,5,0,5,3
6,5,1,4,5
6,5,0,5,3
6,5,0,5,2
6,5,1,2,5
6,5,1,1,5
6,6,1,0,6
6,6,0,5,4
6,6,0,5,3
6,6,1,1,6
6,6,1,0,6
6,6,0,5,1
6,6,1,3,6
6,6,1,3,6
6,6,0,5,4
6,6,1,4,6
6,6,1,2,6
6,6,0,5,1
6,6,0,5,3
6,6,1,2,6
6,6,0,5,2
6,6,0,5,3
6,6,0,5,1
6,6,0,5,4
6,6,0,5,3
6,6,1,2,6
6,6,0,5,3
6,6,1,1,6
6,6,0,5,5
6,6,0,5,0
6,6,0,5,5
6,6,0,5,2
6,6,0,5,4
6,6,1,1,6
6,6,0,5,3
6,6,0,5,1
6,6,1,1,6
6,6,0,5,1
6,6,0,5,2
6,6,0,5,1
6,6,0,5,4
6,6,1,0,6
6,6,0,5,4
6,6,1,3,6
6,6,1,0,6
6,6,1,1,6
6,6,1,2,6
6,6,0,5,3
6,6,0,5,2
6,6,1,1,6
6,6,0,5,1
6,6,0,5,0
6,6,1,2,6
6,6,1,1,6
6,6,0,5,3
6,6,0,5,4
6,6,0,5,4
6,6,0,5,3
6,6,0,5,1
6,6,0,5,2
6,6,0,5,0
6,6,1,4,6
6,6,0,5,0
6,6,0,5,1
6,6,0,5,3
6,6,1,3,6
6,6,0,5,0
6,6,1,4,6
6,6,0,5,5
6,6,1,4,6
6,6,0,5,0
6,6,1,4,6
6,6,0,5,3
6,6,0,5,1
6,6,0,5,4
6,6,0,5,3
6,6,0,5,4
6,6,0,5,1
6,6,1,3,6
6,6,0,5,2
6,6,1,0,6
6,6,0,5,3
6,6,1,4,6
6,6,1,2,6
6,6,0,5,1
6,6,0,5,3
6,6,1,0,6
6,6,0,5,4
6,6,0,5,1
6,6,1,2,6
6,6,0,5,4
6,6,1,0,6
6,6,0,5,4
6,6,0,5,4
6,6,1,3,6
6,6,0,5,2
6,6,0,5,2
6,6,1,3,6
6,6,0,5,3
6,6,0,5,2
6,6,1,2,6
6,6,0,5,5
6,6,0,5,3
6,6,0,5,4
6,6,0,5,3
6,6,1,0,6
6,7,1,2,7
6,7,0,5,3
6,7,0,5,6
6,7,0,5,2
6,7,1,0,7
6,7,0,5,5
6,7,0,5,3
6,7,0,5,4
6,7,0,5,3
6,7,0,5,3
6,7,0,5,5
6,7,0,5,3
6,7,1,2,7
6,7,0,5,5
6,7,1,0,7
6,7,0,5,0
6,7,1,3,7
6,7,1,3,7
6,7,1,2,7
6,7,0,5,4
6,7,1,2,7
6,7,0,5,4
6,7,1,2,7
6,7,0,5,5
6,7,0,5,1
6,7,0,5,1
6,7,0,5,3
6,7,1,2,7
6,7,1,0,7
6,7,0,5,0
6,7,0,5,5
6,7,1,0,7
6,7,0,5,1
6,7,0,5,5
6,7,0,5,3
6,7,0,5,2
6,7,0,5,4
6,7,0,5,6
6,7,0,5,2
6,7,0,5,3
6,7,0,5,0
6,7,0,5,1
6,7,1,0,7
6,7,0,5,4
6,7,0,5,2
6,7,0,5,6
6,7,0,5,4
6,7,0,5,4
6,7,0,5,1
6,7,1,4,7
6,7,0,5,4
6,7,0,5,3
6,7,0,5,5
6,7,0,5,2
6,7,1,1,7
6,7,0,5,1
6,7,0,5,1
6,7,1,1,7
6,7,0,5,1
6,7,0,5,2
6,7,0,5,4
6,7,0,5,6
6,7,1,3,7
6,7,0,5,1
6,7,0,5,4
6,7,0,5,2
6,7,0,5,3
6,7,0,5,4
6,7,0,5,0
6,7,0,5,3
6,7,0,5,2
6,7,1,3,7
6,7,0,5,5
6,7,0,5,3
6,7,0,5,2
6,7,0,5,5
6,7,0,5,3
6,7,0,5,1
6,7,1,0,7
6,7,1,2,7
6,7,0,5,6
6,7,1,3,7
6,7,0,5,6
6,7,0,5,3
6,7,1,2,7
6,7,0,5,5
6,7,0,5,0
6,7,0,5,3
6,7,1,3,7
6,7,0,5,3
6,7,1,2,7
6,7,0,5,2
6,7,0,5,4
6,7,0,5,6
6,7,1,4,7
6,7,1,2,7
6,7,0,5,3
6,7,1,3,7
6,7,0,5,4
6,7,0,5,2
6,8,0,5,3
6,8,1,3,8
6,8,0,5,2
6,8,0,5,7
6,8,0,5,1
6,8,0,5,3
6,8,0,5,6
6,8,0,5,4
6,8,0,5,2
6,8,0,5,4
6,8,0,5,5
6,8,0,5,4
6,8,0,5,3
6,8,0,5,5
6,8,0,5,6
6,8,0,5,6
6,8,0,5,2
6,8,0,5,4
6,8,0,5,0
6,8,0,5,6
6,8,0,5,1
6,8,1,2,8
6,8,1,4,8
6,8,0,5,6
6,8,0,5,5
6,8,1,2,8
6,8,1,3,8
6,8,0,5,6
6,8,1,1,8
6,8,0,5,3
6,8,0,5,4
6,8,0,5,3
6,8,0,5,3
6,8,1,3,8
6,8,1,2,8
6,8,0,5,4
6,8,0,5,1
6,8,0,5,7
6,8,1,4,8
6,8,0,5,4
6,8,0,5,7
6,8,0,5,1
6,8,1,3,8
6,8,0,5,4
6,8,0,5,2
6,8,0,5,4
6,8,0,5,2
6,8,0,5,6
6,8,1,4,8
6,8,0,5,2
6,8,0,5,0
6,8,0,5,2
6,8,0,5,3
6,8,0,5,3
6,8,0,5,0
6,8,0,5,1
6,8,0,5,4
6,8,0,5,7
6,8,0,5,2
6,8,1,4,8
6,8,0,5,1
6,8,0,5,2
6,8,1,3,8
6,8,1,2,8
6,8,0,5,4
6,8,0,5,3
6,8,0,5,1
6,8,1,1,8
6,8,0,5,2
6,8,0,5,3
6,8,0,5,6
6,8,0,5,4
6,8,0,5,6
6,8,0,5,6
6,8,0,5,6
6,8,0,5,6
6,8,0,5,6
6,8,0,5,6
6,8,1,0,8
6,8,1,1,8
6,8,0,5,4
6,8,1,4,8
6,8,0,5,6
6,8,1,1,8
6,8,0,5,7
6,8,0,5,5
6,8,0,5,3
6,8,1,2,8
6,8,1,3,8
6,8,0,5,1
6,8,0,5,0
6,8,0,5,2
6,8,0,5,4
6,8,0,5,6
6,8,0,5,4
6,8,0,5,3
6,8,1,1,8
6,8,0,5,2
6,8,1,3,8
6,8,0,5,5
6,9,0,5,6
6,9,0,5,5
6,9,0,5,4
6,9,0,5,5
6,9,0,5,4
6,9,1,1,9
6,9,1,2,9
6,9,0,5,1
6,9,0,5,4
6,9,0,5,3
6,9,0,5,6
6,9,1,2,9
6,9,1,4,9
6,9,0,5,2
6,9,0,5,3
6,9,0,5,7
6,9,0,5,4
6,9,0,5,0
6,9,0,5,4
6,9,0,5,1
6,9,0,5,1
6,9,0,5,5
6,9,0,5,5
6,9,0,5,7
6,9,0,5,0
6,9,1,0,9
6,9,0,5,1
6,9,0,5,3
6,9,0,5,1
6,9,0,5,6
6,9,0,5,1
6,9,0,5,0
6,9,0,5,3
6,9,0,5,1
6,9,0,5,3
6,9,0,5,4
6,9,0,5,2
6,9,0,5,3
6,9,1,2,9
6,9,1,2,9
6,9,0,5,5
6,9,0,5,1
6,9,1,2,9
6,9,0,5,3
6,9,1,3,9
6,9,0,5,0
6,9,0,5,0
6,9,0,5,3
6,9,0,5,6
6,9,0,5,5
6,9,0,5,5
6,9,0,5,5
6,9,0,5,3
6,9,0,5,3
6,9,0,5,6
6,9,0,5,3
6,9,0,5,3
6,9,0,5,4
6,9,1,4,9
6,9,0,5,1
6,9,1,2,9
6,9,0,5,7
6,9,0,5,1
6,9,0,5,4
6,9,1,4,9
6,9,0,5,1
6,9,1,0,9
6,9,0,5,3
6,9,1,3,9
6,9,0,5,3
6,9,1,1,9
6,9,0,5,4
6,9,0,5,2
6,9,1,4,9
6,9,0,5,3
6,9,0,5,4
6,9,1,3,9
6,9,0,5,2
6,9,0,5,5
6,9,0,5,5
6,9,1,2,9
6,9,0,5,3
6,9,0,5,7
6,9,0,5,4
6,9,0,5,7
6,9,0,5,4
6,9,0,5,5
6,9,0,5,0
6,9,0,5,2
6,9,0,5,2
6,9,0,5,4
6,9,0,5,1
6,9,1,2,9
6,9,0,5,4
6,9,0,5,1
6,9,0,5,5
6,9,0,5,5
6,9,1,3,9
6,9,1,1,9
6,9,0,5,2
6,10,0,5,3
6,10,0,5,4
6,10,0,5,7
6,10,0,5,3
6,10,0,5,5
6,10,0,5,2
6,10,0,5,6
6,10,0,5,3
6,10,0,5,1
6,10,1,2,10
6,10,0,5,5
6,10,1,2,10
6,10,0,5,5
6,10,0,5,2
6,10,0,5,2
6,10,0,5,0
6,10,0,5,4
6,10,1,4,10
6,10,1,4,10
6,10,0,5,8
6,10,0,5,4
6,10,0,5,0
6,10,0,5,5
6,10,0,5,3
6,10,1,2,10
6,10,0,5,4
6,10,0,5,2
6,10,0,5,1
6,10,0,5,1
6,10,0,5,7
6,10,0,5,2
6,10,0,5,5
6,10,0,5,1
6,10,0,5,1
6,10,0,5,5
6,10,0,5,9
6,10,0,5,0
6,10,0,5,3
6,10,0,5,2
6,10,0,5,4
6,10,0,5,4
6,10,0,5,1
6,10,0,5,4
6,10,0,5,1
6,10,0,5,3
6,10,0,5,8
6,10,0,5,0
6,10,1,2,10
6,10,0,5,6
6,10,0,5,4
6,10,0,5,5
6,10,0,5,3
6,10,1,4,10
6,10,0,5,1
6,10,0,5,5
6,10,0,5,2
6,10,0,5,1
6,10,0,5,2
6,10,0,5,5
6,10,0,5,0
6,10,1,1,10
6,10,0,5,3
6,10,0,5,5
6,10,0,5,2
6,10,0,5,9
6,10,0,5,1
6,10,0,5,3
6,10,0,5,7
6,10,0,5,4
6,10,0,5,4
6,10,0,5,2
6,10,0,5,3
6,10,1,3,10
6,10,1,2,10
6,10,0,5,3
6,10,0,5,2
6,10,0,5,5
6,10,0,5,5
6,10,0,5,0
6,10,0,5,4
6,10,0,5,7
6,10,0,5,5
6,10,0,5,2
6,10,0,5,3
6,10,0,5,9
6,10,0,5,2
6,10,0,5,6
6,10,0,5,5
6,10,0,5,7
6,10,1,3,10
6,10,0,5,2
6,10,0,5,3
6,10,0,5,3
6,10,0,5,2
6,10,0,5,0
6,10,0,5,3
6,10,0,5,2
6,10,1,1,10
6,10,0,5,5
6,10,0,5,6
6,11,0,5,0
6,11,0,5,1
6,11,0,5,2
6,11,0,5,6
6,11,1,4,11
6,11,0,5,2
6,11,0,5,6
6,11,0,5,4
6,11,0,5,3
6,11,0,5,6
6,11,0,5,1
6,11,0,5,5
6,11,0,5,6
6,11,0,5,2
6,11,0,5,10
6,11,1,2,11
6,11,0,5,3
6,11,0,5,4
6,11,0,5,0
6,11,0,5,3
6,11,0,5,8
6,11,0,5,6
6,11,0,5,3
6,11,0,5,0
6,11,0,5,5
6,11,1,2,11
6,11,0,5,8
6,11,0,5,1
6,11,0,5,3
6,11,0,5,3
6,11,0,5,0
6,11,0,5,8
6,11,0,5,2
6,11,1,1,11
6,11,0,5,5
6,11,0,5,5
6,11,0,5,4
6,11,0,5,4
6,11,0,5,3
6,11,0,5,5
6,11,0,5,9
6,11,0,5,4
6,11,0,5,3
6,11,0,5,5
6,11,0,5,3
6,11,0,5,4
6,11,0,5,7
6,11,0,5,7
6,11,0,5,3
6,11,0,5,7
6,11,0,5,7
6,11,0,5,1
6,11,0,5,7
6,11,0,5,5
6,11,0,5,5
6,11,0,5,4
6,11,0,5,6
6,11,0,5,5
6,11,0,5,0
6,11,0,5,0
6,11,0,5,3
6,11,0,5,4
6,11,1,2,11
6,11,0,5,2
6,11,0,5,2
6,11,0,5,4
6,11,0,5,6
6,11,0,5,5
6,11,0,5,0
6,11,0,5,2
6,11,0,5,5
6,11,0,5,7
6,11,0,5,1
6,11,0,5,6
6,11,0,5,5
6,11,0,5,4
6,11,0,5,3
6,11,0,5,6
6,11,0,5,8
6,11,0,5,2
6,11,0,5,2
6,11,0,5,0
6,11,0,5,8
6,11,0,5,4
6,11,0,5,5
6,11,0,5,4
6,11,0,5,1
6,11,0,5,0
6,11,0,5,1
6,11,0,5,5
6,11,0,5,6
6,11,0,5,4
6,11,0,5,2
6,11,0,5,0
6,11,0,5,4
6,11,0,5,4
6,11,0,5,7
6,11,0,5,4
6,11,0,5,0
6,11,0,5,3
6,12,0,5,4
6,12,1,2,12
6,12,0,5,0
6,12,1,0,12
6,12,0,5,3
6,12,0,5,3
6,12,0,5,6
6,12,0,5,3
6,12,0,5,5
6,12,0,5,8
6,12,0,5,3
6,12,0,5,6
6,12,0,5,3
6,12,1,3,12
6,12,0,5,6
6,12,0,5,3
6,12,0,5,6
6,12,0,5,2
6,12,0,5,3
6,12,0,5,9
6,12,0,5,7
6,12,0,5,2
6,12,0,5,10
6,12,0,5,5
6,12,0,5,2
6,12,0,5,10
6,12,0,5,7
6,12,0,5,3
6,12,0,5,1
6,12,0,5,3
6,12,0,5,3
6,12,0,5,9
6,12,0,5,9
6,12,0,5,6
6,12,0,5,2
6,12,0,5,5
6,12,0,5,2
6,12,0,5,2
6,12,0,5,0
6,12,0,5,1
6,12,1,3,12
6,12,0,5,6
6,12,0,5,8
6,12,0,5,5
6,12,0,5,10
6,12,0,5,3
6,12,0,5,3
6,12,0,5,6
6,12,0,5,3
6,12,0,5,6
6,12,0,5,6
6,12,0,5,4
6,12,0,5,10
6,12,0,5,7
6,12,1,3,12
6,12,0,5,4
6,12,0,5,5
6,12,1,1,12
6,12,0,5,2
6,12,0,5,1
6,12,0,5,4
6,12,0,5,8
6,12,0,5,6
6,12,0,5,6
6,12,1,2,12
6,12,0,5,6
6,12,0,5,1
6,12,1,4,12
6,12,0,5,9
6,12,0,5,11
6,12,1,3,12
6,12,0,5,2
6,12,0,5,4
6,12,0,5,2
6,12,0,5,3
6,12,0,5,5
6,12,0,5,4
6,12,0,5,0
6,12,0,5,2
6,12,0,5,5
6,12,1,2,12
6,12,0,5,0
6,12,0,5,9
6,12,1,2,12
6,12,0,5,3
6,12,0,5,2
6,12,0,5,6
6,12,0,5,4
6,12,1,2,12
6,12,0,5,1
6,12,0,5,1
6,12,0,5,2
6,12,0,5,4
6,12,0,5,5
6,12,0,5,8
6,12,0,5,3
6,12,0,5,3
6,12,0,5,0
6,12,0,5,1
6,12,0,5,4
6,13,0,5,8
6,13,0,5,7
6,13,0,5,0
6,13,0,5,2
6,13,0,5,1
6,13,0,5,1
6,13,0,5,2
6,13,0,5,3
6,13,0,5,9
6,13,0,5,7
6,13,0,5,2
6,13,0,5,6
6,13,0,5,4
6,13,0,5,5
6,13,0,5,4
6,13,0,5,7
6,13,0,5,4
6,13,0,5,11
6,13,0,5,10
6,13,0,5,5
6,13,0,5,4
6,13,0,5,4
6,13,0,5,2
6,13,0,5,2
6,13,0,5,10
6,13,0,5,11
6,13,1,1,13
6,13,0,5,2
6,13,0,5,7
6,13,0,5,8
6,13,0,5,8
6,13,1,2,13
6,13,0,5,9
6,13,0,5,9
6,13,0,5,1
6,13,0,5,5
6,13,0,5,1
6,13,0,5,2
6,13,0,5,7
6,13,0,5,9
6,13,1,2,13
6,13,0,5,3
6,13,0,5,1
6,13,0,5,3
6,13,0,5,2
6,13,0,5,4
6,13,0,5,5
6,13,0,5,3
6,13,0,5,3
6,13,0,5,1
6,13,0,5,7
6,13,0,5,4
6,13,0,5,2
6,13,0,5,9
6,13,0,5,7
6,13,0,5,2
6,13,0,5,6
6,13,0,5,7
6,13,0,5,3
6,13,0,5,1
6,13,0,5,9
6,13,0,5,3
6,13,0,5,4
6,13,0,5,3
6,13,0,5,5
6,13,0,5,0
6,13,0,5,4
6,13,0,5,7
6,13,0,5,5
6,13,0,5,7
6,13,0,5,10
6,13,0,5,1
6,13,0,5,7
6,13,0,5,0
6,13,0,5,0
6,13,0,5,8
6,13,0,5,5
6,13,0,5,9
6,13,0,5,4
6,13,0,5,9
6,13,0,5,3
6,13,0,5,1
6,13,0,5,6
6,13,0,5,5
6,13,0,5,2
6,13,0,5,4
6,13,0,5,1
6,13,0,5,0
6,13,0,5,3
6,13,0,5,5
6,13,0,5,5
6,13,0,5,0
6,13,0,5,3
6,13,0,5,7
6,13,0,5,10
6,13,0,5,10
6,13,0,5,6
6,13,0,5,1
6,13,0,5,4
6,13,0,5,8
6,14,0,5,3
6,14,0,5,1
6,14,0,5,2
6,14,0,5,6
6,14,0,5,3
6,14,0,5,0
6,14,0,5,3
6,14,0,5,2
6,14,0,5,2
6,14,1,4,14
6,14,0,5,9
6,14,0,5,1
6,14,0,5,1
6,14,0,5,12
6,14,0,5,0
6,14,0,5,2
6,14,0,5,3
6,14,0,5,5
6,14,0,5,4
6,14,0,5,11
6,14,0,5,6
6,14,0,5,3
6,14,0,5,5
6,14,0,5,3
6,14,0,5,0
6,14,0,5,7
6,14,0,5,8
6,14,0,5,1
6,14,0,5,1
6,14,0,5,10
6,14,0,5,3
6,14,0,5,7
6,14,0,5,3
6,14,0,5,9
6,14,0,5,1
6,14,0,5,2
6,14,0,5,12
6,14,0,5,0
6,14,0,5,6
6,14,0,5,1
6,14,1,3,14
6,14,0,5,4
6,14,0,5,5
6,14,0,5,3
6,14,0,5,5
6,14,0,5,4
6,14,0,5,7
6,14,0,5,0
6,14,0,5,8
6,14,0,5,3
6,14,0,5,2
6,14,0,5,2
6,14,0,5,8
6,14,0,5,5
6,14,0,5,10
6,14,0,5,0
6,14,0,5,1
6,14,0,5,3
6,14,0,5,9
6,14,0,5,7
6,14,0,5,10
6,14,0,5,4
6,14,0,5,3
6,14,0,5,1
6,14,0,5,4
6,14,0,5,4
6,14,0,5,5
6,14,0,5,7
6,14,0,5,9
6,14,0,5,7
6,14,0,5,2
6,14,0,5,5
6,14,0,5,8
6,14,0,5,2
6,14,0,5,7
6,14,0,5,2
6,14,0,5,7
6,14,0,5,5
6,14,0,5,2
6,14,0,5,1
6,14,0,5,1
6,14,0,5,5
6,14,0,5,4
6,14,0,5,4
6,14,0,5,4
6,14,0,5,8
6,14,0,5,4
6,14,0,5,2
6,14,0,5,9
6,14,0,5,8
6,14,0,5,7
6,14,0,5,1
6,14,0,5,0
6,14,0,5,3
6,14,0,5,0
6,14,0,5,7
6,14,0,5,2
6,14,0,5,12
6,14,0,5,4
6,14,0,5,2
6,15,0,5,5
6,15,0,5,3
6,15,0,5,3
6,15,0,5,2
6,15,0,5,3
6,15,0,5,0
6,15,0,5,6
6,15,0,5,2
6,15,0,5,4
6,15,0,5,0
6,15,0,5,7
6,15,1,4,15
6,15,0,5,5
6,15,0,5,5
6,15,0,5,8
6,15,0,5,3
6,15,0,5,9
6,15,0,5,6
6,15,0,5,5
6,15,0,5,5
6,15,0,5,1
6,15,0,5,3
6,15,0,5,0
6,15,0,5,12
6,15,0,5,5
6,15,0,5,4
6,15,0,5,3
6,15,0,5,13
6,15,0,5,4
6,15,0,5,10
6,15,0,5,2
6,15,0,5,2
6,15,0,5,0
6,15,0,5,11
6,15,0,5,6
6,15,0,5,5
6,15,0,5,1
6,15,0,5,7
6,15,0,5,5
6,15,0,5,7
6,15,0,5,3
6,15,0,5,3
6,15,0,5,4
6,15,0,5,3
6,15,1,2,15
6,15,0,5,1
6,15,0,5,5
6,15,0,5,6
6,15,0,5,4
6,15,0,5,1
6,15,0,5,6
6,15,0,5,6
6,15,0,5,6
6,15,0,5,10
6,15,0,5,12
6,15,0,5,10
6,15,0,5,0
6,15,0,5,3
6,15,0,5,2
6,15,0,5,5
6,15,0,5,10
6,15,0,5,5
6,15,0,5,4
6,15,0,5,5
6,15,0,5,8
6,15,0,5,5
6,15,0,5,10
6,15,0,5,6
6,15,0,5,3
6,15,0,5,3
6,15,0,5,3
6,15,0,5,8
6,15,0,5,2
6,15,0,5,0
6,15,0,5,3
6,15,0,5,6
6,15,0,5,5
6,15,0,5,2
6,15,0,5,6
6,15,0,5,0
6,15,0,5,3
6,15,0,5,9
6,15,0,5,0
6,15,0,5,5
6,15,0,5,5
6,15,0,5,1
6,15,0,5,4
6,15,0,5,1
6,15,0,5,2
6,15,0,5,6
6,15,0,5,1
6,15,0,5,10
6,15,0,5,10
6,15,0,5,3
6,15,0,5,1
6,15,0,5,1
6,15,0,5,5
6,15,0,5,13
6,15,0,5,2
6,15,1,2,15
6,16,0,5,2
6,16,0,5,4
6,16,0,5,4
6,16,0,5,5
6,16,0,5,2
6,16,0,5,4
6,16,0,5,5
6,16,0,5,6
6,16,0,5,6
6,16,0,5,2
6,16,0,5,4
6,16,0,5,12
6,16,0,5,4
6,16,0,5,6
6,16,0,5,2
6,16,0,5,2
6,16,0,5,5
6,16,1,4,16
6,16,0,5,6
6,16,0,5,5
6,16,0,5,4
6,16,0,5,3
6,16,0,5,4
6,16,0,5,5
6,16,0,5,3
6,16,0,5,2
6,16,0,5,3
6,16,0,5,2
6,16,0,5,5
6,16,0,5,1
6,16,0,5,3
6,16,0,5,5
6,16,0,5,3
6,16,0,5,3
6,16,0,5,4
6,16,0,5,5
6,16,0,5,4
6,16,0,5,9
6,16,0,5,5
6,16,0,5,10
6,16,0,5,8
6,16,0,5,4
6,16,0,5,4
6,16,0,5,11
6,16,0,5,4
6,16,0,5,1
6,16,0,5,3
6,16,0,5,14
6,16,0,5,8
6,16,0,5,7
6,16,0,5,5
6,16,0,5,4
6,16,0,5,3
6,16,0,5,4
6,16,0,5,12
6,16,0,5,5
6,16,0,5,13
6,16,0,5,7
6,16,0,5,9
6,16,0,5,8
6,16,0,5,2
6,16,0,5,6
6,16,0,5,1
6,16,0,5,1
6,16,0,5,0
6,16,0,5,4
6,16,0,5,6
6,16,0,5,6
6,16,0,5,2
6,16,0,5,0
6,16,0,5,3
6,16,0,5,4
6,16,0,5,5
6,16,0,5,2
6,16,0,5,12
6,16,0,5,4
6,16,0,5,4
6,16,0,5,4
6,16,0,5,6
6,16,0,5,0
6,16,0,5,4
6,16,0,5,11
6,16,0,5,2
6,16,0,5,5
6,16,0,5,10
6,16,0,5,4
6,16,0,5,0
6,16,0,5,9
6,16,0,5,0
6,16,0,5,2
6,16,0,5,3
6,16,0,5,5
6,16,0,5,3
6,16,0,5,4
6,16,0,5,8
6,16,0,5,5
6,16,0,5,13
6,16,0,5,6
6,16,0,5,0
6,16,0,5,1
6,17,0,5,12
6,17,0,5,7
6,17,0,5,8
6,17,0,5,2
6,17,0,5,2
6,17,0,5,4
6,17,0,5,4
6,17,0,5,5
6,17,0,5,15
6,17,0,5,2
6,17,0,5,7
6,17,0,5,4
6,17,0,5,5
6,17,0,5,8
6,17,0,5,1
6,17,0,5,12
6,17,0,5,2
6,17,0,5,0
6,17,0,5,1
6,17,0,5,8
6,17,0,5,4
6,17,0,5,3
6,17,0,5,2
6,17,0,5,4
6,17,0,5,6
6,17,0,5,4
6,17,0,5,2
6,17,0,5,8
6,17,0,5,6
6,17,0,5,0
6,17,0,5,8
6,17,0,5,5
6,17,0,5,1
6,17,0,5,6
6,17,0,5,5
6,17,0,5,7
6,17,0,5,5
6,17,0,5,8
6,17,0,5,6
6,17,0,5,2
6,17,0,5,9
6,17,0,5,2
6,17,0,5,3
6,17,0,5,2
6,17,0,5,2
6,17,0,5,3
6,17,0,5,6
6,17,0,5,4
6,17,0,5,7
6,17,0,5,0
6,17,0,5,1
6,17,0,5,5
6,17,0,5,3
6,17,0,5,3
6,17,0,5,4
6,17,0,5,2
6,17,0,5,3
6,17,0,5,2
6,17,0,5,0
6,17,0,5,5
6,17,0,5,3
6,17,0,5,4
6,17,0,5,16
6,17,0,5,5
6,17,0,5,1
6,17,0,5,3
6,17,0,5,4
6,17,0,5,2
6,17,0,5,6
6,17,0,5,9
6,17,0,5,5
6,17,0,5,7
6,17,0,5,1
6,17,0,5,10
6,17,0,5,1
6,17,0,5,0
6,17,0,5,3
6,17,0,5,3
6,17,0,5,2
6,17,0,5,7
6,17,0,5,5
6,17,0,5,3
6,17,0,5,14
6,17,0,5,8
6,17,0,5,9
6,17,0,5,6
6,17,0,5,6
6,17,0,5,3
6,17,0,5,4
6,17,0,5,4
6,17,0,5,5
6,17,0,5,6
6,17,1,1,17
6,17,0,5,3
6,17,0,5,6
6,17,0,5,5
6,17,0,5,3
6,17,0,5,9
6,17,0,5,7
6,17,0,5,8
6,18,0,5,2
6,18,0,5,5
6,18,0,5,3
6,18,0,5,0
6,18,0,5,8
6,18,0,5,11
6,18,0,5,0
6,18,0,5,0
6,18,0,5,2
6,18,0,5,5
6,18,0,5,6
6,18,0,5,8
6,18,0,5,0
6,18,0,5,5
6,18,0,5,8
6,18,0,5,6
6,18,0,5,4
6,18,0,5,2
6,18,0,5,3
6,18,0,5,2
6,18,0,5,0
6,18,0,5,3
6,18,0,5,8
6,18,0,5,11
6,18,0,5,3
6,18,0,5,7
6,18,0,5,4
6,18,0,5,2
6,18,0,5,0
6,18,0,5,4
6,18,0,5,2
6,18,0,5,0
6,18,0,5,3
6,18,0,5,12
6,18,0,5,5
6,18,0,5,0
6,18,0,5,4
6,18,0,5,1
6,18,0,5,7
6,18,0,5,1
6,18,0,5,0
6,18,0,5,7
6,18,0,5,5
6,18,0,5,6
6,18,0,5,13
6,18,0,5,7
6,18,0,5,5
6,18,0,5,3
6,18,0,5,0
6,18,0,5,4
6,18,0,5,7
6,18,0,5,3
6,18,0,5,11
6,18,0,5,6
6,18,0,5,0
6,18,0,5,0
6,18,0,5,7
6,18,0,5,7
6,18,0,5,6
6,18,0,5,8
6,18,0,5,5
6,18,0,5,6
6,18,0,5,2
6,18,0,5,2
6,18,0,5,6
6,18,0,5,11
6,18,0,5,3
6,18,0,5,4
6,18,0,5,6
6,18,0,5,1
6,18,0,5,4
6,18,0,5,3
6,18,0,5,3
6,18,0,5,7
6,18,0,5,4
6,18,0,5,1
6,18,0,5,6
6,18,0,5,1
6,18,0,5,1
6,18,0,5,13
6,18,0,5,7
6,18,0,5,1
6,18,0,5,5
6,18,0,5,9
6,18,0,5,3
6,18,0,5,1
6,18,0,5,4
6,18,0,5,5
6,18,0,5,3
6,18,0,5,5
6,18,0,5,6
6,18,0,5,6
6,18,0,5,1
6,18,0,5,2
6,18,0,5,0
6,18,0,5,3
6,18,0,5,5
6,18,0,5,8
6,18,0,5,8
6,18,0,5,11
6,19,0,5,3
6,19,0,5,4
6,19,0,5,1
6,19,0,5,14
6,19,0,5,0
6,19,0,5,8
6,19,0,5,0
6,19,0,5,5
6,19,0,5,0
6,19,0,5,6
6,19,0,5,7
6,19,0,5,9
6,19,0,5,0
6,19,0,5,2
6,19,0,5,8
6,19,0,5,8
6,19,0,5,5
6,19,0,5,4
6,19,0,5,4
6,19,0,5,5
6,19,0,5,2
6,19,0,5,6
6,19,0,5,5
6,19,0,5,6
6,19,0,5,4
6,19,0,5,3
6,19,0,5,2
6,19,0,5,3
6,19,0,5,10
6,19,0,5,3
6,19,0,5,3
6,19,0,5,5
6,19,0,5,3
6,19,0,5,7
6,19,0,5,2
6,19,0,5,5
6,19,0,5,3
6,19,0,5,6
6,19,0,5,0
6,19,0,5,0
6,19,0,5,0
6,19,0,5,4
6,19,0,5,7
6,19,0,5,7
6,19,0,5,3
6,19,0,5,0
6,19,0,5,2
6,19,0,5,5
6,19,0,5,7
6,19,0,5,4
6,19,0,5,7
6,19,0,5,6
6,19,0,5,4
6,19,0,5,8
6,19,0,5,3
6,19,0,5,6
6,19,0,5,7
6,19,0,5,3
6,19,0,5,4
6,19,0,5,3
6,19,0,5,6
6,19,0,5,4
6,19,0,5,16
6,19,0,5,4
6,19,0,5,7
6,19,0,5,0
6,19,0,5,6
6,19,0,5,7
6,19,0,5,6
6,19,0,5,5
6,19,0,5,2
6,19,0,5,3
6,19,0,5,4
6,19,0,5,2
6,19,0,5,3
6,19,0,5,2
6,19,0,5,11
6,19,0,5,5
6,19,0,5,4
6,19,0,5,3
6,19,0,5,3
6,19,0,5,7
6,19,0,5,1
6,19,0,5,10
6,19,0,5,3
6,19,0,5,2
6,19,0,5,6
6,19,0,5,2
6,19,0,5,8
6,19,0,5,5
6,19,0,5,0
6,19,0,5,3
6,19,0,5,2
6,19,0,5,3
6,19,0,5,9
6,19,0,5,0
6,19,0,5,7
6,19,0,5,0
6,19,0,5,5
6,19,0,5,0
6,20,0,5,2
6,20,0,5,2
6,20,0,5,3
6,20,0,5,3
6,20,0,5,3
6,20,0,5,1
6,20,0,5,3
6,20,0,5,8
6,20,0,5,10
6,20,0,5,5
6,20,0,5,1
6,20,0,5,6
6,20,0,5,8
6,20,0,5,6
6,20,0,5,5
6,20,0,5,9
6,20,0,5,5
6,20,0,5,5
6,20,0,5,2
6,20,0,5,9
6,20,0,5,4
6,20,0,5,14
6,20,0,5,0
6,20,0,5,4
6,20,0,5,2
6,20,0,5,4
6,20,0,5,17
6,20,0,5,6
6,20,0,5,3
6,20,0,5,2
6,20,0,5,2
6,20,0,5,8
6,20,0,5,2
6,20,0,5,7
6,20,0,5,3
6,20,0,5,10
6,20,0,5,8
6,20,0,5,4
6,20,0,5,4
6,20,0,5,2
6,20,0,5,1
6,20,0,5,8
6,20,0,5,8
6,20,0,5,3
6,20,0,5,0
6,20,0,5,8
6,20,0,5,14
6,20,0,5,8
6,20,0,5,1
6,20,0,5,1
6,20,0,5,8
6,20,0,5,3
6,20,0,5,8
6,20,0,5,3
6,20,0,5,1
6,20,0,5,7
6,20,0,5,3
6,20,0,5,3
6,20,0,5,0
6,20,0,5,3
6,20,0,5,12
6,20,0,5,0
6,20,0,5,3
6,20,0,5,3
6,20,0,5,6
6,20,0,5,7
6,20,0,5,6
6,20,0,5,7
6,20,0,5,5
6,20,0,5,2
6,20,0,5,6
6,20,0,5,10
6,20,0,5,9
6,20,0,5,3
6,20,0,5,10
6,20,0,5,3
6,20,0,5,8
6,20,0,5,4
6,20,0,5,5
6,20,0,5,10
6,20,0,5,0
6,20,0,5,4
6,20,0,5,1
6,20,0,5,8
6,20,0,5,9
6,20,0,5,4
6,20,0,5,1
6,20,0,5,2
6,20,0,5,12
6,20,0,5,1
6,20,0,5,4
6,20,0,5,1
6,20,0,5,6
6,20,0,5,5
6,20,0,5,7
6,20,0,5,1
6,20,0,5,1
6,20,0,5,3
6,20,0,5,1
6,20,0,5,4
7,1,1,1,1
7,1,1,1,1
7,1,1,0,1
7,1,1,0,1
7,1,1,3,1
7,1,1,0,1
7,1,1,0,1
7,1,1,0,1
7,1,1,2,1
7,1,1,1,1
7,1,1,0,1
7,1,1,0,1
7,1,1,2,1
7,1,1,1,1
7,1,1,0,1
7,1,1,0,1
7,1,1,2,1
7,1,1,0,1
7,1,1,0,1
7,1,1,3,1
7,1,1,1,1
7,1,1,3,1
7,1,1,0,1
7,1,1,0,1
7,1,1,0,1
7,1,1,0,1
7,1,1,1,1
7,1,1,0,1
7,1,1,0,1
7,1,1,0,1
7,1,1,0,1
7,1,1,0,1
7,1,1,0,1
7,1,1,1,1
7,1,1,0,1
7,1,1,0,1
7,1,1,0,1
7,1,1,0,1
7,1,1,2,1
7,1,1,0,1
7,1,1,0,1
7,1,1,1,1
7,1,1,0,1
7,1,1,1,1
7,1,1,1,1
7,1,1,0,1
7,1,1,0,1
7,1,1,1,1
7,1,1,0,1
7,1,1,0,1
7,1,1,0,1
7,1,1,1,1
7,1,1,0,1
7,1,1,0,1
7,1,1,0,1
7,1,1,0,1
7,1,1,1,1
7,1,1,0,1
7,1,1,1,1
7,1,1,2,1
7,1,1,0,1
7,1,1,1,1
7,1,1,0,1
7,1,1,1,1
7,1,1,1,1
7,1,1,0,1
7,1,1,0,1
7,1,1,0,1
7,1,1,0,1
7,1,1,0,1
7,1,1,0,1
7,1,1,3,1
7,1,1,0,1
7,1,1,1,1
7,1,1,0,1
7,1,1,0,1
7,1,1,2,1
7,1,1,0,1
7,1,1,0,1
7,1,1,0,1
7,1,1,0,1
7,1,1,0,1
7,1,1,0,1
7,1,1,1,1
7,1,1,0,1
7,1,1,0,1
7,1,1,0,1
7,1,1,0,1
7,1,1,1,1
7,1,1,1,1
7,1,1,0,1
7,1,1,0,1
7,1,1,0,1
7,1,1,0,1
7,1,1,1,1
7,1,1,0,1
7,1,1,1,1
7,1,1,0,1
7,1,1,0,1
7,1,1,0,1
7,2,1,1,2
7,2,1,3,2
7,2,1,0,2
7,2,1,2,2
7,2,1,0,2
7,2,1,3,2
7,2,1,3,2
7,2,1,2,2
7,2,1,2,2
7,2,1,2,2
7,2,1,0,2
7,2,1,3,2
7,2,1,0,2
7,2,1,0,2
7,2,0,6,0
7,2,1,2,2
7,2,1,3,2
7,2,1,3,2
7,2,1,0,2
7,2,1,2,2
7,2,1,1,2
7,2,1,0,2
7,2,1,5,2
7,2,1,2,2
7,2,1,2,2
7,2,1,3,2
7,2,1,2,2
7,2,1,1,2
7,2,1,1,2
7,2,1,1,2
7,2,1,1,2
7,2,1,1,2
7,2,1,2,2
7,2,1,3,2
7,2,0,6,0
7,2,1,3,2
7,2,1,0,2
7,2,1,0,2
7,2,1,0,2
7,2,1,2,2
7,2,1,1,2
7,2,1,0,2
7,2,1,1,2
7,2,1,0,2
7,2,1,2,2
7,2,0,6,1
7,2,1,5,2
7,2,1,0,2
7,2,1,0,2
7,2,1,4,2
7,2,1,1,2
7,2,1,2,2
7,2,1,3,2
7,2,1,1,2
7,2,1,0,2
7,2,1,1,2
7,2,1,0,2
7,2,1,2,2
7,2,1,1,2
7,2,1,2,2
7,2,0,6,0
7,2,1,2,2
7,2,1,0,2
7,2,1,2,2
7,2,1,0,2
7,2,1,2,2
7,2,1,3,2
7,2,1,3,2
7,2,1,0,2
7,2,1,1,2
7,2,1,0,2
7,2,1,1,2
7,2,1,3,2
7,2,1,1,2
7,2,0,6,0
7,2,1,2,2
7,2,1,0,2
7,2,1,0,2
7,2,1,0,2
7,2,1,1,2
7,2,1,2,2
7,2,1,2,2
7,2,0,6,0
7,2,1,1,2
7,2,1,0,2
7,2,1,0,2
7,2,1,0,2
7,2,1,2,2
7,2,1,1,2
7,2,1,1,2
7,2,1,2,2
7,2,1,1,2
7,2,1,0,2
7,2,1,0,2
7,2,1,1,2
7,2,1,4,2
7,2,1,3,2
7,2,1,3,2
7,2,1,0,2
7,2,1,1,2
7,3,1,1,3
7,3,1,4,3
7,3,1,2,3
7,3,1,0,3
7,3,1,0,3
7,3,0,6,1
7,3,0,6,0
7,3,1,2,3
7,3,0,6,1
7,3,0,6,0
7,3,1,1,3
7,3,1,0,3
7,3,1,3,3
7,3,1,2,3
7,3,1,1,3
7,3,0,6,0
7,3,1,0,3
7,3,1,3,3
7,3,1,1,3
7,3,1,1,3
7,3,1,4,3
7,3,0,6,2
7,3,1,2,3
7,3,1,0,3
7,3,1,0,3
7,3,1,4,3
7,3,0,6,1
7,3,1,2,3
7,3,1,0,3
7,3,1,0,3
7,3,1,5,3
7,3,1,3,3
7,3,1,3,3
7,3,1,1,3
7,3,0,6,1
7,3,1,1,3
7,3,1,1,3
7,3,1,2,3
7,3,1,3,3
7,3,1,1,3
7,3,0,6,0
7,3,1,4,3
7,3,0,6,2
7,3,1,5,3
7,3,0,6,0
7,3,1,0,3
7,3,1,0,3
7,3,1,2,3
7,3,1,3,3
7,3,1,1,3
7,3,1,4,3
7,3,0,6,2
7,3,1,1,3
7,3,1,1,3
7,3,1,2,3
7,3,1,3,3
7,3,0,6,0
7,3,1,0,3
7,3,0,6,0
7,3,1,1,3
7,3,1,2,3
7,3,1,0,3
7,3,1,5,3
7,3,1,1,3
7,3,1,1,3
7,3,1,3,3
7,3,1,1,3
7,3,1,4,3
7,3,0,6,0
7,3,1,2,3
7,3,1,1,3
7,3,1,0,3
7,3,1,1,3
7,3,1,2,3
7,3,1,0,3
7,3,0,6,0
7,3,1,0,3
7,3,1,2,3
7,3,1,2,3
7,3,1,0,3
7,3,1,1,3
7,3,1,2,3
7,3,1,2,3
7,3,1,1,3
7,3,1,4,3
7,3,1,1,3
7,3,0,6,0
7,3,1,0,3
7,3,0,6,1
7,3,1,0,3
7,3,1,1,3
7,3,1,2,3
7,3,1,1,3
7,3,0,6,0
7,3,1,2,3
7,3,1,0,3
7,3,1,3,3
7,3,1,1,3
7,3,1,4,3
7,3,1,4,3
7,4,0,6,0
7,4,1,1,4
7,4,0,6,2
7,4,1,1,4
7,4,0,6,3
7,4,1,1,4
7,4,1,4,4
7,4,0,6,3
7,4,1,1,4
7,4,0,6,1
7,4,1,0,4
7,4,1,3,4
7,4,1,2,4
7,4,1,5,4
7,4,1,2,4
7,4,1,2,4
7,4,1,5,4
7,4,0,6,3
7,4,1,1,4
7,4,1,4,4
7,4,1,3,4
7,4,1,0,4
7,4,0,6,3
7,4,0,6,2
7,4,0,6,1
7,4,1,4,4
7,4,1,5,4
7,4,1,3,4
7,4,1,2,4
7,4,0,6,3
7,4,1,2,4
7,4,1,1,4
7,4,0,6,2
7,4,0,6,2
7,4,1,4,4
7,4,1,4,4
7,4,1,1,4
7,4,1,3,4
7,4,1,4,4
7,4,0,6,3
7,4,1,1,4
7,4,0,6,1
7,4,1,3,4
7,4,1,2,4
7,4,1,2,4
7,4,1,0,4
7,4,1,4,4
7,4,1,1,4
7,4,1,1,4
7,4,1,1,4
7,4,1,1,4
7,4,1,2,4
7,4,1,1,4
7,4,1,2,4
7,4,1,0,4
7,4,1,5,4
7,4,1,1,4
7,4,1,1,4
7,4,0,6,0
7,4,1,1,4
7,4,1,1,4
7,4,1,5,4
7,4,1,3,4
7,4,1,2,4
7,4,1,1,4
7,4,1,2,4
7,4,1,4,4
7,4,1,1,4
7,4,1,3,4
7,4,1,1,4
7,4,1,1,4
7,4,1,3,4
7,4,1,3,4
7,4,0,6,2
7,4,0,6,3
7,4,1,2,4
7,4,1,2,4
7,4,0,6,3
7,4,1,5,4
7,4,1,2,4
7,4,1,5,4
7,4,1,2,4
7,4,1,4,4
7,4,1,5,4
7,4,1,0,4
7,4,1,2,4
7,4,0,6,3
7,4,1,0,4
7,4,0,6,2
7,4,1,4,4
7,4,0,6,3
7,4,0,6,3
7,4,1,2,4
7,4,0,6,2
7,4,1,1,4
7,4,0,6,3
7,4,1,1,4
7,4,1,1,4
7,4,0,6,2
7,4,1,3,4
7,5,1,0,5
7,5,1,1,5
7,5,1,0,5
7,5,0,6,2
7,5,1,1,5
7,5,1,2,5
7,5,1,2,5
7,5,1,1,5
7,5,1,0,5
7,5,1,1,5
7,5,1,3,5
7,5,1,4,5
7,5,0,6,2
7,5,0,6,2
7,5,1,3,5
7,5,1,1,5
7,5,1,3,5
7,5,1,0,5
7,5,0,6,1
7,5,1,5,5
7,5,0,6,2
7,5,1,0,5
7,5,1,2,5
7,5,1,0,5
7,5,1,3,5
7,5,1,3,5
7,5,1,0,5
7,5,0,6,3
7,5,0,6,4
7,5,0,6,2
7,5,1,5,5
7,5,0,6,3
7,5,1,0,5
7,5,0,6,2
7,5,0,6,3
7,5,0,6,1
7,5,1,4,5
7,5,0,6,3
7,5,1,3,5
7,5,1,3,5
7,5,1,3,5
7,5,1,5,5
7,5,1,2,5
7,5,1,4,5
7,5,0,6,0
7,5,1,2,5
7,5,1,4,5
7,5,1,0,5
7,5,0,6,4
7,5,1,0,5
7,5,0,6,4
7,5,1,1,5
7,5,0,6,0
7,5,0,6,2
7,5,1,0,5
7,5,0,6,2
7,5,0,6,0
7,5,1,1,5
7,5,1,4,5
7,5,1,1,5
7,5,1,2,5
7,5,1,4,5
7,5,1,5,5
7,5,1,1,5
7,5,1,5,5
7,5,1,0,5
7,5,0,6,3
7,5,0,6,2
7,5,1,2,5
7,5,1,3,5
7,5,1,5,5
7,5,0,6,3
7,5,1,0,5
7,5,0,6,1
7,5,1,3,5
7,5,1,0,5
7,5,1,5,5
7,5,0,6,1
7,5,1,4,5
7,5,1,3,5
7,5,1,3,5
7,5,1,1,5
7,5,1,5,5
7,5,1,2,5
7,5,1,1,5
7,5,1,2,5
7,5,1,2,5
7,5,0,6,3
7,5,0,6,3
7,5,1,2,5
7,5,1,3,5
7,5,1,0,5
7,5,1,3,5
7,5,0,6,1
7,5,0,6,2
7,5,0,6,3
7,5,0,6,3
7,5,1,0,5
7,5,1,0,5
7,5,1,0,5
7,6,1,2,6
7,6,0,6,4
7,6,0,6,3
7,6,0,6,2
7,6,1,5,6
7,6,0,6,5
7,6,1,1,6
7,6,1,3,6
7,6,1,4,6
7,6,1,2,6
7,6,1,3,6
7,6,0,6,4
7,6,0,6,1
7,6,1,2,6
7,6,0,6,2
7,6,1,4,6
7,6,1,2,6
7,6,0,6,0
7,6,0,6,4
7,6,1,4,6
7,6,1,2,6
7,6,1,2,6
7,6,1,3,6
7,6,1,4,6
7,6,1,2,6
7,6,0,6,3
7,6,1,3,6
7,6,0,6,2
7,6,0,6,1
7,6,0,6,2
7,6,0,6,0
7,6,1,2,6
7,6,1,3,6
7,6,1,1,6
7,6,0,6,4
7,6,0,6,4
7,6,0,6,4
7,6,1,5,6
7,6,1,0,6
7,6,1,2,6
7,6,1,2,6
7,6,0,6,3
7,6,0,6,0
7,6,1,1,6
7,6,0,6,2
7,6,0,6,4
7,6,1,1,6
7,6,0,6,5
7,6,0,6,5
7,6,1,1,6
7,6,0,6,0
7,6,1,0,6
7,6,0,6,2
7,6,0,6,2
7,6,1,0,6
7,6,0,6,4
7,6,0,6,3
7,6,0,6,5
7,6,1,2,6
7,6,0,6,3
7,6,0,6,5
7,6,0,6,1
7,6,0,6,2
7,6,0,6,1
7,6,0,6,2
7,6,0,6,5
7,6,1,4,6
7,6,1,1,6
7,6,0,6,3
7,6,1,2,6
7,6,0,6,5
7,6,0,6,4
7,6,1,2,6
7,6,1,3,6
7,6,0,6,1
7,6,0,6,2
7,6,0,6,2
7,6,0,6,2
7,6,0,6,4
7,6,0,6,5
7,6,1,4,6
7,6,1,3,6
7,6,1,5,6
7,6,1,4,6
7,6,1,4,6
7,6,1,0,6
7,6,0,6,3
7,6,1,4,6
7,6,0,6,0
7,6,1,5,6
7,6,0,6,2
7,6,0,6,4
7,6,1,2,6
7,6,0,6,1
7,6,0,6,3
7,6,1,3,6
7,6,1,1,6
7,6,1,4,6
7,6,0,6,5
7,6,0,6,1
7,7,0,6,2
7,7,0,6,4
7,7,0,6,6
7,7,1,1,7
7,7,1,0,7
7,7,0,6,5
7,7,0,6,4
7,7,0,6,5
7,7,1,3,7
7,7,0,6,4
7,7,1,1,7
7,7,1,1,7
7,7,1,4,7
7,7,1,3,7
7,7,1,3,7
7,7,1,2,7
7,7,0,6,4
7,7,0,6,3
7,7,1,0,7
7,7,1,4,7
7,7,1,3,7
7,7,1,1,7
7,7,1,2,7
7,7,1,3,7
7,7,1,4,7
7,7,0,6,1
7,7,0,6,5
7,7,1,4,7
7,7,0,6,2
7,7,1,3,7
7,7,0,6,4
7,7,0,6,5
7,7,0,6,1
7,7,0,6,2
7,7,1,3,7
7,7,0,6,5
7,7,1,5,7
7,7,1,0,7
7,7,1,3,7
7,7,0,6,5
7,7,1,3,7
7,7,0,6,5
7,7,0,6,5
7,7,1,0,7
7,7,1,1,7
7,7,1,5,7
7,7,1,4,7
7,7,0,6,3
7,7,0,6,3
7,7,0,6,4
7,7,0,6,3
7,7,1,3,7
7,7,0,6,5
7,7,0,6,0
7,7,0,6,5
7,7,1,1,7
7,7,0,6,6
7,7,0,6,1
7,7,0,6,4
7,7,0,6,3
7,7,1,0,7
7,7,0,6,5
7,7,0,6,2
7,7,1,1,7
7,7,0,6,1
7,7,1,2,7
7,7,0,6,3
7,7,1,3,7
7,7,0,6,3
7,7,0,6,3
7,7,0,6,0
7,7,0,6,4
7,7,1,0,7
7,7,1,4,7
7,7,0,6,4
7,7,1,3,7
7,7,1,5,7
7,7,0,6,6
7,7,1,4,7
7,7,0,6,2
7,7,0,6,5
7,7,0,6,1
7,7,1,1,7
7,7,0,6,2
7,7,0,6,5
7,7,1,3,7
7,7,1,2,7
7,7,1,4,7
7,7,0,6,3
7,7,1,3,7
7,7,1,0,7
7,7,0,6,2
7,7,0,6,5
7,7,0,6,5
7,7,0,6,6
7,7,0,6,4
7,7,0,6,5
7,7,1,3,7
7,7,1,3,7
7,7,1,1,7
7,8,0,6,3
7,8,1,3,8
7,8,0,6,5
7,8,1,1,8
7,8,1,1,8
7,8,0,6,3
7,8,0,6,0
7,8,0,6,0
7,8,0,6,4
7,8,0,6,3
7,8,1,5,8
7,8,0,6,1
7,8,0,6,2
7,8,0,6,5
7,8,1,4,8
7,8,0,6,3
7,8,0,6,4
7,8,1,4,8
7,8,1,2,8
7,8,0,6,5
7,8,1,2,8
7,8,0,6,5
7,8,1,2,8
7,8,1,4,8
7,8,0,6,3
7,8,1,4,8
7,8,1,3,8
7,8,1,3,8
7,8,0,6,4
7,8,0,6,3
7,8,0,6,6
7,8,0,6,5
7,8,0,6,0
7,8,0,6,4
7,8,1,2,8
7,8,0,6,6
7,8,1,4,8
7,8,1,1,8
7,8,1,3,8
7,8,0,6,6
7,8,0,6,3
7,8,0,6,4
7,8,0,6,6
7,8,0,6,2
7,8,0,6,4
7,8,0,6,2
7,8,1,5,8
7,8,0,6,1
7,8,1,3,8
7,8,1,3,8
7,8,1,2,8
7,8,0,6,1
7,8,0,6,4
7,8,1,4,8
7,8,0,6,3
7,8,1,0,8
7,8,1,4,8
7,8,0,6,6
7,8,0,6,1
7,8,1,5,8
7,8,0,6,5
7,8,0,6,4
7,8,0,6,5
7,8,0,6,5
7,8,0,6,4
7,8,0,6,4
7,8,0,6,2
7,8,0,6,3
7,8,1,0,8
7,8,1,0,8
7,8,0,6,2
7,8,1,2,8
7,8,0,6,6
7,8,0,6,4
7,8,0,6,2
7,8,0,6,1
7,8,0,6,3
7,8,1,4,8
7,8,0,6,2
7,8,1,0,8
7,8,1,3,8
7,8,0,6,4
7,8,0,6,1
7,8,0,6,1
7,8,0,6,1
7,8,1,5,8
7,8,0,6,4
7,8,0,6,3
7,8,0,6,2
7,8,0,6,4
7,8,1,1,8
7,8,0,6,5
7,8,0,6,5
7,8,0,6,5
7,8,0,6,5
7,8,0,6,7
7,8,0,6,2
7,8,1,4,8
7,8,1,5,8
7,8,0,6,5
7,9,1,3,9
7,9,0,6,1
7,9,0,6,4
7,9,0,6,6
7,9,0,6,2
7,9,0,6,2
7,9,0,6,0
7,9,0,6,1
7,9,0,6,7
7,9,0,6,6
7,9,0,6,5
7,9,0,6,4
7,9,0,6,5
7,9,0,6,5
7,9,0,6,5
7,9,0,6,3
7,9,0,6,2
7,9,0,6,4
7,9,0,6,8
7,9,0,6,4
7,9,0,6,5
7,9,0,6,0
7,9,1,3,9
7,9,0,6,1
7,9,0,6,3
7,9,0,6,6
7,9,0,6,7
7,9,0,6,5
7,9,0,6,1
7,9,0,6,5
7,9,0,6,5
7,9,0,6,7
7,9,0,6,6
7,9,0,6,2
7,9,0,6,4
7,9,0,6,7
7,9,0,6,6
7,9,1,1,9
7,9,0,6,5
7,9,0,6,3
7,9,1,5,9
7,9,0,6,4
7,9,1,5,9
7,9,0,6,0
7,9,1,3,9
7,9,0,6,5
7,9,0,6,6
7,9,1,1,9
7,9,0,6,5
7,9,0,6,0
7,9,0,6,4
7,9,0,6,3
7,9,1,4,9
7,9,0,6,8
7,9,1,3,9
7,9,0,6,6
7,9,1,2,9
7,9,0,6,3
7,9,1,2,9
7,9,1,2,9
7,9,0,6,6
7,9,0,6,3
7,9,0,6,6
7,9,0,6,4
7,9,0,6,1
7,9,0,6,7
7,9,0,6,7
7,9,0,6,4
7,9,0,6,4
7,9,1,2,9
7,9,0,6,7
7,9,1,3,9
7,9,0,6,6
7,9,0,6,0
7,9,0,6,1
7,9,1,3,9
7,9,0,6,8
7,9,0,6,5
7,9,0,6,5
7,9,0,6,4
7,9,0,6,6
7,9,0,6,5
7,9,0,6,6
7,9,0,6,1
7,9,0,6,7
7,9,0,6,5
7,9,0,6,1
7,9,0,6,2
7,9,0,6,1
7,9,0,6,1
7,9,0,6,6
7,9,1,2,9
7,9,1,3,9
7,9,1,3,9
7,9,1,3,9
7,9,0,6,4
7,9,0,6,5
7,9,0,6,5
7,9,1,3,9
7,9,0,6,6
7,10,1,3,10
7,10,0,6,3
7,10,1,2,10
7,10,0,6,6
7,10,1,5,10
7,10,0,6,6
7,10,1,3,10
7,10,0,6,2
7,10,0,6,5
7,10,0,6,1
7,10,0,6,8
7,10,0,6,4
7,10,0,6,1
7,10,1,1,10
7,10,0,6,4
7,10,1,0,10
7,10,0,6,5
7,10,0,6,4
7,10,1,3,10
7,10,1,1,10
7,10,0,6,4
7,10,1,4,10
7,10,0,6,3
7,10,0,6,0
7,10,0,6,5
7,10,0,6,8
7,10,0,6,3
7,10,0,6,2
7,10,1,3,10
7,10,0,6,3
7,10,0,6,4
7,10,1,4,10
7,10,0,6,7
7,10,0,6,1
7,10,1,3,10
7,10,0,6,5
7,10,0,6,6
7,10,0,6,7
7,10,0,6,3
7,10,1,1,10
7,10,1,3,10
7,10,1,5,10
7,10,0,6,4
7,10,0,6,5
7,10,0,6,2
7,10,1,5,10
7,10,0,6,4
7,10,0,6,4
7,10,1,5,10
7,10,0,6,6
7,10,0,6,4
7,10,0,6,6
7,10,0,6,5
7,10,1,4,10
7,10,0,6,8
7,10,1,3,10
7,10,0,6,6
7,10,1,4,10
7,10,0,6,4
7,10,0,6,8
7,10,1,3,10
7,10,0,6,0
7,10,1,2,10
7,10,0,6,7
7,10,0,6,7
7,10,0,6,4
7,10,0,6,9
7,10,0,6,7
7,10,1,5,10
7,10,0,6,3
7,10,0,6,3
7,10,1,2,10
7,10,1,3,10
7,10,0,6,6
7,10,1,3,10
7,10,0,6,3
7,10,0,6,7
7,10,0,6,7
7,10,0,6,7
7,10,0,6,4
7,10,0,6,3
7,10,0,6,2
7,10,0,6,4
7,10,0,6,2
7,10,0,6,2
7,10,0,6,1
7,10,0,6,5
7,10,1,2,10
7,10,0,6,8
7,10,1,3,10
7,10,0,6,0
7,10,0,6,5
7,10,0,6,3
7,10,1,3,10
7,10,0,6,3
7,10,1,2,10
7,10,0,6,2
7,10,0,6,2
7,10,0,6,8
7,10,0,6,6
7,11,0,6,1
7,11,0,6,6
7,11,0,6,7
7,11,1,3,11
7,11,0,6,7
7,11,0,6,8
7,11,0,6,4
7,11,0,6,7
7,11,0,6,5
7,11,0,6,8
7,11,0,6,4
7,11,0,6,7
7,11,0,6,7
7,11,0,6,2
7,11,0,6,0
7,11,1,5,11
7,11,0,6,4
7,11,0,6,2
7,11,0,6,9
7,11,0,6,0
7,11,0,6,1
7,11,0,6,7
7,11,1,0,11
7,11,0,6,3
7,11,0,6,6
7,11,0,6,6
7,11,0,6,8
7,11,0,6,3
7,11,0,6,6
7,11,0,6,4
7,11,1,3,11
7,11,0,6,6
7,11,0,6,5
7,11,0,6,4
7,11,0,6,10
7,11,0,6,0
7,11,0,6,6
7,11,0,6,4
7,11,0,6,9
7,11,0,6,1
7,11,0,6,1
7,11,1,1,11
7,11,0,6,5
7,11,1,5,11
7,11,0,6,2
7,11,0,6,9
7,11,0,6,6
7,11,0,6,3
7,11,0,6,2
7,11,0,6,2
7,11,0,6,8
7,11,0,6,8
7,11,1,3,11
7,11,0,6,6
7,11,0,6,6
7,11,0,6,9
7,11,1,3,11
7,11,0,6,3
7,11,0,6,4
7,11,0,6,4
7,11,0,6,4
7,11,0,6,2
7,11,0,6,3
7,11,0,6,7
7,11,0,6,3
7,11,1,4,11
7,11,0,6,1
7,11,0,6,9
7,11,0,6,3
7,11,0,6,1
7,11,0,6,1
7,11,0,6,4
7,11,0,6,1
7,11,0,6,4
7,11,0,6,6
7,11,0,6,8
7,11,1,5,11
7,11,0,6,6
7,11,0,6,8
7,11,0,6,7
7,11,0,6,9
7,11,0,6,5
7,11,0,6,1
7,11,1,0,11
7,11,0,6,7
7,11,1,1,11
7,11,1,3,11
7,11,0,6,6
7,11,0,6,8
7,11,0,6,8
7,11,0,6,10
7,11,0,6,4
7,11,0,6,6
7,11,0,6,6
7,11,0,6,2
7,11,0,6,5
7,11,1,3,11
7,11,0,6,7
7,11,0,6,0
7,11,0,6,4
7,12,1,3,12
7,12,0,6,6
7,12,0,6,5
7,12,0,6,6
7,12,0,6,7
7,12,0,6,4
7,12,0,6,10
7,12,0,6,3
7,12,0,6,6
7,12,0,6,2
7,12,0,6,2
7,12,0,6,1
7,12,0,6,2
7,12,0,6,8
7,12,0,6,2
7,12,0,6,1
7,12,0,6,8
7,12,0,6,3
7,12,0,6,8
7,12,0,6,4
7,12,0,6,3
7,12,0,6,3
7,12,0,6,5
7,12,0,6,9
7,12,0,6,1
7,12,0,6,4
7,12,0,6,8
7,12,0,6,2
7,12,1,3,12
7,12,0,6,6
7,12,0,6,10
7,12,0,6,3
7,12,0,6,7
7,12,0,6,2
7,12,0,6,8
7,12,0,6,3
7,12,0,6,0
7,12,0,6,3
7,12,0,6,2
7,12,0,6,5
7,12,0,6,7
7,12,0,6,3
7,12,0,6,8
7,12,0,6,9
7,12,0,6,3
7,12,0,6,4
7,12,0,6,3
7,12,0,6,2
7,12,0,6,3
7,12,0,6,2
7,12,0,6,1
7,12,0,6,8
7,12,0,6,6
7,12,0,6,2
7,12,0,6,8
7,12,0,6,4
7,12,0,6,3
7,12,0,6,5
7,12,0,6,5
7,12,0,6,10
7,12,0,6,1
7,12,0,6,3
7,12,0,6,6
7,12,0,6,7
7,12,0,6,3
7,12,0,6,1
7,12,0,6,5
7,12,1,3,12
7,12,0,6,4
7,12,0,6,7
7,12,0,6,4
7,12,0,6,3
7,12,0,6,3
7,12,0,6,10
7,12,0,6,6
7,12,1,1,12
7,12,0,6,8
7,12,1,3,12
7,12,0,6,5
7,12,0,6,3
7,12,0,6,3
7,12,0,6,2
7,12,0,6,3
7,12,0,6,8
7,12,0,6,2
7,12,0,6,5
7,12,0,6,5
7,12,1,4,12
7,12,0,6,8
7,12,0,6,0
7,12,0,6,5
7,12,0,6,0
7,12,0,6,9
7,12,0,6,4
7,12,1,3,12
7,12,0,6,5
7,12,1,3,12
7,12,0,6,10
7,12,0,6,7
7,12,0,6,0
7,13,0,6,3
7,13,0,6,1
7,13,0,6,11
7,13,1,3,13
7,13,0,6,6
7,13,0,6,4
7,13,0,6,7
7,13,0,6,4
7,13,0,6,5
7,13,0,6,3
7,13,0,6,9
7,13,1,2,13
7,13,0,6,10
7,13,0,6,5
7,13,0,6,3
7,13,0,6,4
7,13,0,6,0
7,13,0,6,8
7,13,0,6,0
7,13,0,6,2
7,13,0,6,4
7,13,0,6,8
7,13,0,6,9
7,13,0,6,5
7,13,0,6,9
7,13,0,6,4
7,13,0,6,1
7,13,0,6,6
7,13,0,6,9
7,13,0,6,2
7,13,0,6,3
7,13,1,4,13
7,13,0,6,8
7,13,0,6,4
7,13,0,6,4
7,13,1,2,13
7,13,0,6,1
7,13,0,6,6
7,13,0,6,7
7,13,0,6,3
7,13,0,6,9
7,13,0,6,1
7,13,0,6,4
7,13,0,6,6
7,13,1,2,13
7,13,0,6,4
7,13,0,6,8
7,13,0,6,1
7,13,0,6,6
7,13,0,6,8
7,13,0,6,7
7,13,0,6,5
7,13,0,6,6
7,13,0,6,2
7,13,0,6,6
7,13,0,6,3
7,13,0,6,5
7,13,0,6,10
7,13,0,6,8
7,13,0,6,2
7,13,0,6,4
7,13,0,6,6
7,13,0,6,2
7,13,0,6,5
7,13,0,6,2
7,13,0,6,2
7,13,1,5,13
7,13,0,6,3
7,13,0,6,2
7,13,0,6,5
7,13,0,6,5
7,13,0,6,8
7,13,0,6,3
7,13,0,6,3
7,13,0,6,6
7,13,0,6,7
7,13,0,6,2
7,13,0,6,5
7,13,0,6,8
7,13,0,6,11
7,13,0,6,7
7,13,0,6,8
7,13,0,6,7
7,13,1,5,13
7,13,0,6,6
7,13,0,6,8
7,13,0,6,4
7,13,0,6,6
7,13,0,6,7
7,13,0,6,5
7,13,0,6,3
7,13,0,6,3
7,13,0,6,10
7,13,0,6,8
7,13,0,6,5
7,13,0,6,2
7,13,0,6,4
7,13,0,6,11
7,13,0,6,2
7,13,0,6,9
7,14,0,6,5
7,14,0,6,7
7,14,0,6,5
7,14,0,6,5
7,14,1,4,14
7,14,0,6,2
7,14,0,6,2
7,14,0,6,7
7,14,0,6,9
7,14,0,6,3
7,14,0,6,3
7,14,0,6,0
7,14,1,3,14
7,14,0,6,1
7,14,0,6,5
7,14,1,4,14
7,14,0,6,1
7,14,0,6,8
7,14,0,6,5
7,14,0,6,1
7,14,0,6,3
7,14,0,6,5
7,14,0,6,2
7,14,0,6,4
7,14,1,3,14
7,14,0,6,6
7,14,0,6,5
7,14,0,6,2
7,14,0,6,4
7,14,0,6,5
7,14,0,6,0
7,14,0,6,6
7,14,1,4,14
7,14,0,6,6
7,14,0,6,11
7,14,0,6,11
7,14,0,6,4
7,14,0,6,2
7,14,0,6,4
7,14,0,6,8
7,14,0,6,5
7,14,0,6,4
7,14,0,6,3
7,14,0,6,8
7,14,0,6,4
7,14,0,6,3
7,14,0,6,1
7,14,0,6,8
7,14,0,6,8
7,14,0,6,6
7,14,0,6,6
7,14,0,6,3
7,14,0,6,4
7,14,0,6,0
7,14,0,6,7
7,14,0,6,9
7,14,0,6,0
7,14,0,6,3
7,14,0,6,4
7,14,0,6,8
7,14,0,6,3
7,14,0,6,2
7,14,0,6,2
7,14,0,6,10
7,14,0,6,2
7,14,0,6,2
7,14,0,6,5
7,14,0,6,3
7,14,0,6,5
7,14,0,6,1
7,14,0,6,4
7,14,0,6,0
7,14,0,6,3
7,14,0,6,10
7,14,0,6,0
7,14,0,6,9
7,14,0,6,6
7,14,0,6,5
7,14,0,6,5
7,14,0,6,5
7,14,0,6,8
7,14,0,6,8
7,14,0,6,4
7,14,0,6,8
7,14,0,6,9
7,14,0,6,3
7,14,0,6,9
7,14,0,6,5
7,14,0,6,8
7,14,0,6,2
7,14,0,6,4
7,14,0,6,7
7,14,0,6,0
7,14,0,6,8
7,14,0,6,3
7,14,0,6,11
7,14,0,6,5
7,14,0,6,3
7,14,0,6,5
7,14,0,6,5
7,15,0,6,10
7,15,0,6,4
7,15,0,6,6
7,15,0,6,10
7,15,0,6,5
7,15,0,6,1
7,15,0,6,3
7,15,0,6,3
7,15,0,6,7
7,15,0,6,2
7,15,0,6,7
7,15,0,6,5
7,15,0,6,1
7,15,0,6,3
7,15,0,6,8
7,15,0,6,6
7,15,0,6,8
7,15,0,6,6
7,15,0,6,6
7,15,0,6,5
7,15,0,6,9
7,15,0,6,1
7,15,0,6,7
7,15,0,6,3
7,15,0,6,8
7,15,0,6,2
7,15,0,6,7
7,15,0,6,8
7,15,0,6,6
7,15,1,5,15
7,15,0,6,1
7,15,0,6,3
7,15,0,6,3
7,15,0,6,8
7,15,0,6,1
7,15,0,6,2
7,15,0,6,3
7,15,0,6,6
7,15,0,6,5
7,15,0,6,12
7,15,0,6,5
7,15,1,4,15
7,15,0,6,13
7,15,0,6,14
7,15,0,6,3
7,15,0,6,6
7,15,0,6,4
7,15,0,6,5
7,15,0,6,7
7,15,0,6,3
7,15,1,3,15
7,15,0,6,4
7,15,0,6,6
7,15,0,6,5
7,15,0,6,12
7,15,0,6,6
7,15,0,6,1
7,15,0,6,4
7,15,0,6,5
7,15,0,6,6
7,15,0,6,10
7,15,0,6,3
7,15,0,6,2
7,15,0,6,3
7,15,0,6,8
7,15,0,6,3
7,15,1,3,15
7,15,1,3,15
7,15,0,6,1
7,15,0,6,5
7,15,0,6,8
7,15,0,6,13
7,15,0,6,6
7,15,0,6,5
7,15,0,6,7
7,15,0,6,11
7,15,0,6,5
7,15,0,6,6
7,15,0,6,5
7,15,0,6,1
7,15,0,6,8
7,15,0,6,0
7,15,0,6,3
7,15,0,6,3
7,15,0,6,5
7,15,0,6,3
7,15,0,6,12
7,15,0,6,12
7,15,0,6,9
7,15,0,6,5
7,15,0,6,2
7,15,0,6,7
7,15,0,6,6
7,15,0,6,5
7,15,0,6,1
7,15,0,6,2
7,15,0,6,6
7,15,0,6,12
7,15,0,6,1
7,15,1,4,15
7,16,0,6,9
7,16,0,6,7
7,16,0,6,6
7,16,0,6,4
7,16,0,6,9
7,16,0,6,6
7,16,0,6,6
7,16,0,6,10
7,16,0,6,1
7,16,0,6,7
7,16,0,6,4
7,16,0,6,2
7,16,0,6,8
7,16,0,6,6
7,16,0,6,8
7,16,0,6,5
7,16,0,6,8
7,16,0,6,6
7,16,0,6,2
7,16,0,6,2
7,16,0,6,1
7,16,0,6,11
7,16,0,6,6
7,16,0,6,9
7,16,0,6,8
7,16,0,6,1
7,16,0,6,14
7,16,0,6,3
7,16,0,6,13
7,16,0,6,4
7,16,0,6,0
7,16,0,6,6
7,16,0,6,11
7,16,0,6,5
7,16,0,6,2
7,16,0,6,3
7,16,0,6,2
7,16,0,6,4
7,16,0,6,9
7,16,0,6,4
7,16,0,6,5
7,16,0,6,8
7,16,0,6,7
7,16,0,6,8
7,16,0,6,15
7,16,0,6,2
7,16,0,6,3
7,16,0,6,3
7,16,0,6,13
7,16,0,6,8
7,16,0,6,10
7,16,0,6,7
7,16,0,6,5
7,16,0,6,11
7,16,0,6,0
7,16,0,6,3
7,16,0,6,9
7,16,0,6,5
7,16,0,6,0
7,16,0,6,2
7,16,0,6,6
7,16,0,6,4
7,16,0,6,5
7,16,0,6,9
7,16,0,6,12
7,16,0,6,6
7,16,0,6,5
7,16,0,6,10
7,16,0,6,3
7,16,0,6,7
7,16,0,6,5
7,16,0,6,6
7,16,0,6,3
7,16,0,6,10
7,16,0,6,9
7,16,0,6,3
7,16,0,6,4
7,16,0,6,5
7,16,0,6,5
7,16,0,6,8
7,16,0,6,5
7,16,0,6,6
7,16,0,6,2
7,16,0,6,5
7,16,0,6,7
7,16,0,6,4
7,16,0,6,8
7,16,0,6,7
7,16,0,6,13
7,16,0,6,13
7,16,0,6,3
7,16,1,2,16
7,16,0,6,3
7,16,0,6,14
7,16,0,6,10
7,16,0,6,3
7,16,0,6,2
7,16,0,6,9
7,16,0,6,8
7,16,0,6,2
7,17,0,6,6
7,17,0,6,0
7,17,0,6,8
7,17,0,6,3
7,17,0,6,5
7,17,0,6,14
7,17,0,6,10
7,17,0,6,3
7,17,0,6,3
7,17,0,6,13
7,17,0,6,6
7,17,0,6,0
7,17,0,6,10
7,17,0,6,4
7,17,0,6,9
7,17,0,6,3
7,17,0,6,8
7,17,0,6,6
7,17,0,6,1
7,17,0,6,13
7,17,0,6,6
7,17,0,6,5
7,17,0,6,0
7,17,0,6,4
7,17,0,6,3
7,17,0,6,1
7,17,0,6,4
7,17,0,6,6
7,17,0,6,4
7,17,0,6,12
7,17,0,6,6
7,17,0,6,4
7,17,0,6,10
7,17,0,6,9
7,17,0,6,5
7,17,0,6,7
7,17,0,6,4
7,17,0,6,3
7,17,0,6,2
7,17,0,6,9
7,17,0,6,2
7,17,0,6,5
7,17,0,6,0
7,17,1,3,17
7,17,0,6,2
7,17,0,6,0
7,17,0,6,6
7,17,0,6,4
7,17,0,6,13
7,17,0,6,1
7,17,0,6,2
7,17,0,6,3
7,17,0,6,15
7,17,0,6,3
7,17,0,6,1
7,17,0,6,8
7,17,0,6,3
7,17,0,6,11
7,17,0,6,2
7,17,0,6,3
7,17,0,6,1
7,17,0,6,8
7,17,0,6,3
7,17,0,6,8
7,17,0,6,5
7,17,0,6,7
7,17,0,6,1
7,17,0,6,12
7,17,0,6,2
7,17,0,6,1
7,17,0,6,12
7,17,0,6,11
7,17,0,6,2
7,17,0,6,8
7,17,0,6,2
7,17,0,6,4
7,17,0,6,9
7,17,0,6,4
7,17,0,6,12
7,17,0,6,5
7,17,0,6,4
7,17,0,6,4
7,17,0,6,12
7,17,0,6,3
7,17,0,6,5
7,17,0,6,0
7,17,0,6,10
7,17,0,6,13
7,17,0,6,7
7,17,0,6,6
7,17,0,6,8
7,17,0,6,1
7,17,0,6,11
7,17,0,6,4
7,17,1,5,17
7,17,0,6,2
7,17,0,6,5
7,17,0,6,3
7,17,0,6,4
7,17,0,6,1
7,18,1,3,18
7,18,0,6,3
7,18,0,6,3
7,18,0,6,4
7,18,0,6,7
7,18,0,6,6
7,18,0,6,10
7,18,0,6,2
7,18,0,6,6
7,18,0,6,5
7,18,0,6,7
7,18,0,6,5
7,18,0,6,7
7,18,0,6,10
7,18,0,6,4
7,18,0,6,10
7,18,0,6,5
7,18,0,6,1
7,18,0,6,5
7,18,0,6,3
7,18,0,6,2
7,18,0,6,3
7,18,0,6,2
7,18,0,6,2
7,18,0,6,13
7,18,0,6,5
7,18,0,6,0
7,18,0,6,5
7,18,0,6,9
7,18,0,6,8
7,18,0,6,2
7,18,0,6,4
7,18,0,6,5
7,18,0,6,2
7,18,0,6,11
7,18,0,6,1
7,18,0,6,2
7,18,0,6,9
7,18,0,6,11
7,18,0,6,3
7,18,0,6,2
7,18,0,6,14
7,18,0,6,11
7,18,0,6,3
7,18,0,6,7
7,18,0,6,1
7,18,0,6,12
7,18,0,6,8
7,18,0,6,9
7,18,0,6,3
7,18,0,6,12
7,18,0,6,0
7,18,0,6,10
7,18,0,6,2
7,18,0,6,1
7,18,0,6,7
7,18,0,6,5
7,18,0,6,5
7,18,0,6,4
7,18,0,6,5
7,18,0,6,5
7,18,0,6,6
7,18,0,6,5
7,18,0,6,4
7,18,0,6,3
7,18,0,6,14
7,18,0,6,6
7,18,0,6,1
7,18,0,6,4
7,18,0,6,3
7,18,0,6,5
7,18,0,6,11
7,18,0,6,2
7,18,0,6,12
7,18,0,6,2
7,18,0,6,5
7,18,0,6,4
7,18,0,6,2
7,18,0,6,8
7,18,0,6,4
7,18,0,6,2
7,18,0,6,4
7,18,0,6,5
7,18,0,6,12
7,18,0,6,9
7,18,0,6,3
7,18,0,6,5
7,18,0,6,3
7,18,0,6,10
7,18,0,6,1
7,18,0,6,4
7,18,0,6,12
7,18,0,6,9
7,18,0,6,2
7,18,0,6,7
7,18,0,6,3
7,18,0,6,0
7,18,0,6,6
7,18,0,6,14
7,18,0,6,2
7,19,0,6,10
7,19,0,6,4
7,19,0,6,6
7,19,0,6,11
7,19,0,6,1
7,19,0,6,0
7,19,0,6,2
7,19,0,6,0
7,19,0,6,6
7,19,0,6,0
7,19,0,6,2
7,19,0,6,9
7,19,0,6,5
7,19,0,6,11
7,19,0,6,10
7,19,0,6,2
7,19,0,6,5
7,19,0,6,8
7,19,0,6,6
7,19,0,6,10
7,19,0,6,2
7,19,0,6,3
7,19,0,6,7
7,19,0,6,4
7,19,0,6,0
7,19,0,6,7
7,19,0,6,4
7,19,0,6,8
7,19,0,6,2
7,19,0,6,10
7,19,0,6,0
7,19,0,6,8
7,19,0,6,5
7,19,0,6,3
7,19,0,6,3
7,19,0,6,12
7,19,0,6,1
7,19,0,6,5
7,19,0,6,2
7,19,0,6,11
7,19,0,6,9
7,19,0,6,11
7,19,0,6,3
7,19,0,6,6
7,19,0,6,4
7,19,0,6,9
7,19,0,6,13
7,19,0,6,6
7,19,0,6,1
7,19,0,6,0
7,19,0,6,3
7,19,0,6,8
7,19,0,6,5
7,19,0,6,5
7,19,0,6,13
7,19,0,6,1
7,19,0,6,1
7,19,0,6,4
7,19,0,6,13
7,19,0,6,3
7,19,0,6,2
7,19,0,6,4
7,19,0,6,5
7,19,0,6,5
7,19,0,6,5
7,19,0,6,6
7,19,0,6,3
7,19,0,6,6
7,19,0,6,16
7,19,0,6,7
7,19,0,6,6
7,19,1,4,19
7,19,0,6,12
7,19,0,6,12
7,19,0,6,5
7,19,0,6,6
7,19,0,6,6
7,19,0,6,10
7,19,0,6,4
7,19,0,6,4
7,19,0,6,5
7,19,0,6,7
7,19,0,6,6
7,19,0,6,6
7,19,0,6,6
7,19,0,6,8
7,19,0,6,2
7,19,0,6,1
7,19,0,6,6
7,19,0,6,4
7,19,0,6,3
7,19,0,6,7
7,19,0,6,8
7,19,0,6,4
7,19,0,6,11
7,19,0,6,8
7,19,0,6,0
7,19,0,6,11
7,19,0,6,4
7,19,0,6,0
7,20,0,6,10
7,20,0,6,7
7,20,0,6,11
7,20,0,6,4
7,20,0,6,8
7,20,0,6,2
7,20,0,6,10
7,20,0,6,12
7,20,0,6,0
7,20,0,6,9
7,20,0,6,6
7,20,0,6,12
7,20,0,6,6
7,20,0,6,4
7,20,0,6,1
7,20,0,6,12
7,20,0,6,10
7,20,0,6,5
7,20,0,6,6
7,20,0,6,5
7,20,0,6,8
7,20,0,6,8
7,20,0,6,4
7,20,0,6,7
7,20,0,6,6
7,20,0,6,8
7,20,1,3,20
7,20,0,6,7
7,20,0,6,6
7,20,0,6,7
7,20,0,6,4
7,20,0,6,11
7,20,0,6,2
7,20,0,6,3
7,20,0,6,4
7,20,0,6,7
7,20,0,6,4
7,20,0,6,12
7,20,0,6,5
7,20,0,6,4
7,20,0,6,8
7,20,0,6,2
7,20,0,6,4
7,20,0,6,11
7,20,0,6,7
7,20,0,6,15
7,20,0,6,8
7,20,0,6,0
7,20,0,6,6
7,20,0,6,8
7,20,0,6,2
7,20,0,6,1
7,20,0,6,13
7,20,0,6,7
7,20,0,6,7
7,20,0,6,0
7,20,0,6,12
7,20,0,6,2
7,20,0,6,7
7,20,0,6,17
7,20,0,6,0
7,20,0,6,10
7,20,0,6,1
7,20,0,6,5
7,20,0,6,4
7,20,0,6,3
7,20,0,6,4
7,20,0,6,5
7,20,0,6,5
7,20,0,6,6
7,20,0,6,12
7,20,0,6,6
7,20,0,6,6
7,20,0,6,6
7,20,0,6,9
7,20,0,6,5
7,20,0,6,4
7,20,0,6,12
7,20,0,6,6
7,20,0,6,4
7,20,0,6,5
7,20,0,6,8
7,20,0,6,5
7,20,0,6,8
7,20,0,6,0
7,20,0,6,2
7,20,0,6,2
7,20,0,6,7
7,20,0,6,7
7,20,0,6,8
7,20,0,6,1
7,20,0,6,3
7,20,0,6,2
7,20,0,6,4
7,20,0,6,1
7,20,0,6,6
7,20,0,6,7
7,20,0,6,3
7,20,0,6,3
7,20,0,6,3
8,1,1,0,1
8,1,1,0,1
8,1,1,0,1
8,1,1,1,1
8,1,1,0,1
8,1,1,2,1
8,1,1,0,1
8,1,1,0,1
8,1,1,1,1
8,1,1,1,1
8,1,1,0,1
8,1,1,2,1
8,1,1,0,1
8,1,1,1,1
8,1,1,3,1
8,1,1,0,1
8,1,1,0,1
8,1,1,0,1
8,1,1,0,1
8,1,1,0,1
8,1,1,0,1
8,1,1,0,1
8,1,1,0,1
8,1,1,1,1
8,1,1,0,1
8,1,1,0,1
8,1,1,1,1
8,1,1,1,1
8,1,1,0,1
8,1,1,0,1
8,1,1,1,1
8,1,1,0,1
8,1,1,0,1
8,1,1,0,1
8,1,1,0,1
8,1,1,0,1
8,1,1,0,1
8,1,1,0,1
8,1,1,0,1
8,1,1,0,1
8,1,1,2,1
8,1,1,0,1
8,1,1,0,1
8,1,1,0,1
8,1,1,0,1
8,1,1,0,1
8,1,1,0,1
8,1,1,1,1
8,1,1,1,1
8,1,1,0,1
8,1,1,1,1
8,1,1,1,1
8,1,1,3,1
8,1,1,0,1
8,1,1,1,1
8,1,1,1,1
8,1,1,1,1
8,1,1,0,1
8,1,1,1,1
8,1,1,1,1
8,1,1,0,1
8,1,1,0,1
8,1,1,2,1
8,1,1,0,1
8,1,1,0,1
8,1,1,1,1
8,1,1,1,1
8,1,1,1,1
8,1,1,1,1
8,1,1,0,1
8,1,1,0,1
8,1,1,0,1
8,1,1,0,1
8,1,1,0,1
8,1,1,0,1
8,1,1,0,1
8,1,1,0,1
8,1,1,1,1
8,1,1,0,1
8,1,1,0,1
8,1,1,1,1
8,1,1,0,1
8,1,1,0,1
8,1,1,1,1
8,1,1,0,1
8,1,1,0,1
8,1,1,0,1
8,1,1,1,1
8,1,1,3,1
8,1,1,1,1
8,1,1,0,1
8,1,1,0,1
8,1,1,0,1
8,1,1,0,1
8,1,1,1,1
8,1,1,0,1
8,1,1,1,1
8,1,1,0,1
8,1,1,2,1
8,1,1,0,1
8,2,1,1,2
8,2,1,2,2
8,2,1,3,2
8,2,1,3,2
8,2,1,2,2
8,2,1,2,2
8,2,1,4,2
8,2,1,0,2
8,2,1,1,2
8,2,1,0,2
8,2,1,0,2
8,2,1,2,2
8,2,1,5,2
8,2,1,0,2
8,2,1,3,2
8,2,1,0,2
8,2,1,2,2
8,2,1,0,2
8,2,1,3,2
8,2,1,0,2
8,2,1,0,2
8,2,1,5,2
8,2,1,1,2
8,2,1,2,2
8,2,1,0,2
8,2,1,1,2
8,2,1,4,2
8,2,1,0,2
8,2,1,0,2
8,2,1,4,2
8,2,1,1,2
8,2,1,0,2
8,2,1,2,2
8,2,1,0,2
8,2,1,0,2
8,2,1,1,2
8,2,1,2,2
8,2,1,1,2
8,2,1,3,2
8,2,1,0,2
8,2,1,2,2
8,2,1,0,2
8,2,1,0,2
8,2,1,2,2
8,2,0,7,0
8,2,1,1,2
8,2,1,4,2
8,2,1,0,2
8,2,1,5,2
8,2,1,0,2
8,2,1,2,2
8,2,1,2,2
8,2,1,0,2
8,2,1,2,2
8,2,1,0,2
8,2,1,1,2
8,2,1,1,2
8,2,1,5,2
8,2,1,3,2
8,2,1,0,2
8,2,1,1,2
8,2,1,2,2
8,2,1,5,2
8,2,1,0,2
8,2,1,0,2
8,2,1,4,2
8,2,1,5,2
8,2,1,0,2
8,2,1,3,2
8,2,1,2,2
8,2,1,1,2
8,2,1,3,2
8,2,1,0,2
8,2,0,7,0
8,2,1,1,2
8,2,1,3,2
8,2,1,3,2
8,2,1,4,2
8,2,1,1,2
8,2,1,1,2
8,2,1,0,2
8,2,1,3,2
8,2,1,0,2
8,2,1,0,2
8,2,1,0,2
8,2,1,1,2
8,2,1,1,2
8,2,1,0,2
8,2,1,0,2
8,2,1,3,2
8,2,1,2,2
8,2,1,2,2
8,2,1,1,2
8,2,1,0,2
8,2,1,2,2
8,2,1,1,2
8,2,0,7,0
8,2,1,0,2
8,2,1,1,2
8,2,1,0,2
8,3,1,3,3
8,3,1,0,3
8,3,1,0,3
8,3,1,0,3
8,3,1,0,3
8,3,1,5,3
8,3,1,3,3
8,3,1,3,3
8,3,1,3,3
8,3,1,1,3
8,3,1,3,3
8,3,1,2,3
8,3,1,0,3
8,3,1,0,3
8,3,1,2,3
8,3,1,0,3
8,3,1,0,3
8,3,1,5,3
8,3,1,0,3
8,3,1,4,3
8,3,1,1,3
8,3,1,1,3
8,3,0,7,1
8,3,1,5,3
8,3,1,1,3
8,3,1,3,3
8,3,0,7,1
8,3,1,1,3
8,3,1,0,3
8,3,1,1,3
8,3,1,6,3
8,3,0,7,0
8,3,0,7,2
8,3,1,5,3
8,3,0,7,2
8,3,1,2,3
8,3,1,0,3
8,3,1,4,3
8,3,1,2,3
8,3,1,0,3
8,3,1,5,3
8,3,1,1,3
8,3,1,1,3
8,3,1,0,3
8,3,1,4,3
8,3,1,1,3
8,3,1,2,3
8,3,1,0,3
8,3,1,0,3
8,3,1,3,3
8,3,0,7,0
8,3,1,2,3
8,3,1,1,3
8,3,1,4,3
8,3,1,5,3
8,3,1,0,3
8,3,1,0,3
8,3,1,3,3
8,3,1,4,3
8,3,1,3,3
8,3,1,1,3
8,3,1,3,3
8,3,1,1,3
8,3,1,2,3
8,3,1,2,3
8,3,1,3,3
8,3,1,1,3
8,3,1,1,3
8,3,1,0,3
8,3,1,3,3
8,3,0,7,0
8,3,1,0,3
8,3,1,0,3
8,3,1,2,3
8,3,1,3,3
8,3,1,3,3
8,3,1,0,3
8,3,1,4,3
8,3,1,4,3
8,3,1,0,3
8,3,1,4,3
8,3,1,0,3
8,3,0,7,0
8,3,1,0,3
8,3,1,4,3
8,3,1,2,3
8,3,1,3,3
8,3,1,2,3
8,3,1,1,3
8,3,1,2,3
8,3,1,1,3
8,3,1,3,3
8,3,0,7,2
8,3,0,7,1
8,3,1,0,3
8,3,1,2,3
8,3,1,0,3
8,3,1,6,3
8,3,1,0,3
8,3,1,1,3
8,4,1,2,4
8,4,1,6,4
8,4,0,7,2
8,4,1,2,4
8,4,1,4,4
8,4,1,1,4
8,4,0,7,2
8,4,1,6,4
8,4,1,2,4
8,4,1,0,4
8,4,1,0,4
8,4,1,2,4
8,4,0,7,3
8,4,1,1,4
8,4,1,0,4
8,4,1,3,4
8,4,1,6,4
8,4,1,1,4
8,4,1,0,4
8,4,1,1,4
8,4,1,0,4
8,4,0,7,2
8,4,1,4,4
8,4,1,2,4
8,4,1,6,4
8,4,1,4,4
8,4,1,3,4
8,4,1,0,4
8,4,1,3,4
8,4,1,3,4
8,4,1,2,4
8,4,1,1,4
8,4,1,3,4
8,4,0,7,1
8,4,1,1,4
8,4,1,3,4
8,4,1,4,4
8,4,1,4,4
8,4,0,7,1
8,4,1,1,4
8,4,1,5,4
8,4,1,3,4
8,4,1,5,4
8,4,1,1,4
8,4,1,3,4
8,4,1,1,4
8,4,1,2,4
8,4,1,4,4
8,4,1,1,4
8,4,1,1,4
8,4,1,2,4
8,4,1,4,4
8,4,0,7,2
8,4,1,0,4
8,4,1,5,4
8,4,1,2,4
8,4,1,3,4
8,4,1,2,4
8,4,1,0,4
8,4,1,4,4
8,4,1,2,4
8,4,1,2,4
8,4,1,4,4
8,4,1,1,4
8,4,1,4,4
8,4,1,3,4
8,4,1,1,4
8,4,1,2,4
8,4,1,1,4
8,4,0,7,3
8,4,1,2,4
8,4,1,1,4
8,4,0,7,2
8,4,1,3,4
8,4,1,4,4
8,4,1,1,4
8,4,1,3,4
8,4,1,4,4
8,4,1,4,4
8,4,1,1,4
8,4,0,7,3
8,4,1,2,4
8,4,1,3,4
8,4,1,4,4
8,4,1,3,4
8,4,1,4,4
8,4,1,1,4
8,4,1,4,4
8,4,1,2,4
8,4,0,7,1
8,4,0,7,3
8,4,1,5,4
8,4,1,1,4
8,4,1,2,4
8,4,0,7,3
8,4,0,7,1
8,4,0,7,3
8,4,1,6,4
8,4,1,0,4
8,4,1,0,4
8,5,1,3,5
8,5,0,7,1
8,5,1,2,5
8,5,1,0,5
8,5,1,0,5
8,5,1,1,5
8,5,0,7,3
8,5,1,3,5
8,5,1,1,5
8,5,1,2,5
8,5,0,7,4
8,5,1,6,5
8,5,1,3,5
8,5,0,7,1
8,5,1,3,5
8,5,1,1,5
8,5,1,2,5
8,5,0,7,4
8,5,1,6,5
8,5,1,3,5
8,5,0,7,1
8,5,1,0,5
8,5,0,7,3
8,5,1,2,5
8,5,0,7,1
8,5,0,7,2
8,5,1,5,5
8,5,0,7,3
8,5,1,1,5
8,5,1,4,5
8,5,0,7,1
8,5,1,3,5
8,5,1,2,5
8,5,0,7,3
8,5,0,7,1
8,5,1,4,5
8,5,1,0,5
8,5,1,3,5
8,5,1,2,5
8,5,0,7,3
8,5,0,7,2
8,5,1,3,5
8,5,1,2,5
8,5,1,2,5
8,5,1,5,5
8,5,1,1,5
8,5,0,7,2
8,5,1,2,5
8,5,0,7,1
8,5,1,4,5
8,5,0,7,3
8,5,0,7,1
8,5,1,4,5
8,5,0,7,2
8,5,0,7,4
8,5,0,7,0
8,5,1,1,5
8,5,1,1,5
8,5,0,7,2
8,5,1,4,5
8,5,1,0,5
8,5,1,1,5
8,5,0,7,3
8,5,1,5,5
8,5,0,7,4
8,5,1,2,5
8,5,1,5,5
8,5,1,4,5
8,5,1,5,5
8,5,0,7,4
8,5,1,4,5
8,5,0,7,4
8,5,1,4,5
8,5,1,0,5
8,5,1,1,5
8,5,0,7,4
8,5,1,1,5
8,5,0,7,0
8,5,1,1,5
8,5,0,7,1
8,5,1,4,5
8,5,1,0,5
8,5,1,5,5
8,5,1,3,5
8,5,1,3,5
8,5,1,5,5
8,5,1,3,5
8,5,0,7,3
8,5,1,5,5
8,5,1,0,5
8,5,1,1,5
8,5,1,3,5
8,5,0,7,3
8,5,1,4,5
8,5,1,0,5
8,5,1,0,5
8,5,1,3,5
8,5,0,7,4
8,5,0,7,2
8,5,0,7,0
8,6,1,2,6
8,6,1,1,6
8,6,1,2,6
8,6,1,4,6
8,6,1,4,6
8,6,1,1,6
8,6,0,7,1
8,6,0,7,5
8,6,1,4,6
8,6,0,7,2
8,6,0,7,4
8,6,1,4,6
8,6,1,2,6
8,6,1,2,6
8,6,1,4,6
8,6,0,7,2
8,6,0,7,2
8,6,1,2,6
8,6,1,3,6
8,6,1,5,6
8,6,1,1,6
8,6,0,7,3
8,6,1,4,6
8,6,0,7,2
8,6,1,2,6
8,6,0,7,5
8,6,1,2,6
8,6,0,7,4
8,6,0,7,3
8,6,1,3,6
8,6,1,2,6
8,6,0,7,3
8,6,0,7,3
8,6,1,4,6
8,6,1,2,6
8,6,1,5,6
8,6,1,3,6
8,6,1,1,6
8,6,0,7,4
8,6,0,7,2
8,6,1,6,6
8,6,1,6,6
8,6,1,3,6
8,6,0,7,2
8,6,1,3,6
8,6,1,2,6
8,6,1,1,6
8,6,1,1,6
8,6,0,7,2
8,6,1,2,6
8,6,0,7,5
8,6,1,2,6
8,6,1,3,6
8,6,1,3,6
8,6,1,1,6
8,6,1,2,6
8,6,1,2,6
8,6,1,3,6
8,6,1,2,6
8,6,1,3,6
8,6,1,2,6
8,6,1,0,6
8,6,0,7,5
8,6,1,4,6
8,6,1,4,6
8,6,1,1,6
8,6,1,0,6
8,6,1,4,6
8,6,1,2,6
8,6,1,4,6
8,6,1,4,6
8,6,1,3,6
8,6,1,1,6
8,6,1,3,6
8,6,0,7,2
8,6,1,5,6
8,6,0,7,4
8,6,0,7,5
8,6,0,7,5
8,6,0,7,1
8,6,1,1,6
8,6,1,3,6
8,6,1,1,6
8,6,1,3,6
8,6,1,4,6
8,6,1,2,6
8,6,1,5,6
8,6,1,2,6
8,6,1,2,6
8,6,0,7,4
8,6,0,7,2
8,6,0,7,3
8,6,1,3,6
8,6,0,7,4
8,6,1,0,6
8,6,1,5,6
8,6,1,3,6
8,6,0,7,2
8,6,1,5,6
8,6,1,2,6
8,7,1,2,7
8,7,0,7,5
8,7,0,7,1
8,7,1,4,7
8,7,1,4,7
8,7,1,3,7
8,7,1,3,7
8,7,1,5,7
8,7,0,7,3
8,7,1,3,7
8,7,0,7,3
8,7,0,7,4
8,7,0,7,2
8,7,1,4,7
8,7,0,7,4
8,7,0,7,5
8,7,0,7,1
8,7,0,7,1
8,7,1,4,7
8,7,0,7,3
8,7,0,7,6
8,7,1,4,7
8,7,1,0,7
8,7,1,3,7
8,7,0,7,1
8,7,0,7,5
8,7,1,4,7
8,7,0,7,5
8,7,0,7,3
8,7,0,7,2
8,7,1,4,7
8,7,0,7,4
8,7,1,2,7
8,7,0,7,6
8,7,1,2,7
8,7,1,3,7
8,7,0,7,5
8,7,1,3,7
8,7,1,4,7
8,7,0,7,5
8,7,1,6,7
8,7,0,7,1
8,7,1,6,7
8,7,0,7,4
8,7,1,5,7
8,7,0,7,1
8,7,0,7,4
8,7,0,7,5
8,7,0,7,5
8,7,1,6,7
8,7,0,7,1
8,7,0,7,2
8,7,0,7,2
8,7,0,7,3
8,7,0,7,5
8,7,1,1,7
8,7,0,7,2
8,7,0,7,2
8,7,1,6,7
8,7,0,7,4
8,7,1,1,7
8,7,1,4,7
8,7,0,7,4
8,7,1,2,7
8,7,1,3,7
8,7,1,2,7
8,7,1,5,7
8,7,0,7,6
8,7,0,7,4
8,7,0,7,5
8,7,0,7,3
8,7,1,5,7
8,7,1,6,7
8,7,0,7,5
8,7,1,3,7
8,7,0,7,1
8,7,1,6,7
8,7,1,1,7
8,7,0,7,5
8,7,1,4,7
8,7,0,7,4
8,7,0,7,6
8,7,1,5,7
8,7,1,3,7
8,7,0,7,4
8,7,1,2,7
8,7,1,5,7
8,7,1,4,7
8,7,0,7,6
8,7,1,4,7
8,7,0,7,3
8,7,1,5,7
8,7,1,1,7
8,7,1,2,7
8,7,1,2,7
8,7,1,4,7
8,7,1,0,7
8,7,1,2,7
8,7,1,3,7
8,7,1,4,7
8,8,0,7,3
8,8,1,5,8
8,8,0,7,4
8,8,0,7,2
8,8,1,5,8
8,8,1,3,8
8,8,1,4,8
8,8,1,2,8
8,8,0,7,1
8,8,0,7,6
8,8,0,7,3
8,8,0,7,2
8,8,0,7,7
8,8,0,7,6
8,8,0,7,7
8,8,0,7,5
8,8,1,3,8
8,8,0,7,4
8,8,1,1,8
8,8,0,7,7
8,8,0,7,7
8,8,0,7,6
8,8,1,4,8
8,8,0,7,6
8,8,1,2,8
8,8,0,7,5
8,8,0,7,3
8,8,0,7,6
8,8,1,5,8
8,8,1,6,8
8,8,0,7,3
8,8,0,7,7
8,8,1,3,8
8,8,1,3,8
8,8,0,7,6
8,8,1,4,8
8,8,0,7,2
8,8,0,7,7
8,8,1,5,8
8,8,1,3,8
8,8,1,1,8
8,8,1,3,8
8,8,1,2,8
8,8,0,7,4
8,8,1,5,8
8,8,0,7,6
8,8,0,7,2
8,8,1,6,8
8,8,1,4,8
8,8,0,7,5
8,8,1,4,8
8,8,0,7,6
8,8,1,6,8
8,8,1,2,8
8,8,1,4,8
8,8,1,3,8
8,8,1,4,8
8,8,0,7,6
8,8,1,3,8
8,8,1,4,8
8,8,0,7,3
8,8,0,7,3
8,8,1,2,8
8,8,0,7,6
8,8,0,7,4
8,8,1,5,8
8,8,0,7,2
8,8,0,7,5
8,8,1,5,8
8,8,0,7,7
8,8,1,0,8
8,8,1,4,8
8,8,0,7,4
8,8,0,7,5
8,8,0,7,5
8,8,1,3,8
8,8,0,7,6
8,8,1,0,8
8,8,0,7,1
8,8,1,6,8
8,8,0,7,3
8,8,0,7,4
8,8,1,4,8
8,8,1,1,8
8,8,1,3,8
8,8,0,7,5
8,8,0,7,4
8,8,1,3,8
8,8,0,7,1
8,8,1,4,8
8,8,0,7,4
8,8,1,6,8
8,8,1,5,8
8,8,1,0,8
8,8,0,7,3
8,8,1,4,8
8,8,1,4,8
8,8,0,7,7
8,8,1,6,8
8,8,1,1,8
8,9,0,7,3
8,9,0,7,5
8,9,0,7,7
8,9,1,2,9
8,9,1,6,9
8,9,0,7,2
8,9,0,7,8
8,9,1,5,9
8,9,0,7,5
8,9,0,7,6
8,9,0,7,1
8,9,1,6,9
8,9,0,7,4
8,9,1,0,9
8,9,0,7,5
8,9,1,3,9
8,9,0,7,0
8,9,0,7,5
8,9,1,6,9
8,9,1,4,9
8,9,1,4,9
8,9,1,5,9
8,9,1,2,9
8,9,1,5,9
8,9,1,1,9
8,9,1,5,9
8,9,1,5,9
8,9,0,7,8
8,9,0,7,3
8,9,0,7,5
8,9,1,4,9
8,9,0,7,2
8,9,1,4,9
8,9,1,0,9
8,9,0,7,4
8,9,1,2,9
8,9,0,7,5
8,9,1,4,9
8,9,0,7,3
8,9,1,6,9
8,9,0,7,4
8,9,0,7,6
8,9,1,0,9
8,9,1,3,9
8,9,0,7,1
8,9,1,5,9
8,9,0,7,6
8,9,0,7,6
8,9,0,7,6
8,9,0,7,2
8,9,1,4,9
8,9,0,7,2
8,9,1,3,9
8,9,1,3,9
8,9,0,7,5
8,9,0,7,6
8,9,1,2,9
8,9,0,7,6
8,9,0,7,7
8,9,0,7,4
8,9,0,7,5
8,9,0,7,6
8,9,1,6,9
8,9,1,4,9
8,9,1,3,9
8,9,0,7,3
8,9,1,6,9
8,9,0,7,4
8,9,0,7,1
8,9,1,5,9
8,9,1,4,9
8,9,0,7,5
8,9,1,5,9
8,9,0,7,3
8,9,1,4,9
8,9,0,7,7
8,9,0,7,5
8,9,1,3,9
8,9,0,7,6
8,9,0,7,5
8,9,0,7,6
8,9,0,7,6
8,9,0,7,7
8,9,0,7,4
8,9,1,0,9
8,9,1,5,9
8,9,0,7,7
8,9,0,7,4
8,9,0,7,5
8,9,1,5,9
8,9,1,2,9
8,9,0,7,4
8,9,1,4,9
8,9,1,3,9
8,9,0,7,5
8,9,0,7,3
8,9,0,7,6
8,9,0,7,2
8,9,1,3,9
8,9,1,0,9
8,10,1,4,10
8,10,0,7,3
8,10,1,4,10
8,10,0,7,7
8,10,0,7,7
8,10,0,7,6
8,10,1,3,10
8,10,0,7,9
8,10,0,7,6
8,10,0,7,3
8,10,1,0,10
8,10,0,7,3
8,10,0,7,9
8,10,1,4,10
8,10,0,7,4
8,10,0,7,3
8,10,0,7,3
8,10,0,7,3
8,10,1,4,10
8,10,1,4,10
8,10,0,7,7
8,10,1,5,10
8,10,1,4,10
8,10,0,7,8
8,10,0,7,6
8,10,0,7,9
8,10,0,7,3
8,10,0,7,2
8,10,0,7,4
8,10,0,7,5
8,10,1,5,10
8,10,0,7,3
8,10,0,7,8
8,10,0,7,7
8,10,0,7,3
8,10,0,7,7
8,10,0,7,5
8,10,0,7,3
8,10,1,2,10
8,10,0,7,3
8,10,1,4,10
8,10,1,5,10
8,10,0,7,7
8,10,0,7,4
8,10,0,7,1
8,10,0,7,2
8,10,0,7,8
8,10,0,7,4
8,10,1,3,10
8,10,1,4,10
8,10,0,7,1
8,10,0,7,8
8,10,0,7,6
8,10,0,7,6
8,10,0,7,7
8,10,0,7,6
8,10,1,5,10
8,10,0,7,2
8,10,0,7,6
8,10,0,7,7
8,10,0,7,4
8,10,1,3,10
8,10,0,7,7
8,10,0,7,1
8,10,1,4,10
8,10,0,7,9
8,10,1,4,10
8,10,1,3,10
8,10,0,7,6
8,10,1,2,10
8,10,0,7,8
8,10,0,7,4
8,10,0,7,2
8,10,0,7,6
8,10,0,7,2
8,10,1,4,10
8,10,0,7,3
8,10,0,7,9
8,10,0,7,2
8,10,0,7,9
8,10,0,7,7
8,10,0,7,3
8,10,0,7,7
8,10,0,7,9
8,10,0,7,8
8,10,0,7,7
8,10,1,5,10
8,10,0,7,8
8,10,0,7,5
8,10,0,7,7
8,10,0,7,4
8,10,1,4,10
8,10,1,4,10
8,10,0,7,3
8,10,0,7,3
8,10,0,7,2
8,10,0,7,2
8,10,0,7,6
8,10,1,5,10
8,10,0,7,7
8,11,0,7,4
8,11,0,7,7
8,11,0,7,5
8,11,1,3,11
8,11,0,7,5
8,11,0,7,8
8,11,1,5,11
8,11,1,6,11
8,11,0,7,7
8,11,0,7,5
8,11,0,7,5
8,11,0,7,3
8,11,1,6,11
8,11,0,7,7
8,11,0,7,8
8,11,0,7,2
8,11,1,4,11
8,11,0,7,3
8,11,0,7,8
8,11,1,4,11
8,11,0,7,3
8,11,0,7,4
8,11,0,7,4
8,11,0,7,5
8,11,0,7,1
8,11,0,7,8
8,11,0,7,3
8,11,0,7,6
8,11,1,3,11
8,11,0,7,10
8,11,0,7,8
8,11,0,7,9
8,11,0,7,6
8,11,0,7,7
8,11,1,2,11
8,11,0,7,4
8,11,0,7,4
8,11,0,7,9
8,11,0,7,3
8,11,0,7,6
8,11,1,5,11
8,11,0,7,9
8,11,0,7,6
8,11,0,7,8
8,11,0,7,9
8,11,0,7,1
8,11,0,7,10
8,11,0,7,6
8,11,0,7,4
8,11,0,7,5
8,11,0,7,1
8,11,0,7,6
8,11,1,6,11
8,11,0,7,9
8,11,0,7,7
8,11,0,7,8
8,11,0,7,2
8,11,0,7,3
8,11,0,7,6
8,11,0,7,5
8,11,0,7,9
8,11,0,7,5
8,11,0,7,8
8,11,0,7,4
8,11,0,7,9
8,11,1,1,11
8,11,0,7,7
8,11,0,7,6
8,11,0,7,5
8,11,0,7,6
8,11,0,7,3
8,11,1,3,11
8,11,1,3,11
8,11,0,7,5
8,11,0,7,8
8,11,0,7,3
8,11,1,4,11
8,11,1,4,11
8,11,0,7,3
8,11,0,7,2
8,11,0,7,9
8,11,0,7,0
8,11,0,7,2
8,11,1,3,11
8,11,0,7,9
8,11,1,2,11
8,11,0,7,9
8,11,0,7,3
8,11,0,7,1
8,11,0,7,2
8,11,0,7,8
8,11,0,7,9
8,11,0,7,0
8,11,0,7,5
8,11,0,7,5
8,11,0,7,7
8,11,0,7,9
8,11,0,7,0
8,11,0,7,0
8,11,1,3,11
8,12,0,7,3
8,12,0,7,3
8,12,0,7,6
8,12,0,7,4
8,12,0,7,10
8,12,0,7,1
8,12,0,7,5
8,12,1,6,12
8,12,0,7,8
8,12,0,7,5
8,12,0,7,4
8,12,0,7,2
8,12,0,7,2
8,12,0,7,2
8,12,0,7,11
8,12,0,7,7
8,12,0,7,11
8,12,0,7,2
8,12,0,7,8
8,12,0,7,8
8,12,0,7,6
8,12,0,7,8
8,12,0,7,4
8,12,1,3,12
8,12,1,5,12
8,12,0,7,5
8,12,0,7,11
8,12,0,7,6
8,12,1,5,12
8,12,0,7,8
8,12,0,7,10
8,12,0,7,6
8,12,0,7,1
8,12,0,7,5
8,12,1,4,12
8,12,0,7,2
8,12,0,7,8
8,12,0,7,4
8,12,0,7,3
8,12,1,4,12
8,12,1,2,12
8,12,0,7,7
8,12,0,7,4
8,12,1,3,12
8,12,1,2,12
8,12,0,7,4
8,12,0,7,9
8,12,1,6,12
8,12,0,7,11
8,12,0,7,6
8,12,0,7,10
8,12,0,7,7
8,12,0,7,5
8,12,1,6,12
8,12,0,7,5
8,12,0,7,4
8,12,0,7,3
8,12,0,7,4
8,12,0,7,11
8,12,0,7,6
8,12,1,1,12
8,12,0,7,4
8,12,0,7,0
8,12,0,7,9
8,12,0,7,10
8,12,0,7,2
8,12,0,7,7
8,12,0,7,1
8,12,0,7,6
8,12,0,7,6
8,12,0,7,8
8,12,0,7,10
8,12,0,7,9
8,12,1,2,12
8,12,1,5,12
8,12,0,7,7
8,12,0,7,7
8,12,0,7,11
8,12,0,7,3
8,12,0,7,2
8,12,0,7,7
8,12,0,7,1
8,12,0,7,5
8,12,0,7,7
8,12,0,7,3
8,12,0,7,3
8,12,1,5,12
8,12,1,4,12
8,12,0,7,7
8,12,0,7,2
8,12,0,7,7
8,12,0,7,1
8,12,0,7,2
8,12,1,5,12
8,12,0,7,9
8,12,0,7,6
8,12,0,7,6
8,12,0,7,2
8,12,0,7,10
8,12,0,7,2
8,13,0,7,11
8,13,0,7,2
8,13,0,7,10
8,13,0,7,11
8,13,1,5,13
8,13,0,7,5
8,13,1,5,13
8,13,0,7,12
8,13,0,7,4
8,13,0,7,8
8,13,0,7,6
8,13,0,7,6
8,13,0,7,5
8,13,0,7,6
8,13,0,7,10
8,13,1,1,13
8,13,0,7,4
8,13,1,6,13
8,13,0,7,7
8,13,1,3,13
8,13,1,0,13
8,13,0,7,11
8,13,0,7,10
8,13,0,7,6
8,13,0,7,2
8,13,1,4,13
8,13,0,7,4
8,13,0,7,5
8,13,0,7,3
8,13,1,5,13
8,13,0,7,7
8,13,0,7,9
8,13,1,2,13
8,13,1,4,13
8,13,0,7,8
8,13,0,7,2
8,13,0,7,6
8,13,0,7,12
8,13,0,7,6
8,13,0,7,5
8,13,0,7,5
8,13,0,7,2
8,13,1,3,13
8,13,0,7,2
8,13,0,7,6
8,13,0,7,8
8,13,0,7,10
8,13,0,7,9
8,13,0,7,8
8,13,0,7,10
8,13,0,7,4
8,13,1,3,13
8,13,0,7,5
8,13,0,7,6
8,13,0,7,11
8,13,0,7,10
8,13,0,7,4
8,13,0,7,6
8,13,0,7,9
8,13,0,7,2
8,13,0,7,11
8,13,0,7,10
8,13,0,7,7
8,13,0,7,3
8,13,0,7,5
8,13,0,7,7
8,13,1,5,13
8,13,0,7,2
8,13,0,7,7
8,13,0,7,7
8,13,0,7,10
8,13,0,7,10
8,13,0,7,9
8,13,0,7,8
8,13,0,7,10
8,13,0,7,2
8,13,0,7,10
8,13,0,7,1
8,13,0,7,9
8,13,0,7,7
8,13,1,3,13
8,13,0,7,8
8,13,1,5,13
8,13,0,7,1
8,13,0,7,4
8,13,0,7,1
8,13,0,7,6
8,13,1,3,13
8,13,0,7,4
8,13,0,7,7
8,13,0,7,7
8,13,0,7,8
8,13,0,7,6
8,13,0,7,2
8,13,1,4,13
8,13,0,7,5
8,13,1,3,13
8,13,0,7,1
8,13,1,3,13
8,13,0,7,4
8,14,0,7,12
8,14,0,7,11
8,14,0,7,4
8,14,0,7,1
8,14,0,7,7
8,14,1,4,14
8,14,0,7,13
8,14,1,2,14
8,14,0,7,5
8,14,1,4,14
8,14,0,7,7
8,14,0,7,8
8,14,0,7,4
8,14,0,7,3
8,14,1,3,14
8,14,0,7,9
8,14,0,7,5
8,14,0,7,7
8,14,1,5,14
8,14,0,7,5
8,14,0,7,4
8,14,0,7,7
8,14,0,7,5
8,14,0,7,6
8,14,1,3,14
8,14,0,7,7
8,14,0,7,2
8,14,0,7,1
8,14,0,7,5
8,14,1,4,14
8,14,0,7,4
8,14,0,7,8
8,14,0,7,1
8,14,1,5,14
8,14,0,7,7
8,14,0,7,11
8,14,0,7,2
8,14,0,7,7
8,14,1,3,14
8,14,0,7,4
8,14,0,7,1
8,14,0,7,7
8,14,0,7,5
8,14,0,7,4
8,14,0,7,2
8,14,0,7,3
8,14,0,7,7
8,14,0,7,7
8,14,0,7,6
8,14,0,7,5
8,14,0,7,8
8,14,0,7,2
8,14,0,7,6
8,14,0,7,0
8,14,0,7,2
8,14,0,7,6
8,14,0,7,3
8,14,0,7,7
8,14,0,7,7
8,14,1,5,14
8,14,0,7,4
8,14,0,7,8
8,14,0,7,2
8,14,0,7,9
8,14,0,7,7
8,14,0,7,10
8,14,0,7,1
8,14,0,7,11
8,14,0,7,5
8,14,0,7,4
8,14,0,7,2
8,14,0,7,10
8,14,0,7,3
8,14,1,6,14
8,14,0,7,2
8,14,1,4,14
8,14,0,7,3
8,14,1,1,14
8,14,0,7,8
8,14,0,7,8
8,14,1,3,14
8,14,0,7,5
8,14,0,7,4
8,14,0,7,11
8,14,0,7,7
8,14,0,7,7
8,14,0,7,3
8,14,0,7,11
8,14,0,7,7
8,14,0,7,8
8,14,0,7,2
8,14,0,7,11
8,14,0,7,8
8,14,0,7,8
8,14,0,7,5
8,14,0,7,10
8,14,0,7,7
8,14,0,7,4
8,14,0,7,1
8,14,0,7,3
8,15,0,7,9
8,15,0,7,2
8,15,0,7,2
8,15,0,7,8
8,15,0,7,2
8,15,0,7,7
8,15,0,7,14
8,15,0,7,7
8,15,0,7,6
8,15,0,7,8
8,15,0,7,6
8,15,0,7,2
8,15,0,7,2
8,15,0,7,1
8,15,0,7,0
8,15,0,7,8
8,15,0,7,5
8,15,0,7,4
8,15,0,7,3
8,15,0,7,3
8,15,0,7,5
8,15,0,7,5
8,15,0,7,8
8,15,0,7,1
8,15,1,5,15
8,15,0,7,10
8,15,0,7,11
8,15,0,7,1
8,15,0,7,7
8,15,0,7,10
8,15,0,7,2
8,15,0,7,2
8,15,1,4,15
8,15,0,7,10
8,15,0,7,1
8,15,0,7,5
8,15,0,7,8
8,15,1,2,15
8,15,0,7,12
8,15,0,7,10
8,15,0,7,8
8,15,0,7,0
8,15,0,7,11
8,15,0,7,4
8,15,0,7,12
8,15,0,7,6
8,15,0,7,0
8,15,0,7,9
8,15,0,7,3
8,15,0,7,3
8,15,0,7,4
8,15,0,7,7
8,15,0,7,9
8,15,0,7,10
8,15,0,7,6
8,15,0,7,11
8,15,0,7,5
8,15,0,7,10
8,15,0,7,8
8,15,0,7,5
8,15,0,7,6
8,15,1,5,15
8,15,0,7,10
8,15,0,7,8
8,15,0,7,3
8,15,0,7,12
8,15,0,7,4
8,15,0,7,8
8,15,0,7,6
8,15,0,7,2
8,15,0,7,11
8,15,0,7,7
8,15,1,6,15
8,15,0,7,13
8,15,0,7,10
8,15,0,7,5
8,15,0,7,10
8,15,0,7,9
8,15,0,7,9
8,15,0,7,8
8,15,0,7,10
8,15,0,7,5
8,15,1,4,15
8,15,0,7,6
8,15,1,4,15
8,15,0,7,12
8,15,0,7,11
8,15,0,7,8
8,15,0,7,2
8,15,0,7,1
8,15,0,7,9
8,15,0,7,4
8,15,0,7,11
8,15,0,7,9
8,15,1,5,15
8,15,1,4,15
8,15,1,6,15
8,15,0,7,3
8,15,0,7,12
8,15,0,7,2
8,16,0,7,2
8,16,0,7,5
8,16,0,7,0
8,16,0,7,5
8,16,0,7,9
8,16,0,7,4
8,16,0,7,4
8,16,0,7,2
8,16,0,7,6
8,16,0,7,7
8,16,0,7,4
8,16,0,7,8
8,16,1,3,16
8,16,0,7,10
8,16,0,7,6
8,16,0,7,5
8,16,0,7,3
8,16,0,7,9
8,16,0,7,3
8,16,0,7,4
8,16,0,7,15
8,16,0,7,8
8,16,0,7,6
8,16,0,7,2
8,16,0,7,6
8,16,0,7,1
8,16,0,7,6
8,16,0,7,10
8,16,0,7,4
8,16,0,7,6
8,16,0,7,6
8,16,0,7,8
8,16,0,7,5
8,16,0,7,5
8,16,0,7,11
8,16,0,7,1
8,16,0,7,6
8,16,0,7,6
8,16,0,7,2
8,16,0,7,4
8,16,0,7,7
8,16,0,7,10
8,16,0,7,2
8,16,0,7,15
8,16,0,7,4
8,16,0,7,10
8,16,0,7,9
8,16,0,7,0
8,16,0,7,1
8,16,0,7,7
8,16,0,7,9
8,16,0,7,7
8,16,0,7,7
8,16,0,7,9
8,16,0,7,9
8,16,0,7,2
8,16,0,7,10
8,16,0,7,4
8,16,0,7,6
8,16,0,7,4
8,16,0,7,4
8,16,0,7,6
8,16,0,7,11
8,16,0,7,11
8,16,0,7,2
8,16,0,7,6
8,16,0,7,9
8,16,0,7,6
8,16,0,7,2
8,16,0,7,5
8,16,0,7,4
8,16,0,7,2
8,16,0,7,10
8,16,0,7,5
8,16,0,7,6
8,16,0,7,2
8,16,0,7,2
8,16,0,7,12
8,16,0,7,7
8,16,0,7,13
8,16,0,7,7
8,16,0,7,9
8,16,0,7,14
8,16,0,7,4
8,16,0,7,8
8,16,0,7,13
8,16,0,7,2
8,16,0,7,4
8,16,0,7,5
8,16,0,7,12
8,16,0,7,1
8,16,0,7,6
8,16,0,7,5
8,16,0,7,12
8,16,0,7,14
8,16,0,7,9
8,16,0,7,1
8,16,0,7,2
8,16,0,7,12
8,16,1,6,16
8,17,0,7,12
8,17,0,7,6
8,17,0,7,1
8,17,0,7,12
8,17,0,7,1
8,17,0,7,8
8,17,0,7,4
8,17,0,7,4
8,17,0,7,8
8,17,0,7,6
8,17,0,7,10
8,17,0,7,10
8,17,0,7,5
8,17,1,5,17
8,17,0,7,9
8,17,0,7,7
8,17,0,7,6
8,17,0,7,8
8,17,0,7,13
8,17,0,7,5
8,17,0,7,5
8,17,0,7,7
8,17,0,7,13
8,17,0,7,14
8,17,0,7,3
8,17,0,7,10
8,17,0,7,5
8,17,0,7,6
8,17,0,7,8
8,17,0,7,9
8,17,0,7,9
8,17,0,7,5
8,17,0,7,16
8,17,0,7,5
8,17,0,7,11
8,17,0,7,8
8,17,0,7,12
8,17,0,7,4
8,17,0,7,6
8,17,0,7,10
8,17,0,7,4
8,17,0,7,4
8,17,0,7,5
8,17,0,7,13
8,17,0,7,9
8,17,0,7,2
8,17,0,7,9
8,17,0,7,7
8,17,0,7,7
8,17,0,7,10
8,17,0,7,11
8,17,0,7,1
8,17,0,7,5
8,17,0,7,9
8,17,0,7,2
8,17,0,7,13
8,17,0,7,5
8,17,0,7,3
8,17,0,7,5
8,17,0,7,3
8,17,0,7,9
8,17,0,7,8
8,17,0,7,1
8,17,0,7,2
8,17,0,7,9
8,17,0,7,7
8,17,0,7,7
8,17,0,7,1
8,17,0,7,6
8,17,0,7,3
8,17,0,7,8
8,17,0,7,6
8,17,0,7,8
8,17,0,7,4
8,17,0,7,12
8,17,0,7,8
8,17,0,7,7
8,17,0,7,5
8,17,0,7,5
8,17,0,7,15
8,17,1,3,17
8,17,0,7,4
8,17,0,7,4
8,17,0,7,2
8,17,0,7,0
8,17,0,7,5
8,17,0,7,1
8,17,0,7,14
8,17,1,4,17
8,17,0,7,12
8,17,0,7,9
8,17,0,7,7
8,17,0,7,7
8,17,0,7,6
8,17,0,7,8
8,17,0,7,5
8,17,0,7,7
8,17,0,7,7
8,17,0,7,11
8,17,0,7,1
8,18,0,7,14
8,18,0,7,11
8,18,1,4,18
8,18,0,7,9
8,18,0,7,14
8,18,0,7,7
8,18,0,7,9
8,18,0,7,7
8,18,0,7,8
8,18,0,7,9
8,18,0,7,10
8,18,0,7,8
8,18,0,7,10
8,18,0,7,3
8,18,0,7,11
8,18,0,7,1
8,18,0,7,5
8,18,0,7,7
8,18,0,7,15
8,18,0,7,4
8,18,0,7,5
8,18,0,7,2
8,18,0,7,15
8,18,0,7,1
8,18,0,7,12
8,18,0,7,8
8,18,0,7,6
8,18,0,7,6
8,18,0,7,13
8,18,0,7,14
8,18,0,7,5
8,18,1,4,18
8,18,0,7,10
8,18,0,7,3
8,18,0,7,6
8,18,0,7,9
8,18,0,7,4
8,18,0,7,5
8,18,1,3,18
8,18,0,7,5
8,18,0,7,12
8,18,0,7,5
8,18,0,7,10
8,18,0,7,2
8,18,0,7,2
8,18,0,7,8
8,18,0,7,11
8,18,0,7,7
8,18,0,7,4
8,18,0,7,8
8,18,0,7,5
8,18,0,7,6
8,18,0,7,5
8,18,0,7,2
8,18,0,7,3
8,18,0,7,7
8,18,1,2,18
8,18,0,7,3
8,18,0,7,5
8,18,0,7,9
8,18,0,7,7
8,18,0,7,3
8,18,0,7,15
8,18,0,7,12
8,18,0,7,5
8,18,0,7,6
8,18,0,7,14
8,18,0,7,3
8,18,0,7,8
8,18,0,7,5
8,18,0,7,4
8,18,0,7,8
8,18,0,7,11
8,18,0,7,13
8,18,0,7,4
8,18,0,7,16
8,18,0,7,3
8,18,0,7,1
8,18,0,7,1
8,18,0,7,13
8,18,0,7,0
8,18,0,7,4
8,18,0,7,7
8,18,0,7,5
8,18,0,7,4
8,18,0,7,3
8,18,1,4,18
8,18,0,7,9
8,18,0,7,3
8,18,0,7,9
8,18,0,7,13
8,18,0,7,6
8,18,0,7,12
8,18,0,7,2
8,18,0,7,4
8,18,0,7,5
8,18,0,7,6
8,18,1,5,18
8,18,0,7,12
8,18,0,7,5
8,19,0,7,5
8,19,0,7,13
8,19,0,7,8
8,19,0,7,6
8,19,0,7,2
8,19,0,7,4
8,19,0,7,9
8,19,0,7,13
8,19,0,7,7
8,19,0,7,2
8,19,0,7,1
8,19,0,7,5
8,19,0,7,7
8,19,0,7,2
8,19,0,7,4
8,19,0,7,2
8,19,0,7,3
8,19,0,7,4
8,19,0,7,5
8,19,0,7,4
8,19,0,7,12
8,19,0,7,1
8,19,0,7,6
8,19,0,7,13
8,19,0,7,0
8,19,0,7,1
8,19,0,7,1
8,19,0,7,15
8,19,0,7,6
8,19,0,7,8
8,19,0,7,6
8,19,0,7,4
8,19,0,7,3
8,19,0,7,3
8,19,0,7,1
8,19,0,7,1
8,19,0,7,12
8,19,0,7,5
8,19,0,7,7
8,19,0,7,8
8,19,0,7,15
8,19,0,7,10
8,19,0,7,9
8,19,0,7,2
8,19,0,7,2
8,19,0,7,8
8,19,0,7,5
8,19,0,7,6
8,19,0,7,7
8,19,0,7,11
8,19,0,7,8
8,19,0,7,6
8,19,0,7,5
8,19,0,7,7
8,19,0,7,4
8,19,0,7,16
8,19,0,7,1
8,19,0,7,5
8,19,0,7,7
8,19,0,7,15
8,19,0,7,3
8,19,0,7,5
8,19,0,7,2
8,19,0,7,4
8,19,0,7,2
8,19,0,7,6
8,19,0,7,6
8,19,0,7,9
8,19,0,7,2
8,19,0,7,13
8,19,0,7,13
8,19,0,7,8
8,19,0,7,6
8,19,0,7,7
8,19,0,7,4
8,19,0,7,5
8,19,0,7,7
8,19,0,7,4
8,19,0,7,12
8,19,0,7,6
8,19,0,7,2
8,19,0,7,3
8,19,0,7,2
8,19,0,7,15
8,19,0,7,12
8,19,0,7,0
8,19,0,7,10
8,19,0,7,10
8,19,0,7,5
8,19,0,7,15
8,19,0,7,2
8,19,0,7,11
8,19,0,7,3
8,19,0,7,16
8,19,0,7,4
8,19,0,7,15
8,19,0,7,4
8,19,0,7,3
8,19,0,7,10
8,19,0,7,8
8,20,0,7,6
8,20,0,7,9
8,20,0,7,5
8,20,0,7,6
8,20,0,7,12
8,20,0,7,4
8,20,0,7,12
8,20,0,7,2
8,20,0,7,10
8,20,0,7,0
8,20,0,7,2
8,20,0,7,13
8,20,0,7,4
8,20,0,7,10
8,20,0,7,9
8,20,0,7,7
8,20,0,7,12
8,20,0,7,11
8,20,0,7,3
8,20,0,7,2
8,20,0,7,7
8,20,0,7,11
8,20,0,7,3
8,20,0,7,4
8,20,0,7,6
8,20,0,7,9
8,20,0,7,8
8,20,0,7,3
8,20,0,7,3
8,20,0,7,6
8,20,0,7,5
8,20,0,7,18
8,20,0,7,8
8,20,0,7,6
8,20,0,7,13
8,20,0,7,2
8,20,0,7,8
8,20,0,7,10
8,20,0,7,7
8,20,0,7,7
8,20,0,7,4
8,20,0,7,16
8,20,0,7,16
8,20,0,7,3
8,20,0,7,7
8,20,0,7,7
8,20,0,7,3
8,20,0,7,8
8,20,0,7,6
8,20,0,7,16
8,20,0,7,1
8,20,0,7,4
8,20,0,7,4
8,20,0,7,5
8,20,0,7,5
8,20,0,7,5
8,20,0,7,10
8,20,0,7,12
8,20,0,7,4
8,20,0,7,17
8,20,0,7,10
8,20,1,3,20
8,20,0,7,9
8,20,0,7,5
8,20,0,7,6
8,20,0,7,5
8,20,0,7,11
8,20,0,7,5
8,20,0,7,7
8,20,0,7,8
8,20,0,7,7
8,20,0,7,13
8,20,0,7,7
8,20,0,7,16
8,20,0,7,2
8,20,0,7,7
8,20,0,7,8
8,20,0,7,3
8,20,0,7,8
8,20,0,7,5
8,20,0,7,9
8,20,0,7,5
8,20,0,7,7
8,20,0,7,7
8,20,0,7,4
8,20,0,7,4
8,20,0,7,7
8,20,0,7,6
8,20,0,7,4
8,20,0,7,8
8,20,0,7,10
8,20,0,7,5
8,20,1,3,20
8,20,0,7,12
8,20,0,7,6
8,20,0,7,6
8,20,1,5,20
8,20,0,7,8
8,20,0,7,6
8,20,0,7,9
9,1,1,0,1
9,1,1,0,1
9,1,1,1,1
9,1,1,0,1
9,1,1,0,1
9,1,1,0,1
9,1,1,1,1
9,1,1,0,1
9,1,1,0,1
9,1,1,0,1
9,1,1,0,1
9,1,1,0,1
9,1,1,2,1
9,1,1,1,1
9,1,1,0,1
9,1,1,2,1
9,1,1,4,1
9,1,1,0,1
9,1,1,0,1
9,1,1,3,1
9,1,1,0,1
9,1,1,0,1
9,1,1,1,1
9,1,1,1,1
9,1,1,2,1
9,1,1,0,1
9,1,1,1,1
9,1,1,0,1
9,1,1,0,1
9,1,1,0,1
9,1,1,2,1
9,1,1,0,1
9,1,1,0,1
9,1,1,0,1
9,1,1,1,1
9,1,1,0,1
9,1,1,0,1
9,1,1,0,1
9,1,1,1,1
9,1,1,0,1
9,1,1,0,1
9,1,1,0,1
9,1,1,0,1
9,1,1,0,1
9,1,1,1,1
9,1,1,1,1
9,1,1,1,1
9,1,1,1,1
9,1,1,0,1
9,1,1,0,1
9,1,1,0,1
9,1,1,1,1
9,1,1,0,1
9,1,1,1,1
9,1,1,0,1
9,1,1,0,1
9,1,1,1,1
9,1,1,0,1
9,1,1,1,1
9,1,1,0,1
9,1,1,0,1
9,1,1,0,1
9,1,1,0,1
9,1,1,1,1
9,1,1,2,1
9,1,1,0,1
9,1,1,1,1
9,1,1,0,1
9,1,1,0,1
9,1,1,1,1
9,1,1,0,1
9,1,1,1,1
9,1,1,2,1
9,1,1,2,1
9,1,1,0,1
9,1,1,0,1
9,1,1,1,1
9,1,1,0,1
9,1,1,2,1
9,1,1,1,1
9,1,1,0,1
9,1,1,0,1
9,1,1,0,1
9,1,1,1,1
9,1,1,0,1
9,1,1,0,1
9,1,1,0,1
9,1,1,0,1
9,1,1,0,1
9,1,1,2,1
9,1,1,2,1
9,1,1,0,1
9,1,1,0,1
9,1,1,0,1
9,1,1,1,1
9,1,1,3,1
9,1,1,0,1
9,1,1,0,1
9,1,1,0,1
9,1,1,0,1
9,2,1,4,2
9,2,1,1,2
9,2,1,0,2
9,2,1,2,2
9,2,1,1,2
9,2,1,1,2
9,2,1,0,2
9,2,1,0,2
9,2,1,1,2
9,2,0,8,0
9,2,1,4,2
9,2,1,0,2
9,2,1,4,2
9,2,1,0,2
9,2,1,1,2
9,2,1,4,2
9,2,1,0,2
9,2,1,5,2
9,2,1,0,2
9,2,1,0,2
9,2,1,0,2
9,2,1,1,2
9,2,1,3,2
9,2,1,3,2
9,2,1,0,2
9,2,1,1,2
9,2,0,8,0
9,2,1,0,2
9,2,1,2,2
9,2,1,0,2
9,2,1,2,2
9,2,1,0,2
9,2,1,2,2
9,2,1,1,2
9,2,1,0,2
9,2,1,0,2
9,2,1,0,2
9,2,1,2,2
9,2,1,3,2
9,2,1,0,2
9,2,1,1,2
9,2,1,0,2
9,2,1,5,2
9,2,1,2,2
9,2,1,1,2
9,2,1,0,2
9,2,1,4,2
9,2,1,0,2
9,2,1,7,2
9,2,1,2,2
9,2,1,0,2
9,2,1,0,2
9,2,1,5,2
9,2,1,2,2
9,2,1,0,2
9,2,1,2,2
9,2,1,5,2
9,2,1,5,2
9,2,1,1,2
9,2,1,1,2
9,2,1,1,2
9,2,1,1,2
9,2,1,6,2
9,2,0,8,0
9,2,1,2,2
9,2,1,1,2
9,2,1,1,2
9,2,1,0,2
9,2,1,2,2
9,2,1,0,2
9,2,1,1,2
9,2,1,2,2
9,2,1,3,2
9,2,1,5,2
9,2,1,3,2
9,2,1,3,2
9,2,1,0,2
9,2,1,2,2
9,2,1,0,2
9,2,1,1,2
9,2,1,0,2
9,2,1,2,2
9,2,0,8,1
9,2,1,2,2
9,2,1,2,2
9,2,1,0,2
9,2,1,4,2
9,2,1,4,2
9,2,1,3,2
9,2,1,0,2
9,2,1,0,2
9,2,0,8,0
9,2,1,0,2
9,2,1,4,2
9,2,1,2,2
9,2,0,8,0
9,2,1,1,2
9,2,1,0,2
9,2,1,1,2
9,2,1,0,2
9,3,1,2,3
9,3,1,2,3
9,3,1,2,3
9,3,1,2,3
9,3,1,1,3
9,3,1,1,3
9,3,0,8,0
9,3,0,8,1
9,3,1,2,3
9,3,1,5,3
9,3,1,3,3
9,3,1,1,3
9,3,1,6,3
9,3,1,1,3
9,3,1,7,3
9,3,1,3,3
9,3,1,2,3
9,3,1,3,3
9,3,1,5,3
9,3,0,8,1
9,3,0,8,0
9,3,1,6,3
9,3,1,4,3
9,3,1,2,3
9,3,1,1,3
9,3,1,1,3
9,3,1,5,3
9,3,1,1,3
9,3,1,2,3
9,3,1,2,3
9,3,1,2,3
9,3,1,2,3
9,3,1,3,3
9,3,1,0,3
9,3,1,1,3
9,3,1,1,3
9,3,1,1,3
9,3,1,1,3
9,3,1,1,3
9,3,1,1,3
9,3,1,1,3
9,3,1,1,3
9,3,1,5,3
9,3,1,0,3
9,3,1,3,3
9,3,1,0,3
9,3,1,2,3
9,3,1,0,3
9,3,1,1,3
9,3,1,0,3
9,3,1,0,3
9,3,1,6,3
9,3,1,2,3
9,3,1,0,3
9,3,1,3,3
9,3,1,2,3
9,3,1,5,3
9,3,0,8,1
9,3,1,2,3
9,3,1,4,3
9,3,1,0,3
9,3,1,3,3
9,3,1,1,3
9,3,1,0,3
9,3,1,2,3
9,3,1,4,3
9,3,1,2,3
9,3,1,3,3
9,3,1,1,3
9,3,0,8,2
9,3,1,4,3
9,3,1,3,3
9,3,1,1,3
9,3,1,2,3
9,3,1,1,3
9,3,1,0,3
9,3,1,3,3
9,3,1,4,3
9,3,1,4,3
9,3,1,0,3
9,3,1,0,3
9,3,1,4,3
9,3,1,0,3
9,3,1,0,3
9,3,1,1,3
9,3,1,0,3
9,3,1,3,3
9,3,1,3,3
9,3,1,4,3
9,3,1,2,3
9,3,1,0,3
9,3,1,0,3
9,3,1,2,3
9,3,1,4,3
9,3,1,0,3
9,3,1,0,3
9,3,1,0,3
9,3,1,4,3
9,3,1,6,3
9,3,1,0,3
9,4,0,8,0
9,4,1,1,4
9,4,1,2,4
9,4,0,8,1
9,4,1,6,4
9,4,0,8,3
9,4,0,8,2
9,4,1,5,4
9,4,1,3,4
9,4,0,8,2
9,4,1,0,4
9,4,1,4,4
9,4,1,1,4
9,4,1,3,4
9,4,1,4,4
9,4,1,0,4
9,4,1,0,4
9,4,1,1,4
9,4,1,4,4
9,4,1,7,4
9,4,1,6,4
9,4,1,1,4
9,4,1,6,4
9,4,1,4,4
9,4,1,3,4
9,4,1,4,4
9,4,1,3,4
9,4,1,1,4
9,4,1,3,4
9,4,1,2,4
9,4,0,8,2
9,4,1,0,4
9,4,1,1,4
9,4,1,0,4
9,4,0,8,1
9,4,1,2,4
9,4,1,3,4
9,4,1,7,4
9,4,1,0,4
9,4,1,5,4
9,4,0,8,3
9,4,0,8,2
9,4,1,3,4
9,4,1,3,4
9,4,1,0,4
9,4,0,8,3
9,4,1,2,4
9,4,1,4,4
9,4,1,6,4
9,4,1,7,4
9,4,1,3,4
9,4,1,0,4
9,4,0,8,2
9,4,1,0,4
9,4,1,4,4
9,4,1,2,4
9,4,0,8,2
9,4,0,8,1
9,4,1,7,4
9,4,1,4,4
9,4,1,2,4
9,4,1,7,4
9,4,1,6,4
9,4,1,4,4
9,4,1,3,4
9,4,1,5,4
9,4,1,0,4
9,4,1,5,4
9,4,1,0,4
9,4,1,3,4
9,4,1,4,4
9,4,1,2,4
9,4,1,0,4
9,4,1,4,4
9,4,1,1,4
9,4,1,5,4
9,4,1,4,4
9,4,1,1,4
9,4,1,5,4
9,4,1,2,4
9,4,1,1,4
9,4,1,4,4
9,4,1,3,4
9,4,1,4,4
9,4,1,3,4
9,4,1,4,4
9,4,1,4,4
9,4,1,0,4
9,4,1,0,4
9,4,1,0,4
9,4,1,3,4
9,4,0,8,2
9,4,1,4,4
9,4,1,2,4
9,4,1,2,4
9,4,0,8,1
9,4,1,1,4
9,4,1,1,4
9,4,1,4,4
9,4,1,7,4
9,5,1,2,5
9,5,0,8,2
9,5,1,3,5
9,5,1,2,5
9,5,1,5,5
9,5,0,8,3
9,5,1,2,5
9,5,1,2,5
9,5,1,4,5
9,5,1,3,5
9,5,0,8,4
9,5,1,1,5
9,5,1,2,5
9,5,1,6,5
9,5,0,8,1
9,5,1,6,5
9,5,1,3,5
9,5,1,1,5
9,5,1,7,5
9,5,1,4,5
9,5,1,1,5
9,5,1,5,5
9,5,1,1,5
9,5,1,0,5
9,5,1,2,5
9,5,1,0,5
9,5,1,4,5
9,5,1,2,5
9,5,1,0,5
9,5,1,1,5
9,5,1,2,5
9,5,1,7,5
9,5,0,8,1
9,5,0,8,2
9,5,1,2,5
9,5,1,3,5
9,5,1,1,5
9,5,1,3,5
9,5,1,6,5
9,5,1,5,5
9,5,0,8,3
9,5,1,0,5
9,5,1,1,5
9,5,1,4,5
9,5,0,8,1
9,5,1,5,5
9,5,1,4,5
9,5,1,2,5
9,5,1,5,5
9,5,1,0,5
9,5,1,1,5
9,5,1,2,5
9,5,0,8,2
9,5,1,3,5
9,5,0,8,4
9,5,1,5,5
9,5,1,3,5
9,5,1,4,5
9,5,1,6,5
9,5,1,3,5
9,5,0,8,2
9,5,1,3,5
9,5,1,1,5
9,5,1,5,5
9,5,1,5,5
9,5,1,0,5
9,5,1,2,5
9,5,1,4,5
9,5,1,4,5
9,5,1,0,5
9,5,1,3,5
9,5,1,5,5
9,5,1,3,5
9,5,0,8,1
9,5,1,1,5
9,5,1,4,5
9,5,1,4,5
9,5,1,5,5
9,5,1,1,5
9,5,1,6,5
9,5,0,8,3
9,5,1,5,5
9,5,1,5,5
9,5,0,8,2
9,5,1,2,5
9,5,1,4,5
9,5,1,5,5
9,5,1,7,5
9,5,1,2,5
9,5,0,8,3
9,5,1,0,5
9,5,1,1,5
9,5,1,1,5
9,5,1,5,5
9,5,1,4,5
9,5,1,4,5
9,5,1,1,5
9,5,1,3,5
9,5,0,8,3
9,5,1,2,5
9,6,0,8,4
9,6,1,0,6
9,6,1,0,6
9,6,1,3,6
9,6,0,8,4
9,6,0,8,4
9,6,1,3,6
9,6,1,5,6
9,6,0,8,4
9,6,0,8,0
9,6,1,6,6
9,6,1,4,6
9,6,1,5,6
9,6,0,8,4
9,6,1,4,6
9,6,1,2,6
9,6,1,6,6
9,6,1,7,6
9,6,1,2,6
9,6,1,4,6
9,6,0,8,0
9,6,0,8,4
9,6,1,2,6
9,6,1,3,6
9,6,1,3,6
9,6,1,4,6
9,6,1,5,6
9,6,0,8,3
9,6,0,8,4
9,6,0,8,4
9,6,1,3,6
9,6,1,5,6
9,6,1,3,6
9,6,1,0,6
9,6,0,8,4
9,6,1,6,6
9,6,1,2,6
9,6,0,8,3
9,6,1,1,6
9,6,0,8,2
9,6,0,8,3
9,6,1,5,6
9,6,1,3,6
9,6,0,8,3
9,6,1,1,6
9,6,1,4,6
9,6,1,3,6
9,6,0,8,4
9,6,0,8,2
9,6,1,5,6
9,6,1,4,6
9,6,0,8,0
9,6,1,5,6
9,6,0,8,5
9,6,1,2,6
9,6,0,8,4
9,6,0,8,3
9,6,1,5,6
9,6,1,4,6
9,6,1,3,6
9,6,1,5,6
9,6,1,4,6
9,6,0,8,4
9,6,1,1,6
9,6,0,8,4
9,6,1,1,6
9,6,0,8,2
9,6,0,8,5
9,6,0,8,5
9,6,1,7,6
9,6,1,3,6
9,6,0,8,5
9,6,1,2,6
9,6,1,2,6
9,6,1,5,6
9,6,1,5,6
9,6,1,5,6
9,6,1,5,6
9,6,1,2,6
9,6,0,8,2
9,6,1,5,6
9,6,1,0,6
9,6,1,4,6
9,6,1,2,6
9,6,0,8,3
9,6,1,5,6
9,6,1,6,6
9,6,1,1,6
9,6,1,6,6
9,6,1,4,6
9,6,1,6,6
9,6,0,8,1
9,6,1,5,6
9,6,1,3,6
9,6,1,6,6
9,6,0,8,4
9,6,0,8,5
9,6,0,8,2
9,6,0,8,2
9,6,1,4,6
9,7,1,5,7
9,7,1,3,7
9,7,0,8,4
9,7,1,7,7
9,7,0,8,2
9,7,1,2,7
9,7,1,2,7
9,7,1,4,7
9,7,0,8,4
9,7,1,3,7
9,7,0,8,3
9,7,0,8,1
9,7,1,1,7
9,7,1,3,7
9,7,1,7,7
9,7,1,6,7
9,7,1,4,7
9,7,1,5,7
9,7,0,8,4
9,7,0,8,2
9,7,1,2,7
9,7,1,3,7
9,7,1,4,7
9,7,0,8,5
9,7,0,8,4
9,7,1,3,7
9,7,1,4,7
9,7,0,8,3
9,7,0,8,2
9,7,1,5,7
9,7,0,8,3
9,7,0,8,2
9,7,1,5,7
9,7,1,5,7
9,7,1,2,7
9,7,1,3,7
9,7,0,8,5
9,7,1,2,7
9,7,1,1,7
9,7,0,8,5
9,7,1,6,7
9,7,0,8,6
9,7,1,5,7
9,7,1,6,7
9,7,0,8,4
9,7,1,3,7
9,7,0,8,6
9,7,1,5,7
9,7,0,8,4
9,7,1,3,7
9,7,0,8,4
9,7,0,8,5
9,7,1,0,7
9,7,1,3,7
9,7,1,3,7
9,7,1,6,7
9,7,1,3,7
9,7,1,7,7
9,7,0,8,4
9,7,0,8,4
9,7,1,4,7
9,7,1,1,7
9,7,0,8,5
9,7,1,3,7
9,7,0,8,6
9,7,1,2,7
9,7,0,8,4
9,7,1,3,7
9,7,1,5,7
9,7,1,1,7
9,7,1,3,7
9,7,0,8,6
9,7,1,4,7
9,7,1,7,7
9,7,0,8,4
9,7,0,8,0
9,7,1,5,7
9,7,1,5,7
9,7,1,2,7
9,7,1,0,7
9,7,0,8,3
9,7,1,1,7
9,7,1,2,7
9,7,1,3,7
9,7,0,8,4
9,7,1,5,7
9,7,0,8,6
9,7,0,8,5
9,7,0,8,0
9,7,0,8,4
9,7,0,8,5
9,7,0,8,5
9,7,1,5,7
9,7,1,4,7
9,7,1,5,7
9,7,1,5,7
9,7,1,2,7
9,7,1,4,7
9,7,0,8,3
9,7,0,8,5
9,8,1,3,8
9,8,1,1,8
9,8,0,8,6
9,8,1,4,8
9,8,0,8,4
9,8,0,8,6
9,8,1,0,8
9,8,1,6,8
9,8,1,3,8
9,8,0,8,5
9,8,0,8,3
9,8,0,8,7
9,8,0,8,2
9,8,1,5,8
9,8,1,3,8
9,8,1,4,8
9,8,0,8,4
9,8,1,6,8
9,8,0,8,4
9,8,1,4,8
9,8,1,6,8
9,8,0,8,6
9,8,1,4,8
9,8,0,8,4
9,8,1,3,8
9,8,1,4,8
9,8,0,8,6
9,8,0,8,0
9,8,1,4,8
9,8,1,5,8
9,8,1,3,8
9,8,1,5,8
9,8,0,8,6
9,8,1,5,8
9,8,1,2,8
9,8,1,7,8
9,8,0,8,6
9,8,1,3,8
9,8,0,8,7
9,8,1,6,8
9,8,0,8,6
9,8,0,8,6
9,8,1,4,8
9,8,1,3,8
9,8,0,8,6
9,8,0,8,5
9,8,1,6,8
9,8,1,4,8
9,8,0,8,3
9,8,1,4,8
9,8,0,8,6
9,8,0,8,3
9,8,0,8,3
9,8,1,2,8
9,8,0,8,6
9,8,0,8,3
9,8,1,6,8
9,8,1,0,8
9,8,1,6,8
9,8,1,3,8
9,8,0,8,5
9,8,0,8,7
9,8,0,8,4
9,8,0,8,5
9,8,1,6,8
9,8,1,7,8
9,8,0,8,7
9,8,1,7,8
9,8,1,3,8
9,8,0,8,7
9,8,1,4,8
9,8,1,2,8
9,8,0,8,1
9,8,1,4,8
9,8,1,3,8
9,8,0,8,5
9,8,1,2,8
9,8,1,5,8
9,8,1,5,8
9,8,0,8,5
9,8,1,7,8
9,8,1,3,8
9,8,1,6,8
9,8,0,8,4
9,8,1,2,8
9,8,1,5,8
9,8,0,8,6
9,8,1,5,8
9,8,1,3,8
9,8,0,8,4
9,8,1,3,8
9,8,0,8,3
9,8,0,8,7
9,8,0,8,4
9,8,1,7,8
9,8,1,7,8
9,8,0,8,6
9,8,1,3,8
9,8,1,5,8
9,8,0,8,6
9,9,1,6,9
9,9,0,8,0
9,9,0,8,3
9,9,1,3,9
9,9,0,8,6
9,9,0,8,7
9,9,0,8,6
9,9,1,5,9
9,9,0,8,5
9,9,0,8,6
9,9,0,8,4
9,9,0,8,2
9,9,1,5,9
9,9,1,7,9
9,9,1,1,9
9,9,1,3,9
9,9,1,3,9
9,9,0,8,1
9,9,1,5,9
9,9,0,8,8
9,9,0,8,6
9,9,0,8,6
9,9,1,3,9
9,9,0,8,8
9,9,0,8,4
9,9,1,4,9
9,9,1,5,9
9,9,0,8,8
9,9,0,8,2
9,9,1,2,9
9,9,0,8,8
9,9,0,8,6
9,9,0,8,3
9,9,0,8,6
9,9,1,6,9
9,9,0,8,4
9,9,0,8,6
9,9,1,4,9
9,9,0,8,2
9,9,1,4,9
9,9,1,5,9
9,9,1,7,9
9,9,1,3,9
9,9,0,8,7
9,9,1,5,9
9,9,1,1,9
9,9,1,4,9
9,9,1,1,9
9,9,1,5,9
9,9,0,8,5
9,9,1,6,9
9,9,1,6,9
9,9,0,8,1
9,9,1,5,9
9,9,0,8,6
9,9,0,8,3
9,9,0,8,5
9,9,1,4,9
9,9,0,8,5
9,9,0,8,7
9,9,1,3,9
9,9,1,5,9
9,9,1,5,9
9,9,0,8,7
9,9,0,8,2
9,9,1,5,9
9,9,0,8,4
9,9,1,2,9
9,9,0,8,7
9,9,0,8,6
9,9,0,8,4
9,9,0,8,7
9,9,0,8,3
9,9,1,3,9
9,9,1,3,9
9,9,1,4,9
9,9,1,4,9
9,9,1,4,9
9,9,0,8,8
9,9,1,5,9
9,9,1,3,9
9,9,1,3,9
9,9,1,6,9
9,9,1,5,9
9,9,1,6,9
9,9,0,8,4
9,9,0,8,7
9,9,1,4,9
9,9,1,2,9
9,9,1,2,9
9,9,1,4,9
9,9,1,6,9
9,9,0,8,3
9,9,0,8,4
9,9,1,5,9
9,9,0,8,6
9,9,0,8,5
9,9,1,2,9
9,9,1,4,9
9,9,0,8,2
9,10,1,1,10
9,10,0,8,3
9,10,0,8,7
9,10,1,6,10
9,10,0,8,4
9,10,1,4,10
9,10,0,8,3
9,10,0,8,5
9,10,1,4,10
9,10,0,8,7
9,10,0,8,9
9,10,1,4,10
9,10,1,3,10
9,10,1,3,10
9,10,1,5,10
9,10,0,8,8
9,10,0,8,3
9,10,0,8,8
9,10,0,8,2
9,10,0,8,8
9,10,0,8,6
9,10,0,8,6
9,10,1,4,10
9,10,0,8,7
9,10,0,8,3
9,10,0,8,4
9,10,0,8,7
9,10,1,3,10
9,10,1,6,10
9,10,0,8,4
9,10,0,8,5
9,10,0,8,3
9,10,1,3,10
9,10,0,8,0
9,10,0,8,8
9,10,1,6,10
9,10,0,8,6
9,10,0,8,3
9,10,0,8,7
9,10,0,8,2
9,10,0,8,7
9,10,0,8,8
9,10,1,6,10
9,10,0,8,4
9,10,1,0,10
9,10,0,8,4
9,10,0,8,5
9,10,0,8,6
9,10,0,8,6
9,10,1,4,10
9,10,0,8,8
9,10,0,8,5
9,10,0,8,1
9,10,0,8,3
9,10,0,8,1
9,10,0,8,2
9,10,1,6,10
9,10,0,8,7
9,10,1,5,10
9,10,0,8,6
9,10,0,8,5
9,10,1,3,10
9,10,0,8,1
9,10,1,7,10
9,10,1,7,10
9,10,0,8,2
9,10,0,8,5
9,10,1,7,10
9,10,0,8,9
9,10,1,4,10
9,10,0,8,6
9,10,0,8,8
9,10,0,8,7
9,10,1,6,10
9,10,1,6,10
9,10,0,8,6
9,10,1,6,10
9,10,1,0,10
9,10,0,8,8
9,10,1,5,10
9,10,1,3,10
9,10,0,8,8
9,10,0,8,9
9,10,1,3,10
9,10,0,8,3
9,10,0,8,8
9,10,1,3,10
9,10,0,8,1
9,10,1,1,10
9,10,0,8,9
9,10,1,6,10
9,10,1,2,10
9,10,0,8,3
9,10,0,8,5
9,10,1,6,10
9,10,1,2,10
9,10,1,4,10
9,10,0,8,3
9,10,0,8,5
9,10,0,8,6
9,11,1,7,11
9,11,0,8,5
9,11,0,8,9
9,11,0,8,1
9,11,0,8,9
9,11,0,8,7
9,11,1,2,11
9,11,0,8,9
9,11,0,8,10
9,11,0,8,8
9,11,1,2,11
9,11,1,4,11
9,11,0,8,7
9,11,0,8,6
9,11,1,4,11
9,11,1,2,11
9,11,0,8,9
9,11,1,4,11
9,11,1,3,11
9,11,1,5,11
9,11,0,8,8
9,11,0,8,8
9,11,0,8,5
9,11,0,8,6
9,11,0,8,10
9,11,1,4,11
9,11,0,8,3
9,11,1,4,11
9,11,0,8,9
9,11,0,8,2
9,11,0,8,6
9,11,1,6,11
9,11,0,8,4
9,11,0,8,6
9,11,1,4,11
9,11,0,8,1
9,11,0,8,8
9,11,0,8,6
9,11,1,3,11
9,11,0,8,9
9,11,1,3,11
9,11,0,8,4
9,11,0,8,6
9,11,0,8,9
9,11,0,8,3
9,11,0,8,2
9,11,0,8,4
9,11,0,8,8
9,11,0,8,8
9,11,1,5,11
9,11,0,8,3
9,11,0,8,4
9,11,1,6,11
9,11,0,8,9
9,11,0,8,4
9,11,0,8,0
9,11,1,2,11
9,11,0,8,6
9,11,0,8,4
9,11,1,5,11
9,11,1,4,11
9,11,0,8,7
9,11,0,8,5
9,11,0,8,9
9,11,0,8,5
9,11,1,3,11
9,11,0,8,4
9,11,0,8,4
9,11,0,8,5
9,11,1,3,11
9,11,0,8,5
9,11,1,2,11
9,11,0,8,2
9,11,1,6,11
9,11,0,8,9
9,11,0,8,3
9,11,0,8,7
9,11,0,8,4
9,11,0,8,5
9,11,0,8,4
9,11,0,8,2
9,11,0,8,4
9,11,0,8,8
9,11,1,5,11
9,11,0,8,4
9,11,0,8,6
9,11,0,8,9
9,11,0,8,7
9,11,0,8,3
9,11,0,8,4
9,11,0,8,7
9,11,0,8,6
9,11,0,8,7
9,11,0,8,8
9,11,0,8,9
9,11,0,8,3
9,11,0,8,4
9,11,1,6,11
9,11,1,6,11
9,11,0,8,2
9,12,0,8,8
9,12,1,5,12
9,12,0,8,9
9,12,0,8,2
9,12,0,8,7
9,12,0,8,11
9,12,0,8,5
9,12,0,8,9
9,12,0,8,4
9,12,0,8,2
9,12,0,8,5
9,12,0,8,4
9,12,0,8,6
9,12,1,2,12
9,12,0,8,5
9,12,0,8,11
9,12,0,8,7
9,12,0,8,8
9,12,0,8,4
9,12,0,8,2
9,12,0,8,2
9,12,0,8,4
9,12,0,8,3
9,12,0,8,10
9,12,0,8,8
9,12,1,4,12
9,12,0,8,5
9,12,1,3,12
9,12,0,8,7
9,12,0,8,10
9,12,0,8,9
9,12,0,8,5
9,12,0,8,5
9,12,0,8,4
9,12,0,8,10
9,12,1,3,12
9,12,0,8,8
9,12,0,8,5
9,12,1,4,12
9,12,0,8,7
9,12,0,8,8
9,12,0,8,2
9,12,0,8,8
9,12,0,8,10
9,12,0,8,7
9,12,0,8,8
9,12,1,6,12
9,12,1,5,12
9,12,1,5,12
9,12,0,8,5
9,12,0,8,5
9,12,0,8,8
9,12,0,8,9
9,12,0,8,4
9,12,0,8,5
9,12,0,8,2
9,12,0,8,5
9,12,0,8,9
9,12,1,5,12
9,12,0,8,6
9,12,1,5,12
9,12,0,8,7
9,12,0,8,2
9,12,0,8,5
9,12,0,8,10
9,12,0,8,5
9,12,0,8,10
9,12,0,8,9
9,12,1,0,12
9,12,0,8,2
9,12,0,8,4
9,12,0,8,10
9,12,0,8,7
9,12,0,8,6
9,12,0,8,6
9,12,1,7,12
9,12,0,8,7
9,12,0,8,6
9,12,0,8,3
9,12,0,8,6
9,12,1,5,12
9,12,0,8,8
9,12,0,8,5
9,12,0,8,10
9,12,1,6,12
9,12,0,8,6
9,12,0,8,10
9,12,0,8,5
9,12,1,3,12
9,12,0,8,8
9,12,1,6,12
9,12,1,7,12
9,12,1,2,12
9,12,0,8,5
9,12,0,8,2
9,12,0,8,6
9,12,1,3,12
9,12,0,8,6
9,12,1,2,12
9,12,1,5,12
9,13,0,8,12
9,13,0,8,7
9,13,0,8,10
9,13,1,4,13
9,13,1,4,13
9,13,0,8,2
9,13,0,8,2
9,13,1,1,13
9,13,0,8,3
9,13,0,8,10
9,13,0,8,10
9,13,1,4,13
9,13,0,8,4
9,13,1,5,13
9,13,0,8,10
9,13,0,8,9
9,13,0,8,9
9,13,0,8,5
9,13,0,8,4
9,13,0,8,3
9,13,0,8,9
9,13,0,8,8
9,13,0,8,9
9,13,0,8,1
9,13,1,3,13
9,13,0,8,6
9,13,1,4,13
9,13,0,8,10
9,13,0,8,5
9,13,0,8,10
9,13,0,8,12
9,13,1,3,13
9,13,0,8,8
9,13,0,8,8
9,13,1,7,13
9,13,1,5,13
9,13,0,8,4
9,13,0,8,6
9,13,0,8,6
9,13,0,8,4
9,13,0,8,7
9,13,0,8,5
9,13,0,8,8
9,13,0,8,6
9,13,0,8,7
9,13,1,6,13
9,13,0,8,4
9,13,0,8,3
9,13,0,8,5
9,13,0,8,6
9,13,1,3,13
9,13,0,8,10
9,13,1,5,13
9,13,0,8,1
9,13,0,8,12
9,13,0,8,4
9,13,1,3,13
9,13,0,8,1
9,13,0,8,3
9,13,0,8,6
9,13,0,8,10
9,13,0,8,8
9,13,0,8,8
9,13,0,8,10
9,13,0,8,8
9,13,0,8,5
9,13,0,8,4
9,13,0,8,5
9,13,1,7,13
9,13,0,8,6
9,13,0,8,7
9,13,0,8,2
9,13,0,8,7
9,13,0,8,12
9,13,0,8,2
9,13,0,8,10
9,13,1,6,13
9,13,1,6,13
9,13,0,8,2
9,13,1,6,13
9,13,0,8,4
9,13,0,8,5
9,13,0,8,8
9,13,1,5,13
9,13,0,8,8
9,13,0,8,7
9,13,1,7,13
9,13,0,8,9
9,13,0,8,6
9,13,0,8,9
9,13,0,8,6
9,13,0,8,7
9,13,0,8,7
9,13,0,8,10
9,13,0,8,5
9,13,1,4,13
9,13,0,8,4
9,13,1,1,13
9,13,0,8,9
9,13,0,8,6
9,14,0,8,10
9,14,0,8,12
9,14,0,8,12
9,14,0,8,10
9,14,0,8,7
9,14,0,8,4
9,14,1,5,14
9,14,0,8,4
9,14,0,8,4
9,14,0,8,4
9,14,0,8,6
9,14,0,8,5
9,14,0,8,2
9,14,0,8,9
9,14,0,8,5
9,14,0,8,11
9,14,0,8,12
9,14,0,8,10
9,14,0,8,6
9,14,0,8,9
9,14,1,5,14
9,14,0,8,4
9,14,1,4,14
9,14,0,8,3
9,14,0,8,6
9,14,0,8,6
9,14,0,8,8
9,14,0,8,10
9,14,0,8,6
9,14,0,8,7
9,14,0,8,6
9,14,1,6,14
9,14,0,8,6
9,14,0,8,7
9,14,0,8,11
9,14,0,8,10
9,14,1,4,14
9,14,0,8,8
9,14,0,8,8
9,14,0,8,10
9,14,0,8,10
9,14,0,8,6
9,14,0,8,6
9,14,0,8,6
9,14,0,8,12
9,14,0,8,5
9,14,0,8,5
9,14,0,8,9
9,14,0,8,10
9,14,0,8,2
9,14,0,8,4
9,14,0,8,8
9,14,0,8,11
9,14,0,8,10
9,14,0,8,4
9,14,0,8,10
9,14,0,8,10
9,14,0,8,3
9,14,0,8,8
9,14,0,8,9
9,14,0,8,7
9,14,0,8,6
9,14,1,7,14
9,14,0,8,7
9,14,0,8,1
9,14,1,5,14
9,14,0,8,11
9,14,0,8,7
9,14,0,8,3
9,14,0,8,8
9,14,0,8,6
9,14,0,8,12
9,14,0,8,3
9,14,0,8,4
9,14,0,8,5
9,14,0,8,7
9,14,0,8,10
9,14,1,7,14
9,14,0,8,1
9,14,0,8,6
9,14,0,8,4
9,14,0,8,6
9,14,0,8,8
9,14,0,8,7
9,14,1,4,14
9,14,0,8,3
9,14,0,8,3
9,14,0,8,5
9,14,0,8,5
9,14,0,8,5
9,14,0,8,13
9,14,0,8,12
9,14,0,8,7
9,14,0,8,9
9,14,0,8,8
9,14,0,8,8
9,14,1,5,14
9,14,0,8,7
9,14,0,8,6
9,14,0,8,7
9,15,1,6,15
9,15,0,8,11
9,15,0,8,13
9,15,1,6,15
9,15,0,8,9
9,15,0,8,5
9,15,0,8,9
9,15,1,5,15
9,15,0,8,8
9,15,0,8,10
9,15,0,8,7
9,15,0,8,1
9,15,0,8,2
9,15,0,8,10
9,15,0,8,5
9,15,1,5,15
9,15,0,8,6
9,15,0,8,8
9,15,0,8,14
9,15,0,8,10
9,15,0,8,8
9,15,0,8,12
9,15,0,8,9
9,15,0,8,7
9,15,0,8,4
9,15,0,8,6
9,15,0,8,10
9,15,0,8,4
9,15,1,7,15
9,15,0,8,1
9,15,0,8,9
9,15,0,8,4
9,15,0,8,11
9,15,0,8,6
9,15,1,7,15
9,15,0,8,5
9,15,0,8,3
9,15,0,8,5
9,15,0,8,4
9,15,1,5,15
9,15,1,5,15
9,15,0,8,11
9,15,0,8,2
9,15,0,8,2
9,15,1,6,15
9,15,0,8,9
9,15,0,8,10
9,15,1,5,15
9,15,0,8,13
9,15,0,8,7
9,15,0,8,6
9,15,0,8,7
9,15,0,8,8
9,15,0,8,10
9,15,1,3,15
9,15,0,8,8
9,15,0,8,8
9,15,0,8,8
9,15,0,8,9
9,15,0,8,10
9,15,0,8,3
9,15,0,8,6
9,15,0,8,10
9,15,0,8,7
9,15,0,8,10
9,15,0,8,6
9,15,1,4,15
9,15,0,8,3
9,15,0,8,6
9,15,0,8,11
9,15,0,8,12
9,15,0,8,9
9,15,0,8,5
9,15,1,5,15
9,15,0,8,11
9,15,0,8,11
9,15,0,8,9
9,15,1,4,15
9,15,0,8,9
9,15,0,8,8
9,15,0,8,11
9,15,0,8,8
9,15,0,8,4
9,15,0,8,4
9,15,0,8,9
9,15,0,8,7
9,15,0,8,7
9,15,0,8,14
9,15,0,8,4
9,15,1,5,15
9,15,0,8,4
9,15,0,8,11
9,15,0,8,3
9,15,0,8,14
9,15,0,8,5
9,15,0,8,6
9,15,0,8,6
9,15,0,8,2
9,15,1,7,15
9,15,0,8,5
9,16,0,8,10
9,16,0,8,11
9,16,1,5,16
9,16,0,8,4
9,16,0,8,8
9,16,0,8,8
9,16,0,8,12
9,16,0,8,5
9,16,1,6,16
9,16,0,8,6
9,16,0,8,5
9,16,0,8,2
9,16,0,8,6
9,16,0,8,10
9,16,0,8,8
9,16,0,8,10
9,16,0,8,9
9,16,0,8,10
9,16,0,8,7
9,16,0,8,4
9,16,1,5,16
9,16,0,8,5
9,16,0,8,4
9,16,1,5,16
9,16,0,8,12
9,16,0,8,8
9,16,0,8,4
9,16,1,5,16
9,16,0,8,7
9,16,0,8,6
9,16,0,8,7
9,16,0,8,5
9,16,0,8,7
9,16,0,8,11
9,16,0,8,9
9,16,0,8,10
9,16,0,8,13
9,16,0,8,1
9,16,0,8,7
9,16,0,8,14
9,16,0,8,9
9,16,0,8,5
9,16,0,8,15
9,16,1,7,16
9,16,0,8,11
9,16,0,8,6
9,16,0,8,5
9,16,1,3,16
9,16,0,8,14
9,16,0,8,2
9,16,1,5,16
9,16,0,8,8
9,16,0,8,13
9,16,0,8,6
9,16,0,8,12
9,16,0,8,5
9,16,0,8,7
9,16,0,8,2
9,16,0,8,7
9,16,0,8,6
9,16,0,8,14
9,16,0,8,7
9,16,0,8,4
9,16,1,6,16
9,16,0,8,11
9,16,0,8,8
9,16,0,8,2
9,16,0,8,2
9,16,0,8,1
9,16,0,8,10
9,16,0,8,13
9,16,0,8,4
9,16,1,7,16
9,16,0,8,9
9,16,0,8,5
9,16,0,8,4
9,16,1,6,16
9,16,0,8,12
9,16,0,8,7
9,16,0,8,6
9,16,0,8,3
9,16,0,8,4
9,16,0,8,9
9,16,0,8,10
9,16,1,2,16
9,16,0,8,1
9,16,1,7,16
9,16,0,8,9
9,16,0,8,3
9,16,0,8,5
9,16,0,8,5
9,16,0,8,1
9,16,0,8,3
9,16,0,8,14
9,16,1,4,16
9,16,0,8,13
9,16,0,8,13
9,16,0,8,4
9,16,0,8,4
9,16,0,8,3
9,17,0,8,10
9,17,1,4,17
9,17,1,5,17
9,17,0,8,3
9,17,0,8,3
9,17,0,8,3
9,17,0,8,9
9,17,0,8,6
9,17,0,8,4
9,17,1,5,17
9,17,0,8,5
9,17,0,8,9
9,17,1,5,17
9,17,0,8,8
9,17,0,8,8
9,17,0,8,3
9,17,0,8,8
9,17,0,8,7
9,17,0,8,8
9,17,0,8,5
9,17,0,8,14
9,17,0,8,6
9,17,0,8,2
9,17,0,8,7
9,17,0,8,2
9,17,0,8,2
9,17,0,8,4
9,17,0,8,7
9,17,0,8,12
9,17,0,8,6
9,17,0,8,5
9,17,0,8,11
9,17,0,8,8
9,17,0,8,8
9,17,0,8,7
9,17,0,8,1
9,17,0,8,4
9,17,0,8,5
9,17,0,8,1
9,17,0,8,11
9,17,0,8,15
9,17,0,8,7
9,17,0,8,6
9,17,0,8,11
9,17,0,8,9
9,17,0,8,8
9,17,0,8,9
9,17,0,8,5
9,17,0,8,6
9,17,0,8,6
9,17,0,8,8
9,17,0,8,5
9,17,0,8,10
9,17,0,8,13
9,17,0,8,2
9,17,0,8,7
9,17,0,8,8
9,17,0,8,6
9,17,0,8,4
9,17,0,8,10
9,17,0,8,5
9,17,0,8,9
9,17,0,8,16
9,17,0,8,12
9,17,0,8,8
9,17,0,8,10
9,17,0,8,14
9,17,0,8,10
9,17,0,8,10
9,17,0,8,6
9,17,1,7,17
9,17,0,8,11
9,17,0,8,4
9,17,0,8,10
9,17,0,8,15
9,17,0,8,6
9,17,0,8,2
9,17,0,8,8
9,17,0,8,15
9,17,0,8,10
9,17,0,8,2
9,17,0,8,9
9,17,0,8,9
9,17,0,8,7
9,17,0,8,3
9,17,0,8,7
9,17,0,8,12
9,17,0,8,3
9,17,0,8,7
9,17,0,8,4
9,17,0,8,6
9,17,0,8,7
9,17,0,8,3
9,17,0,8,11
9,17,0,8,13
9,17,0,8,9
9,17,1,4,17
9,17,0,8,10
9,17,0,8,1
9,17,0,8,12
9,18,0,8,6
9,18,0,8,2
9,18,0,8,2
9,18,0,8,12
9,18,0,8,8
9,18,0,8,8
9,18,0,8,5
9,18,0,8,11
9,18,0,8,6
9,18,0,8,16
9,18,0,8,3
9,18,0,8,7
9,18,0,8,4
9,18,0,8,13
9,18,0,8,9
9,18,0,8,16
9,18,0,8,3
9,18,0,8,7
9,18,0,8,16
9,18,0,8,9
9,18,0,8,9
9,18,0,8,7
9,18,0,8,11
9,18,0,8,6
9,18,0,8,13
9,18,0,8,1
9,18,0,8,16
9,18,0,8,14
9,18,0,8,6
9,18,0,8,6
9,18,0,8,14
9,18,0,8,4
9,18,0,8,4
9,18,0,8,12
9,18,0,8,5
9,18,0,8,5
9,18,0,8,4
9,18,0,8,0
9,18,0,8,13
9,18,0,8,4
9,18,0,8,6
9,18,0,8,8
9,18,0,8,5
9,18,0,8,2
9,18,0,8,12
9,18,0,8,4
9,18,0,8,10
9,18,0,8,12
9,18,0,8,15
9,18,0,8,10
9,18,0,8,14
9,18,0,8,11
9,18,0,8,6
9,18,0,8,0
9,18,0,8,7
9,18,0,8,7
9,18,0,8,13
9,18,0,8,7
9,18,0,8,12
9,18,0,8,8
9,18,1,5,18
9,18,0,8,6
9,18,0,8,4
9,18,0,8,9
9,18,1,3,18
9,18,0,8,5
9,18,0,8,8
9,18,0,8,7
9,18,0,8,2
9,18,0,8,9
9,18,0,8,6
9,18,0,8,10
9,18,0,8,16
9,18,0,8,9
9,18,0,8,1
9,18,0,8,11
9,18,0,8,9
9,18,0,8,6
9,18,0,8,3
9,18,0,8,11
9,18,0,8,11
9,18,0,8,6
9,18,0,8,6
9,18,0,8,11
9,18,0,8,1
9,18,0,8,4
9,18,0,8,10
9,18,0,8,10
9,18,1,4,18
9,18,0,8,12
9,18,0,8,1
9,18,0,8,13
9,18,0,8,14
9,18,0,8,9
9,18,0,8,4
9,18,0,8,8
9,18,0,8,6
9,18,0,8,13
9,18,0,8,7
9,18,0,8,7
9,19,1,6,19
9,19,0,8,4
9,19,0,8,10
9,19,0,8,15
9,19,0,8,3
9,19,0,8,3
9,19,0,8,11
9,19,1,4,19
9,19,0,8,4
9,19,0,8,1
9,19,1,4,19
9,19,0,8,11
9,19,0,8,14
9,19,0,8,1
9,19,0,8,10
9,19,0,8,5
9,19,0,8,1
9,19,0,8,4
9,19,0,8,9
9,19,0,8,15
9,19,0,8,6
9,19,0,8,14
9,19,0,8,10
9,19,0,8,13
9,19,0,8,6
9,19,0,8,8
9,19,0,8,3
9,19,0,8,9
9,19,0,8,8
9,19,0,8,8
9,19,0,8,6
9,19,0,8,15
9,19,0,8,2
9,19,0,8,5
9,19,0,8,7
9,19,0,8,6
9,19,0,8,7
9,19,0,8,5
9,19,0,8,7
9,19,1,4,19
9,19,0,8,9
9,19,0,8,5
9,19,0,8,14
9,19,0,8,10
9,19,0,8,14
9,19,0,8,6
9,19,0,8,4
9,19,0,8,13
9,19,0,8,5
9,19,0,8,18
9,19,0,8,11
9,19,0,8,13
9,19,0,8,16
9,19,0,8,5
9,19,0,8,6
9,19,0,8,9
9,19,0,8,15
9,19,0,8,2
9,19,0,8,3
9,19,0,8,8
9,19,0,8,5
9,19,0,8,8
9,19,0,8,11
9,19,0,8,6
9,19,0,8,9
9,19,0,8,11
9,19,0,8,7
9,19,0,8,11
9,19,0,8,11
9,19,0,8,5
9,19,0,8,4
9,19,0,8,4
9,19,0,8,10
9,19,0,8,3
9,19,0,8,6
9,19,0,8,3
9,19,0,8,11
9,19,0,8,13
9,19,0,8,7
9,19,0,8,10
9,19,0,8,7
9,19,0,8,7
9,19,0,8,7
9,19,0,8,3
9,19,0,8,10
9,19,0,8,9
9,19,0,8,13
9,19,0,8,18
9,19,0,8,8
9,19,0,8,7
9,19,0,8,9
9,19,0,8,6
9,19,0,8,10
9,19,0,8,3
9,19,0,8,3
9,19,0,8,4
9,19,0,8,10
9,19,0,8,6
9,19,0,8,6
9,19,0,8,16
9,20,0,8,4
9,20,0,8,16
9,20,0,8,3
9,20,0,8,10
9,20,0,8,14
9,20,0,8,7
9,20,0,8,9
9,20,0,8,7
9,20,0,8,9
9,20,0,8,7
9,20,0,8,14
9,20,0,8,7
9,20,0,8,12
9,20,0,8,6
9,20,0,8,10
9,20,0,8,7
9,20,0,8,15
9,20,0,8,4
9,20,0,8,12
9,20,0,8,3
9,20,0,8,3
9,20,0,8,10
9,20,0,8,13
9,20,0,8,17
9,20,0,8,4
9,20,0,8,7
9,20,0,8,8
9,20,0,8,12
9,20,0,8,4
9,20,0,8,4
9,20,0,8,8
9,20,0,8,4
9,20,0,8,9
9,20,0,8,10
9,20,0,8,7
9,20,0,8,12
9,20,1,5,20
9,20,0,8,19
9,20,0,8,9
9,20,0,8,3
9,20,0,8,6
9,20,0,8,16
9,20,0,8,9
9,20,0,8,1
9,20,0,8,2
9,20,0,8,8
9,20,1,5,20
9,20,0,8,11
9,20,0,8,11
9,20,0,8,10
9,20,0,8,19
9,20,0,8,4
9,20,1,6,20
9,20,0,8,7
9,20,0,8,4
9,20,0,8,9
9,20,0,8,7
9,20,0,8,5
9,20,0,8,2
9,20,0,8,8
9,20,0,8,9
9,20,0,8,0
9,20,0,8,12
9,20,0,8,4
9,20,0,8,5
9,20,0,8,7
9,20,0,8,13
9,20,0,8,15
9,20,0,8,7
9,20,1,6,20
9,20,0,8,6
9,20,1,6,20
9,20,0,8,0
9,20,0,8,11
9,20,1,5,20
9,20,0,8,18
9,20,1,4,20
9,20,0,8,5
9,20,0,8,1
9,20,0,8,3
9,20,0,8,13
9,20,0,8,8
9,20,1,5,20
9,20,0,8,7
9,20,0,8,15
9,20,0,8,5
9,20,0,8,4
9,20,0,8,15
9,20,0,8,0
9,20,0,8,11
9,20,0,8,10
9,20,0,8,11
9,20,0,8,7
9,20,0,8,4
9,20,0,8,12
9,20,0,8,16
9,20,0,8,6
9,20,0,8,16
9,20,0,8,5
9,20,0,8,7
10,1,1,0,1
10,1,1,0,1
10,1,1,0,1
10,1,1,1,1
10,1,1,1,1
10,1,1,0,1
10,1,1,0,1
10,1,1,0,1
10,1,1,0,1
10,1,1,0,1
10,1,1,0,1
10,1,1,0,1
10,1,1,0,1
10,1,1,2,1
10,1,1,0,1
10,1,1,1,1
10,1,1,0,1
10,1,1,0,1
10,1,1,0,1
10,1,1,1,1
10,1,1,0,1
10,1,1,1,1
10,1,1,1,1
10,1,1,0,1
10,1,1,0,1
10,1,1,0,1
10,1,1,0,1
10,1,1,1,1
10,1,1,0,1
10,1,1,1,1
10,1,1,1,1
10,1,1,2,1
10,1,1,1,1
10,1,1,0,1
10,1,1,0,1
10,1,1,0,1
10,1,1,2,1
10,1,1,0,1
10,1,1,1,1
10,1,1,0,1
10,1,1,0,1
10,1,1,0,1
10,1,1,1,1
10,1,1,0,1
10,1,1,2,1
10,1,1,1,1
10,1,1,1,1
10,1,1,0,1
10,1,1,1,1
10,1,1,2,1
10,1,1,1,1
10,1,1,3,1
10,1,1,0,1
10,1,1,0,1
10,1,1,0,1
10,1,1,0,1
10,1,1,0,1
10,1,1,0,1
10,1,1,0,1
10,1,1,0,1
10,1,1,1,1
10,1,1,2,1
10,1,1,0,1
10,1,1,0,1
10,1,1,4,1
10,1,1,1,1
10,1,1,0,1
10,1,1,0,1
10,1,1,1,1
10,1,1,3,1
10,1,1,0,1
10,1,1,1,1
10,1,1,1,1
10,1,1,0,1
10,1,1,1,1
10,1,1,1,1
10,1,1,0,1
10,1,1,0,1
10,1,1,1,1
10,1,1,1,1
10,1,1,0,1
10,1,1,0,1
10,1,1,0,1
10,1,1,2,1
10,1,1,2,1
10,1,1,1,1
10,1,1,1,1
10,1,1,0,1
10,1,1,0,1
10,1,1,0,1
10,1,1,0,1
10,1,1,1,1
10,1,1,0,1
10,1,1,0,1
10,1,1,1,1
10,1,1,0,1
10,1,1,0,1
10,1,1,0,1
10,1,1,0,1
10,1,1,0,1
10,2,1,0,2
10,2,1,0,2
10,2,1,0,2
10,2,1,2,2
10,2,1,1,2
10,2,1,1,2
10,2,1,2,2
10,2,1,0,2
10,2,1,0,2
10,2,1,0,2
10,2,1,5,2
10,2,1,1,2
10,2,1,2,2
10,2,1,1,2
10,2,1,0,2
10,2,1,2,2
10,2,1,6,2
10,2,1,4,2
10,2,1,0,2
10,2,1,0,2
10,2,1,0,2
10,2,1,2,2
10,2,1,0,2
10,2,1,0,2
10,2,1,5,2
10,2,1,8,2
10,2,1,0,2
10,2,1,2,2
10,2,1,2,2
10,2,1,2,2
10,2,1,0,2
10,2,1,0,2
10,2,1,0,2
10,2,1,1,2
10,2,1,0,2
10,2,1,0,2
10,2,1,1,2
10,2,1,5,2
10,2,1,4,2
10,2,1,1,2
10,2,1,2,2
10,2,1,2,2
10,2,1,3,2
10,2,1,0,2
10,2,1,0,2
10,2,1,4,2
10,2,1,0,2
10,2,1,1,2
10,2,1,0,2
10,2,1,0,2
10,2,1,2,2
10,2,1,6,2
10,2,1,0,2
10,2,1,3,2
10,2,1,5,2
10,2,1,0,2
10,2,1,0,2
10,2,1,1,2
10,2,1,1,2
10,2,1,1,2
10,2,1,0,2
10,2,1,2,2
10,2,1,7,2
10,2,1,2,2
10,2,1,0,2
10,2,1,2,2
10,2,1,0,2
10,2,1,0,2
10,2,1,2,2
10,2,1,0,2
10,2,1,1,2
10,2,1,0,2
10,2,1,3,2
10,2,1,3,2
10,2,1,4,2
10,2,1,0,2
10,2,1,0,2
10,2,1,3,2
10,2,1,0,2
10,2,1,2,2
10,2,1,0,2
10,2,1,3,2
10,2,1,1,2
10,2,1,1,2
10,2,1,4,2
10,2,1,1,2
10,2,1,1,2
10,2,1,1,2
10,2,1,0,2
10,2,1,2,2
10,2,1,1,2
10,2,1,2,2
10,2,1,2,2
10,2,1,3,2
10,2,1,0,2
10,2,1,0,2
10,2,1,1,2
10,2,1,1,2
10,2,1,5,2
10,2,1,0,2
10,3,0,9,0
10,3,1,1,3
10,3,0,9,2
10,3,1,3,3
10,3,1,1,3
10,3,1,1,3
10,3,1,1,3
10,3,1,0,3
10,3,1,2,3
10,3,1,2,3
10,3,1,8,3
10,3,1,2,3
10,3,1,0,3
10,3,1,0,3
10,3,1,1,3
10,3,1,4,3
10,3,1,2,3
10,3,1,0,3
10,3,1,0,3
10,3,1,3,3
10,3,1,2,3
10,3,1,1,3
10,3,1,1,3
10,3,1,0,3
10,3,1,0,3
10,3,1,3,3
10,3,1,3,3
10,3,1,2,3
10,3,1,2,3
10,3,1,2,3
10,3,1,0,3
10,3,1,1,3
10,3,1,6,3
10,3,1,4,3
10,3,1,0,3
10,3,1,5,3
10,3,1,4,3
10,3,1,1,3
10,3,1,1,3
10,3,1,4,3
10,3,0,9,0
10,3,1,0,3
10,3,1,5,3
10,3,1,1,3
10,3,1,0,3
10,3,1,1,3
10,3,1,2,3
10,3,1,5,3
10,3,1,7,3
10,3,1,1,3
10,3,1,0,3
10,3,1,0,3
10,3,1,1,3
10,3,1,0,3
10,3,1,3,3
10,3,1,1,3
10,3,1,1,3
10,3,1,0,3
10,3,1,1,3
10,3,1,0,3
10,3,1,2,3
10,3,1,1,3
10,3,1,0,3
10,3,1,4,3
10,3,1,0,3
10,3,1,2,3
10,3,1,0,3
10,3,1,1,3
10,3,1,6,3
10,3,1,1,3
10,3,1,5,3
10,3,1,3,3
10,3,1,0,3
10,3,1,1,3
10,3,1,0,3
10,3,1,5,3
10,3,1,0,3
10,3,1,5,3
10,3,1,1,3
10,3,1,1,3
10,3,1,1,3
10,3,1,2,3
10,3,1,2,3
10,3,0,9,1
10,3,1,5,3
10,3,1,5,3
10,3,1,1,3
10,3,1,2,3
10,3,1,2,3
10,3,1,2,3
10,3,1,1,3
10,3,1,1,3
10,3,1,1,3
10,3,1,2,3
10,3,1,2,3
10,3,1,1,3
10,3,1,1,3
10,3,1,0,3
10,3,1,0,3
10,3,1,0,3
10,4,1,1,4
10,4,1,2,4
10,4,0,9,3
10,4,1,0,4
10,4,1,4,4
10,4,0,9,2
10,4,1,5,4
10,4,1,6,4
10,4,1,7,4
10,4,1,2,4
10,4,1,2,4
10,4,1,2,4
10,4,1,6,4
10,4,1,4,4
10,4,1,3,4
10,4,1,2,4
10,4,1,7,4
10,4,1,1,4
10,4,1,0,4
10,4,1,5,4
10,4,1,2,4
10,4,1,1,4
10,4,1,0,4
10,4,1,3,4
10,4,1,7,4
10,4,1,6,4
10,4,1,4,4
10,4,1,4,4
10,4,1,3,4
10,4,1,3,4
10,4,1,0,4
10,4,0,9,0
10,4,1,7,4
10,4,1,3,4
10,4,1,3,4
10,4,1,6,4
10,4,0,9,3
10,4,1,5,4
10,4,1,2,4
10,4,1,5,4
10,4,1,0,4
10,4,1,4,4
10,4,1,3,4
10,4,1,1,4
10,4,1,6,4
10,4,1,2,4
10,4,1,2,4
10,4,1,1,4
10,4,1,2,4
10,4,1,6,4
10,4,1,1,4
10,4,1,5,4
10,4,1,2,4
10,4,1,7,4
10,4,1,1,4
10,4,1,7,4
10,4,1,2,4
10,4,1,1,4
10,4,1,2,4
10,4,1,6,4
10,4,1,2,4
10,4,1,1,4
10,4,1,4,4
10,4,1,2,4
10,4,0,9,1
10,4,1,2,4
10,4,1,2,4
10,4,1,0,4
10,4,1,0,4
10,4,0,9,3
10,4,1,4,4
10,4,1,6,4
10,4,1,5,4
10,4,1,0,4
10,4,1,3,4
10,4,1,5,4
10,4,1,4,4
10,4,1,0,4
10,4,1,6,4
10,4,1,1,4
10,4,0,9,2
10,4,0,9,2
10,4,1,1,4
10,4,1,6,4
10,4,1,4,4
10,4,1,2,4
10,4,1,3,4
10,4,1,3,4
10,4,1,3,4
10,4,1,2,4
10,4,1,6,4
10,4,1,0,4
10,4,1,1,4
10,4,1,1,4
10,4,1,2,4
10,4,1,2,4
10,4,1,8,4
10,4,1,0,4
10,4,1,2,4
10,4,1,5,4
10,5,1,4,5
10,5,1,0,5
10,5,1,4,5
10,5,1,4,5
10,5,1,5,5
10,5,1,4,5
10,5,1,7,5
10,5,1,2,5
10,5,1,1,5
10,5,1,1,5
10,5,1,6,5
10,5,1,2,5
10,5,1,4,5
10,5,1,3,5
10,5,1,1,5
10,5,1,0,5
10,5,1,2,5
10,5,0,9,2
10,5,1,2,5
10,5,1,6,5
10,5,1,0,5
10,5,1,3,5
10,5,1,7,5
10,5,1,1,5
10,5,1,0,5
10,5,1,3,5
10,5,1,4,5
10,5,1,4,5
10,5,1,2,5
10,5,1,2,5
10,5,1,1,5
10,5,1,3,5
10,5,1,5,5
10,5,1,7,5
10,5,1,3,5
10,5,1,3,5
10,5,1,4,5
10,5,1,1,5
10,5,1,6,5
10,5,1,3,5
10,5,1,1,5
10,5,1,2,5
10,5,1,4,5
10,5,1,1,5
10,5,1,2,5
10,5,1,4,5
10,5,1,2,5
10,5,1,1,5
10,5,1,2,5
10,5,1,1,5
10,5,1,2,5
10,5,1,1,5
10,5,1,0,5
10,5,1,2,5
10,5,1,3,5
10,5,1,4,5
10,5,1,4,5
10,5,1,1,5
10,5,1,2,5
10,5,1,4,5
10,5,1,0,5
10,5,1,6,5
10,5,1,2,5
10,5,1,5,5
10,5,1,1,5
10,5,1,1,5
10,5,1,2,5
10,5,1,5,5
10,5,1,2,5
10,5,1,2,5
10,5,1,3,5
10,5,1,1,5
10,5,1,2,5
10,5,1,2,5
10,5,1,2,5
10,5,1,0,5
10,5,1,4,5
10,5,1,1,5
10,5,1,5,5
10,5,1,2,5
10,5,0,9,1
10,5,1,6,5
10,5,1,2,5
10,5,1,5,5
10,5,1,0,5
10,5,1,2,5
10,5,1,6,5
10,5,0,9,1
10,5,1,2,5
10,5,1,6,5
10,5,1,5,5
10,5,1,3,5
10,5,0,9,1
10,5,1,3,5
10,5,1,5,5
10,5,1,6,5
10,5,1,4,5
10,5,1,0,5
10,5,1,3,5
10,5,1,3,5
10,6,1,4,6
10,6,1,3,6
10,6,1,6,6
10,6,1,2,6
10,6,0,9,2
10,6,1,5,6
10,6,1,5,6
10,6,0,9,0
10,6,1,5,6
10,6,1,3,6
10,6,1,3,6
10,6,1,3,6
10,6,0,9,2
10,6,1,1,6
10,6,1,3,6
10,6,1,2,6
10,6,1,4,6
10,6,1,4,6
10,6,1,0,6
10,6,1,2,6
10,6,1,7,6
10,6,0,9,1
10,6,1,4,6
10,6,0,9,4
10,6,1,3,6
10,6,1,3,6
10,6,1,5,6
10,6,0,9,4
10,6,0,9,4
10,6,1,4,6
10,6,0,9,5
10,6,1,1,6
10,6,1,2,6
10,6,0,9,3
10,6,1,4,6
10,6,1,3,6
10,6,1,3,6
10,6,1,3,6
10,6,1,2,6
10,6,0,9,4
10,6,1,0,6
10,6,1,1,6
10,6,1,0,6
10,6,1,4,6
10,6,1,6,6
10,6,1,4,6
10,6,1,2,6
10,6,1,3,6
10,6,1,7,6
10,6,1,4,6
10,6,1,3,6
10,6,1,5,6
10,6,1,2,6
10,6,1,7,6
10,6,1,7,6
10,6,1,3,6
10,6,1,7,6
10,6,0,9,5
10,6,1,1,6
10,6,0,9,4
10,6,1,4,6
10,6,1,5,6
10,6,1,1,6
10,6,0,9,4
10,6,1,7,6
10,6,1,4,6
10,6,1,3,6
10,6,0,9,2
10,6,1,3,6
10,6,1,2,6
10,6,1,2,6
10,6,1,2,6
10,6,1,6,6
10,6,1,6,6
10,6,0,9,4
10,6,1,5,6
10,6,1,6,6
10,6,1,4,6
10,6,1,1,6
10,6,1,3,6
10,6,1,5,6
10,6,1,2,6
10,6,1,6,6
10,6,1,4,6
10,6,0,9,3
10,6,0,9,4
10,6,1,3,6
10,6,1,2,6
10,6,1,3,6
10,6,1,5,6
10,6,1,3,6
10,6,0,9,5
10,6,1,3,6
10,6,1,8,6
10,6,1,4,6
10,6,1,1,6
10,6,1,7,6
10,6,1,1,6
10,6,0,9,5
10,6,1,1,6
10,7,0,9,5
10,7,1,3,7
10,7,1,6,7
10,7,1,3,7
10,7,0,9,5
10,7,1,1,7
10,7,1,2,7
10,7,1,8,7
10,7,1,1,7
10,7,0,9,5
10,7,1,4,7
10,7,1,7,7
10,7,1,3,7
10,7,0,9,3
10,7,1,2,7
10,7,1,8,7
10,7,1,0,7
10,7,1,0,7
10,7,1,5,7
10,7,1,4,7
10,7,1,3,7
10,7,1,2,7
10,7,1,3,7
10,7,0,9,5
10,7,0,9,4
10,7,1,1,7
10,7,1,3,7
10,7,1,8,7
10,7,1,3,7
10,7,1,5,7
10,7,1,3,7
10,7,1,1,7
10,7,1,3,7
10,7,1,4,7
10,7,1,3,7
10,7,1,7,7
10,7,0,9,3
10,7,1,2,7
10,7,0,9,6
10,7,1,3,7
10,7,1,3,7
10,7,1,3,7
10,7,1,4,7
10,7,1,3,7
10,7,1,8,7
10,7,1,6,7
10,7,1,4,7
10,7,0,9,4
10,7,1,3,7
10,7,1,6,7
10,7,1,7,7
10,7,1,3,7
10,7,0,9,3
10,7,1,5,7
10,7,0,9,5
10,7,1,5,7
10,7,0,9,3
10,7,1,6,7
10,7,1,6,7
10,7,0,9,1
10,7,1,4,7
10,7,1,7,7
10,7,1,4,7
10,7,1,6,7
10,7,1,4,7
10,7,0,9,5
10,7,1,5,7
10,7,1,3,7
10,7,1,5,7
10,7,1,5,7
10,7,1,4,7
10,7,1,4,7
10,7,1,2,7
10,7,1,3,7
10,7,1,6,7
10,7,1,5,7
10,7,1,4,7
10,7,1,4,7
10,7,1,1,7
10,7,1,5,7
10,7,1,4,7
10,7,0,9,5
10,7,0,9,0
10,7,0,9,1
10,7,1,4,7
10,7,1,3,7
10,7,0,9,6
10,7,1,4,7
10,7,1,2,7
10,7,1,4,7
10,7,1,3,7
10,7,0,9,5
10,7,1,3,7
10,7,1,2,7
10,7,0,9,3
10,7,1,3,7
10,7,1,1,7
10,7,1,6,7
10,7,1,5,7
10,7,0,9,3
10,8,1,6,8
10,8,1,8,8
10,8,1,3,8
10,8,1,6,8
10,8,1,5,8
10,8,1,2,8
10,8,1,6,8
10,8,1,6,8
10,8,0,9,5
10,8,1,6,8
10,8,1,7,8
10,8,1,8,8
10,8,1,3,8
10,8,1,2,8
10,8,0,9,6
10,8,0,9,6
10,8,0,9,2
10,8,1,4,8
10,8,0,9,7
10,8,0,9,5
10,8,1,1,8
10,8,0,9,3
10,8,0,9,6
10,8,1,1,8
10,8,1,7,8
10,8,0,9,7
10,8,1,5,8
10,8,1,5,8
10,8,0,9,1
10,8,0,9,3
10,8,0,9,5
10,8,0,9,4
10,8,1,4,8
10,8,1,4,8
10,8,0,9,7
10,8,0,9,5
10,8,1,5,8
10,8,1,3,8
10,8,1,6,8
10,8,1,0,8
10,8,1,6,8
10,8,1,5,8
10,8,1,4,8
10,8,1,1,8
10,8,0,9,6
10,8,1,5,8
10,8,0,9,2
10,8,1,4,8
10,8,0,9,2
10,8,1,5,8
10,8,1,5,8
10,8,0,9,2
10,8,0,9,4
10,8,1,2,8
10,8,0,9,4
10,8,0,9,4
10,8,0,9,5
10,8,0,9,6
10,8,0,9,4
10,8,0,9,3
10,8,0,9,2
10,8,1,7,8
10,8,1,2,8
10,8,1,5,8
10,8,1,8,8
10,8,1,3,8
10,8,1,7,8
10,8,1,4,8
10,8,0,9,5
10,8,1,8,8
10,8,0,9,3
10,8,1,3,8
10,8,0,9,5
10,8,1,4,8
10,8,0,9,6
10,8,1,4,8
10,8,1,3,8
10,8,0,9,2
10,8,1,5,8
10,8,1,8,8
10,8,1,8,8
10,8,0,9,6
10,8,1,3,8
10,8,0,9,5
10,8,1,3,8
10,8,0,9,5
10,8,0,9,7
10,8,1,7,8
10,8,1,4,8
10,8,0,9,2
10,8,1,4,8
10,8,0,9,4
10,8,0,9,7
10,8,1,2,8
10,8,1,3,8
10,8,0,9,5
10,8,1,4,8
10,8,1,5,8
10,8,1,1,8
10,8,1,6,8
10,9,1,4,9
10,9,1,4,9
10,9,1,4,9
10,9,0,9,5
10,9,1,8,9
10,9,0,9,5
10,9,0,9,3
10,9,0,9,7
10,9,1,2,9
10,9,0,9,8
10,9,0,9,4
10,9,0,9,7
10,9,1,7,9
10,9,1,5,9
10,9,1,1,9
10,9,1,6,9
10,9,0,9,3
10,9,1,3,9
10,9,1,8,9
10,9,1,2,9
10,9,0,9,3
10,9,1,6,9
10,9,0,9,3
10,9,1,2,9
10,9,1,6,9
10,9,0,9,7
10,9,0,9,3
10,9,0,9,3
10,9,0,9,5
10,9,1,1,9
10,9,0,9,5
10,9,0,9,7
10,9,1,1,9
10,9,1,7,9
10,9,1,8,9
10,9,0,9,7
10,9,1,2,9
10,9,0,9,4
10,9,0,9,3
10,9,0,9,4
10,9,0,9,2
10,9,1,7,9
10,9,1,0,9
10,9,0,9,6
10,9,0,9,5
10,9,1,2,9
10,9,1,4,9
10,9,0,9,6
10,9,1,2,9
10,9,1,5,9
10,9,1,2,9
10,9,0,9,4
10,9,0,9,5
10,9,0,9,1
10,9,1,4,9
10,9,1,8,9
10,9,1,7,9
10,9,1,0,9
10,9,1,6,9
10,9,0,9,8
10,9,1,1,9
10,9,1,5,9
10,9,1,3,9
10,9,1,6,9
10,9,1,5,9
10,9,0,9,6
10,9,1,2,9
10,9,1,0,9
10,9,1,5,9
10,9,0,9,7
10,9,0,9,4
10,9,1,5,9
10,9,1,7,9
10,9,1,3,9
10,9,1,7,9
10,9,1,8,9
10,9,1,8,9
10,9,0,9,6
10,9,1,0,9
10,9,1,1,9
10,9,1,7,9
10,9,1,6,9
10,9,1,6,9
10,9,1,8,9
10,9,1,2,9
10,9,0,9,5
10,9,0,9,3
10,9,1,5,9
10,9,1,3,9
10,9,0,9,7
10,9,1,3,9
10,9,0,9,7
10,9,0,9,3
10,9,0,9,6
10,9,1,7,9
10,9,1,4,9
10,9,1,1,9
10,9,0,9,6
10,9,0,9,7
10,9,1,4,9
10,10,0,9,8
10,10,1,3,10
10,10,0,9,8
10,10,0,9,7
10,10,0,9,7
10,10,1,5,10
10,10,1,6,10
10,10,0,9,9
10,10,0,9,4
10,10,1,8,10
10,10,1,3,10
10,10,0,9,6
10,10,0,9,8
10,10,0,9,4
10,10,0,9,9
10,10,0,9,7
10,10,0,9,7
10,10,1,4,10
10,10,1,2,10
10,10,1,4,10
10,10,0,9,7
10,10,0,9,4
10,10,0,9,6
10,10,0,9,4
10,10,0,9,4
10,10,0,9,5
10,10,0,9,0
10,10,0,9,5
10,10,1,6,10
10,10,1,8,10
10,10,1,5,10
10,10,0,9,3
10,10,1,6,10
10,10,0,9,2
10,10,0,9,3
10,10,0,9,7
10,10,0,9,5
10,10,1,3,10
10,10,1,6,10
10,10,0,9,6
10,10,1,4,10
10,10,0,9,5
10,10,0,9,6
10,10,0,9,2
10,10,1,4,10
10,10,0,9,7
10,10,0,9,6
10,10,0,9,8
10,10,1,4,10
10,10,0,9,6
10,10,1,1,10
10,10,0,9,4
10,10,1,6,10
10,10,0,9,9
10,10,1,8,10
10,10,1,5,10
10,10,0,9,8
10,10,1,8,10
10,10,1,4,10
10,10,0,9,4
10,10,1,6,10
10,10,1,3,10
10,10,0,9,9
10,10,0,9,6
10,10,0,9,7
10,10,1,5,10
10,10,0,9,4
10,10,0,9,7
10,10,1,8,10
10,10,1,3,10
10,10,0,9,9
10,10,1,5,10
10,10,1,4,10
10,10,0,9,6
10,10,1,4,10
10,10,1,0,10
10,10,1,3,10
10,10,1,3,10
10,10,1,5,10
10,10,0,9,5
10,10,1,7,10
10,10,1,4,10
10,10,1,5,10
10,10,1,4,10
10,10,0,9,5
10,10,1,7,10
10,10,0,9,3
10,10,0,9,8
10,10,1,8,10
10,10,1,6,10
10,10,0,9,7
10,10,1,3,10
10,10,0,9,7
10,10,0,9,4
10,10,1,5,10
10,10,0,9,6
10,10,0,9,2
10,10,0,9,1
10,10,1,6,10
10,10,0,9,7
10,11,1,5,11
10,11,0,9,6
10,11,0,9,8
10,11,0,9,6
10,11,1,6,11
10,11,0,9,10
10,11,0,9,7
10,11,1,3,11
10,11,0,9,8
10,11,0,9,3
10,11,0,9,7
10,11,0,9,8
10,11,1,6,11
10,11,0,9,7
10,11,1,4,11
10,11,0,9,8
10,11,1,5,11
10,11,0,9,0
10,11,0,9,3
10,11,1,5,11
10,11,1,2,11
10,11,1,8,11
10,11,0,9,6
10,11,1,5,11
10,11,0,9,5
10,11,1,4,11
10,11,1,6,11
10,11,1,5,11
10,11,1,8,11
10,11,0,9,7
10,11,1,2,11
10,11,0,9,8
10,11,1,2,11
10,11,0,9,10
10,11,0,9,3
10,11,0,9,6
10,11,0,9,5
10,11,0,9,7
10,11,0,9,7
10,11,1,7,11
10,11,1,4,11
10,11,0,9,7
10,11,0,9,6
10,11,1,6,11
10,11,0,9,1
10,11,0,9,8
10,11,0,9,5
10,11,1,5,11
10,11,0,9,4
10,11,0,9,7
10,11,0,9,7
10,11,0,9,6
10,11,0,9,8
10,11,0,9,5
10,11,1,3,11
10,11,0,9,5
10,11,0,9,7
10,11,0,9,2
10,11,1,8,11
10,11,1,5,11
10,11,0,9,7
10,11,1,6,11
10,11,0,9,7
10,11,1,6,11
10,11,1,6,11
10,11,0,9,1
10,11,0,9,8
10,11,0,9,2
10,11,0,9,6
10,11,1,6,11
10,11,1,8,11
10,11,0,9,5
10,11,0,9,10
10,11,0,9,1
10,11,0,9,7
10,11,1,8,11
10,11,0,9,6
10,11,0,9,10
10,11,0,9,10
10,11,0,9,8
10,11,0,9,9
10,11,0,9,7
10,11,0,9,6
10,11,1,5,11
10,11,1,3,11
10,11,1,4,11
10,11,0,9,4
10,11,1,7,11
10,11,1,7,11
10,11,0,9,7
10,11,0,9,5
10,11,0,9,5
10,11,0,9,3
10,11,0,9,10
10,11,0,9,7
10,11,0,9,4
10,11,1,7,11
10,11,0,9,6
10,11,0,9,8
10,11,1,6,11
10,12,0,9,7
10,12,1,7,12
10,12,0,9,10
10,12,1,3,12
10,12,1,4,12
10,12,0,9,5
10,12,0,9,8
10,12,0,9,6
10,12,1,6,12
10,12,0,9,3
10,12,1,4,12
10,12,0,9,9
10,12,0,9,5
10,12,0,9,8
10,12,1,5,12
10,12,0,9,5
10,12,0,9,7
10,12,0,9,5
10,12,0,9,10
10,12,1,6,12
10,12,0,9,3
10,12,0,9,4
10,12,0,9,10
10,12,0,9,2
10,12,1,1,12
10,12,0,9,4
10,12,0,9,5
10,12,1,5,12
10,12,0,9,6
10,12,1,2,12
10,12,1,8,12
10,12,0,9,5
10,12,0,9,11
10,12,1,6,12
10,12,0,9,11
10,12,0,9,9
10,12,0,9,8
10,12,1,4,12
10,12,0,9,6
10,12,0,9,5
10,12,0,9,2
10,12,1,5,12
10,12,1,8,12
10,12,1,6,12
10,12,0,9,10
10,12,0,9,7
10,12,0,9,5
10,12,0,9,4
10,12,1,4,12
10,12,0,9,7
10,12,0,9,9
10,12,0,9,11
10,12,0,9,6
10,12,1,6,12
10,12,0,9,7
10,12,0,9,3
10,12,0,9,10
10,12,1,7,12
10,12,1,3,12
10,12,1,5,12
10,12,0,9,10
10,12,0,9,3
10,12,1,5,12
10,12,1,4,12
10,12,0,9,6
10,12,1,3,12
10,12,1,7,12
10,12,1,2,12
10,12,0,9,7
10,12,1,4,12
10,12,1,2,12
10,12,0,9,10
10,12,0,9,7
10,12,0,9,7
10,12,0,9,8
10,12,0,9,4
10,12,0,9,7
10,12,0,9,7
10,12,0,9,3
10,12,0,9,8
10,12,1,6,12
10,12,1,8,12
10,12,1,5,12
10,12,1,6,12
10,12,0,9,10
10,12,1,5,12
10,12,0,9,3
10,12,0,9,4
10,12,1,7,12
10,12,0,9,10
10,12,1,7,12
10,12,0,9,2
10,12,0,9,6
10,12,1,3,12
10,12,0,9,8
10,12,1,6,12
10,12,0,9,7
10,12,0,9,3
10,12,0,9,5
10,12,0,9,3
10,13,1,4,13
10,13,1,5,13
10,13,1,2,13
10,13,1,3,13
10,13,0,9,6
10,13,0,9,11
10,13,0,9,11
10,13,0,9,10
10,13,0,9,9
10,13,0,9,4
10,13,0,9,7
10,13,0,9,9
10,13,0,9,6
10,13,0,9,6
10,13,1,4,13
10,13,0,9,6
10,13,0,9,4
10,13,0,9,9
10,13,1,7,13
10,13,0,9,5
10,13,0,9,5
10,13,0,9,9
10,13,1,4,13
10,13,0,9,9
10,13,0,9,10
10,13,0,9,5
10,13,0,9,6
10,13,0,9,5
10,13,1,4,13
10,13,0,9,4
10,13,0,9,10
10,13,0,9,9
10,13,0,9,6
10,13,0,9,7
10,13,0,9,11
10,13,0,9,9
10,13,0,9,4
10,13,0,9,7
10,13,0,9,3
10,13,0,9,12
10,13,0,9,7
10,13,0,9,12
10,13,0,9,8
10,13,0,9,3
10,13,0,9,8
10,13,0,9,7
10,13,0,9,8
10,13,0,9,6
10,13,0,9,10
10,13,0,9,0
10,13,1,3,13
10,13,0,9,2
10,13,1,6,13
10,13,0,9,5
10,13,1,7,13
10,13,1,6,13
10,13,0,9,5
10,13,0,9,7
10,13,1,3,13
10,13,1,7,13
10,13,0,9,10
10,13,1,5,13
10,13,0,9,5
10,13,1,6,13
10,13,0,9,2
10,13,0,9,7
10,13,0,9,6
10,13,0,9,10
10,13,1,6,13
10,13,0,9,8
10,13,1,6,13
10,13,0,9,5
10,13,1,6,13
10,13,1,6,13
10,13,0,9,8
10,13,0,9,8
10,13,0,9,3
10,13,0,9,8
10,13,0,9,3
10,13,0,9,3
10,13,0,9,3
10,13,0,9,9
10,13,1,6,13
10,13,0,9,7
10,13,0,9,8
10,13,1,3,13
10,13,0,9,4
10,13,1,5,13
10,13,1,5,13
10,13,0,9,12
10,13,0,9,12
10,13,1,6,13
10,13,0,9,5
10,13,0,9,11
10,13,1,5,13
10,13,1,4,13
10,13,0,9,8
10,13,0,9,4
10,13,0,9,3
10,13,0,9,7
10,14,1,4,14
10,14,0,9,10
10,14,0,9,5
10,14,0,9,5
10,14,1,7,14
10,14,0,9,1
10,14,0,9,5
10,14,0,9,3
10,14,1,3,14
10,14,0,9,1
10,14,0,9,12
10,14,1,6,14
10,14,0,9,8
10,14,0,9,4
10,14,0,9,3
10,14,0,9,8
10,14,1,5,14
10,14,0,9,8
10,14,0,9,8
10,14,1,6,14
10,14,0,9,11
10,14,0,9,10
10,14,0,9,6
10,14,0,9,13
10,14,1,5,14
10,14,0,9,0
10,14,1,5,14
10,14,0,9,2
10,14,0,9,10
10,14,0,9,6
10,14,0,9,7
10,14,1,5,14
10,14,0,9,8
10,14,0,9,6
10,14,0,9,9
10,14,0,9,9
10,14,0,9,2
10,14,0,9,12
10,14,0,9,7
10,14,1,6,14
10,14,1,7,14
10,14,0,9,7
10,14,0,9,7
10,14,0,9,12
10,14,0,9,5
10,14,0,9,11
10,14,0,9,9
10,14,0,9,11
10,14,0,9,5
10,14,0,9,12
10,14,1,5,14
10,14,0,9,1
10,14,0,9,10
10,14,0,9,3
10,14,0,9,8
10,14,0,9,11
10,14,0,9,12
10,14,0,9,7
10,14,0,9,9
10,14,0,9,10
10,14,1,6,14
10,14,0,9,6
10,14,0,9,12
10,14,1,5,14
10,14,1,4,14
10,14,0,9,13
10,14,0,9,12
10,14,0,9,10
10,14,0,9,7
10,14,0,9,5
10,14,0,9,5
10,14,1,7,14
10,14,0,9,7
10,14,0,9,12
10,14,0,9,3
10,14,0,9,1
10,14,0,9,7
10,14,0,9,7
10,14,0,9,7
10,14,0,9,11
10,14,0,9,2
10,14,0,9,0
10,14,0,9,6
10,14,0,9,6
10,14,0,9,10
10,14,0,9,3
10,14,0,9,6
10,14,0,9,13
10,14,0,9,13
10,14,0,9,9
10,14,0,9,7
10,14,0,9,11
10,14,0,9,11
10,14,0,9,13
10,14,0,9,7
10,14,1,6,14
10,14,0,9,6
10,14,1,8,14
10,14,0,9,5
10,14,0,9,11
10,15,0,9,5
10,15,0,9,11
10,15,1,6,15
10,15,0,9,5
10,15,0,9,7
10,15,0,9,4
10,15,0,9,8
10,15,0,9,8
10,15,0,9,12
10,15,0,9,9
10,15,1,6,15
10,15,1,2,15
10,15,0,9,8
10,15,0,9,13
10,15,1,5,15
10,15,0,9,1
10,15,1,6,15
10,15,1,4,15
10,15,0,9,10
10,15,0,9,1
10,15,1,8,15
10,15,1,5,15
10,15,0,9,13
10,15,0,9,13
10,15,0,9,11
10,15,0,9,9
10,15,0,9,9
10,15,0,9,9
10,15,0,9,11
10,15,0,9,9
10,15,0,9,2
10,15,0,9,10
10,15,1,6,15
10,15,0,9,4
10,15,0,9,11
10,15,0,9,5
10,15,0,9,7
10,15,0,9,13
10,15,0,9,4
10,15,1,2,15
10,15,0,9,1
10,15,0,9,1
10,15,0,9,4
10,15,0,9,7
10,15,0,9,11
10,15,0,9,10
10,15,1,6,15
10,15,0,9,10
10,15,1,7,15
10,15,1,2,15
10,15,0,9,10
10,15,0,9,11
10,15,0,9,7
10,15,0,9,9
10,15,0,9,14
10,15,0,9,11
10,15,1,5,15
10,15,0,9,9
10,15,0,9,7
10,15,0,9,11
10,15,0,9,4
10,15,0,9,4
10,15,0,9,8
10,15,0,9,6
10,15,0,9,1
10,15,0,9,3
10,15,0,9,8
10,15,0,9,8
10,15,0,9,13
10,15,0,9,5
10,15,0,9,11
10,15,1,6,15
10,15,0,9,2
10,15,0,9,12
10,15,0,9,4
10,15,0,9,5
10,15,0,9,12
10,15,1,4,15
10,15,0,9,12
10,15,0,9,10
10,15,0,9,10
10,15,0,9,8
10,15,0,9,11
10,15,0,9,7
10,15,0,9,12
10,15,1,7,15
10,15,0,9,6
10,15,0,9,12
10,15,1,8,15
10,15,0,9,13
10,15,0,9,5
10,15,0,9,1
10,15,0,9,13
10,15,0,9,10
10,15,0,9,7
10,15,0,9,3
10,15,0,9,7
10,15,1,8,15
10,15,0,9,8
10,15,0,9,5
10,16,0,9,11
10,16,0,9,7
10,16,1,5,16
10,16,0,9,8
10,16,0,9,12
10,16,0,9,9
10,16,0,9,13
10,16,0,9,11
10,16,0,9,7
10,16,0,9,7
10,16,0,9,3
10,16,0,9,13
10,16,0,9,3
10,16,0,9,9
10,16,1,7,16
10,16,0,9,12
10,16,0,9,9
10,16,0,9,5
10,16,0,9,15
10,16,0,9,12
10,16,0,9,3
10,16,1,7,16
10,16,0,9,5
10,16,0,9,7
10,16,0,9,10
10,16,0,9,2
10,16,0,9,11
10,16,0,9,12
10,16,0,9,0
10,16,0,9,13
10,16,0,9,3
10,16,0,9,11
10,16,1,7,16
10,16,0,9,3
10,16,0,9,4
10,16,0,9,1
10,16,0,9,5
10,16,0,9,6
10,16,0,9,12
10,16,0,9,2
10,16,0,9,11
10,16,0,9,3
10,16,0,9,3
10,16,0,9,2
10,16,1,6,16
10,16,0,9,7
10,16,0,9,0
10,16,1,5,16
10,16,0,9,7
10,16,0,9,11
10,16,0,9,6
10,16,0,9,2
10,16,0,9,14
10,16,1,3,16
10,16,0,9,13
10,16,1,5,16
10,16,0,9,3
10,16,1,3,16
10,16,0,9,3
10,16,0,9,6
10,16,0,9,6
10,16,0,9,6
10,16,0,9,13
10,16,0,9,13
10,16,0,9,13
10,16,0,9,15
10,16,0,9,6
10,16,0,9,15
10,16,0,9,10
10,16,0,9,7
10,16,0,9,8
10,16,0,9,13
10,16,0,9,5
10,16,0,9,6
10,16,0,9,8
10,16,0,9,14
10,16,0,9,8
10,16,1,7,16
10,16,0,9,6
10,16,0,9,4
10,16,0,9,8
10,16,0,9,3
10,16,0,9,8
10,16,1,5,16
10,16,1,5,16
10,16,0,9,6
10,16,0,9,10
10,16,1,5,16
10,16,0,9,8
10,16,0,9,13
10,16,0,9,2
10,16,0,9,11
10,16,0,9,3
10,16,0,9,7
10,16,0,9,9
10,16,0,9,14
10,16,0,9,12
10,16,0,9,6
10,16,1,6,16
10,16,0,9,7
10,17,0,9,3
10,17,0,9,4
10,17,0,9,13
10,17,0,9,14
10,17,0,9,9
10,17,0,9,0
10,17,1,4,17
10,17,0,9,7
10,17,0,9,11
10,17,0,9,8
10,17,0,9,3
10,17,0,9,14
10,17,0,9,3
10,17,0,9,5
10,17,0,9,15
10,17,0,9,15
10,17,0,9,9
10,17,0,9,11
10,17,0,9,7
10,17,0,9,15
10,17,1,8,17
10,17,0,9,12
10,17,0,9,0
10,17,0,9,3
10,17,0,9,5
10,17,1,4,17
10,17,1,4,17
10,17,1,3,17
10,17,0,9,12
10,17,0,9,5
10,17,0,9,12
10,17,0,9,10
10,17,0,9,10
10,17,1,6,17
10,17,0,9,1
10,17,1,5,17
10,17,0,9,9
10,17,0,9,4
10,17,0,9,14
10,17,0,9,3
10,17,0,9,10
10,17,1,8,17
10,17,1,7,17
10,17,0,9,11
10,17,0,9,12
10,17,0,9,13
10,17,0,9,11
10,17,0,9,7
10,17,0,9,13
10,17,0,9,8
10,17,0,9,7
10,17,0,9,15
10,17,0,9,7
10,17,0,9,9
10,17,0,9,11
10,17,0,9,8
10,17,0,9,5
10,17,0,9,13
10,17,0,9,13
10,17,0,9,4
10,17,0,9,6
10,17,1,6,17
10,17,0,9,7
10,17,0,9,4
10,17,0,9,8
10,17,0,9,5
10,17,0,9,3
10,17,0,9,2
10,17,0,9,14
10,17,0,9,11
10,17,0,9,6
10,17,0,9,13
10,17,0,9,12
10,17,0,9,12
10,17,0,9,14
10,17,0,9,8
10,17,0,9,4
10,17,0,9,6
10,17,0,9,12
10,17,0,9,4
10,17,0,9,13
10,17,0,9,4
10,17,0,9,8
10,17,0,9,5
10,17,0,9,8
10,17,1,8,17
10,17,1,8,17
10,17,0,9,13
10,17,1,7,17
10,17,0,9,13
10,17,0,9,7
10,17,0,9,11
10,17,0,9,14
10,17,0,9,15
10,17,0,9,4
10,17,1,6,17
10,17,0,9,9
10,17,0,9,12
10,17,0,9,3
10,17,0,9,7
10,18,0,9,12
10,18,0,9,12
10,18,1,3,18
10,18,0,9,8
10,18,0,9,6
10,18,0,9,15
10,18,0,9,6
10,18,0,9,16
10,18,0,9,8
10,18,0,9,16
10,18,0,9,3
10,18,0,9,6
10,18,0,9,3
10,18,0,9,14
10,18,0,9,6
10,18,0,9,11
10,18,0,9,3
10,18,0,9,8
10,18,1,7,18
10,18,0,9,4
10,18,0,9,8
10,18,0,9,7
10,18,0,9,7
10,18,0,9,2
10,18,0,9,9
10,18,0,9,14
10,18,0,9,12
10,18,1,7,18
10,18,0,9,14
10,18,0,9,5
10,18,0,9,5
10,18,0,9,9
10,18,0,9,7
10,18,0,9,12
10,18,0,9,6
10,18,0,9,7
10,18,0,9,9
10,18,0,9,7
10,18,0,9,4
10,18,0,9,8
10,18,0,9,7
10,18,0,9,5
10,18,0,9,11
10,18,0,9,7
10,18,0,9,13
10,18,0,9,5
10,18,0,9,4
10,18,0,9,13
10,18,0,9,10
10,18,0,9,13
10,18,0,9,8
10,18,0,9,14
10,18,0,9,6
10,18,0,9,7
10,18,0,9,4
10,18,0,9,13
10,18,0,9,13
10,18,0,9,4
10,18,0,9,13
10,18,0,9,12
10,18,0,9,8
10,18,0,9,14
10,18,0,9,8
10,18,0,9,10
10,18,0,9,6
10,18,0,9,8
10,18,0,9,9
10,18,0,9,12
10,18,0,9,7
10,18,0,9,16
10,18,0,9,1
10,18,0,9,11
10,18,0,9,6
10,18,0,9,1
10,18,0,9,12
10,18,0,9,6
10,18,0,9,3
10,18,0,9,6
10,18,0,9,2
10,18,0,9,11
10,18,0,9,7
10,18,0,9,9
10,18,0,9,12
10,18,1,5,18
10,18,0,9,5
10,18,0,9,14
10,18,0,9,7
10,18,0,9,4
10,18,0,9,4
10,18,0,9,13
10,18,0,9,3
10,18,0,9,10
10,18,0,9,10
10,18,1,5,18
10,18,1,6,18
10,18,0,9,4
10,18,0,9,14
10,18,0,9,9
10,18,0,9,11
10,18,0,9,13
10,19,1,5,19
10,19,0,9,18
10,19,0,9,4
10,19,0,9,2
10,19,0,9,11
10,19,0,9,3
10,19,0,9,6
10,19,0,9,8
10,19,0,9,13
10,19,0,9,4
10,19,0,9,10
10,19,0,9,11
10,19,0,9,4
10,19,0,9,10
10,19,0,9,3
10,19,0,9,8
10,19,0,9,5
10,19,0,9,11
10,19,0,9,3
10,19,0,9,4
10,19,0,9,14
10,19,0,9,12
10,19,0,9,3
10,19,0,9,3
10,19,0,9,7
10,19,0,9,6
10,19,0,9,11
10,19,0,9,6
10,19,0,9,5
10,19,0,9,7
10,19,0,9,6
10,19,0,9,10
10,19,0,9,4
10,19,0,9,1
10,19,0,9,6
10,19,0,9,7
10,19,0,9,4
10,19,0,9,11
10,19,0,9,11
10,19,0,9,6
10,19,0,9,5
10,19,1,5,19
10,19,0,9,11
10,19,0,9,10
10,19,0,9,4
10,19,0,9,5
10,19,0,9,9
10,19,0,9,11
10,19,0,9,12
10,19,0,9,6
10,19,1,5,19
10,19,0,9,8
10,19,0,9,2
10,19,0,9,14
10,19,0,9,6
10,19,0,9,8
10,19,0,9,4
10,19,0,9,3
10,19,0,9,6
10,19,0,9,16
10,19,0,9,9
10,19,0,9,13
10,19,0,9,6
10,19,0,9,8
10,19,0,9,3
10,19,0,9,8
10,19,0,9,17
10,19,0,9,17
10,19,0,9,9
10,19,0,9,9
10,19,0,9,17
10,19,0,9,10
10,19,0,9,9
10,19,0,9,10
10,19,0,9,8
10,19,0,9,3
10,19,0,9,9
10,19,0,9,10
10,19,0,9,7
10,19,0,9,5
10,19,0,9,9
10,19,0,9,10
10,19,0,9,5
10,19,0,9,10
10,19,0,9,7
10,19,0,9,8
10,19,0,9,11
10,19,0,9,17
10,19,0,9,4
10,19,0,9,4
10,19,0,9,8
10,19,0,9,12
10,19,0,9,12
10,19,0,9,14
10,19,0,9,4
10,19,0,9,9
10,19,0,9,12
10,19,0,9,11
10,19,0,9,9
10,19,0,9,7
10,20,0,9,13
10,20,0,9,11
10,20,0,9,1
10,20,0,9,9
10,20,0,9,8
10,20,1,6,20
10,20,0,9,10
10,20,0,9,13
10,20,0,9,4
10,20,0,9,8
10,20,0,9,18
10,20,1,8,20
10,20,0,9,10
10,20,0,9,4
10,20,0,9,10
10,20,0,9,7
10,20,0,9,13
10,20,0,9,11
10,20,0,9,8
10,20,0,9,5
10,20,0,9,8
10,20,0,9,18
10,20,0,9,4
10,20,0,9,14
10,20,0,9,12
10,20,0,9,7
10,20,0,9,6
10,20,0,9,5
10,20,0,9,10
10,20,0,9,3
10,20,0,9,8
10,20,0,9,3
10,20,0,9,9
10,20,0,9,17
10,20,0,9,4
10,20,0,9,15
10,20,0,9,11
10,20,0,9,13
10,20,0,9,12
10,20,0,9,18
10,20,0,9,4
10,20,1,8,20
10,20,0,9,11
10,20,0,9,8
10,20,0,9,2
10,20,0,9,17
10,20,0,9,7
10,20,0,9,9
10,20,0,9,10
10,20,0,9,5
10,20,0,9,16
10,20,0,9,4
10,20,0,9,19
10,20,0,9,10
10,20,0,9,12
10,20,0,9,8
10,20,0,9,6
10,20,0,9,8
10,20,0,9,16
10,20,0,9,9
10,20,0,9,10
10,20,0,9,6
10,20,0,9,6
10,20,0,9,12
10,20,0,9,12
10,20,0,9,4
10,20,0,9,3
10,20,0,9,2
10,20,0,9,5
10,20,0,9,8
10,20,0,9,2
10,20,0,9,6
10,20,0,9,2
10,20,0,9,15
10,20,0,9,4
10,20,0,9,17
10,20,0,9,17
10,20,0,9,8
10,20,0,9,13
10,20,0,9,10
10,20,0,9,5
10,20,0,9,15
10,20,0,9,3
10,20,0,9,12
10,20,0,9,6
10,20,0,9,0
10,20,0,9,19
10,20,0,9,7
10,20,0,9,7
10,20,0,9,17
10,20,0,9,3
10,20,0,9,6
10,20,0,9,1
10,20,0,9,14
10,20,0,9,8
10,20,0,9,5
10,20,0,9,7
10,20,0,9,6
10,20,0,9,5
10,20,0,9,7
11,1,1,0,1
11,1,1,2,1
11,1,1,2,1
11,1,1,0,1
11,1,1,0,1
11,1,1,0,1
11,1,1,1,1
11,1,1,0,1
11,1,1,0,1
11,1,1,0,1
11,1,1,2,1
11,1,1,0,1
11,1,1,1,1
11,1,1,0,1
11,1,1,1,1
11,1,1,0,1
11,1,1,0,1
11,1,1,0,1
11,1,1,0,1
11,1,1,0,1
11,1,1,0,1
11,1,1,2,1
11,1,1,1,1
11,1,1,0,1
11,1,1,0,1
11,1,1,0,1
11,1,1,0,1
11,1,1,2,1
11,1,1,0,1
11,1,1,0,1
11,1,1,0,1
11,1,1,0,1
11,1,1,0,1
11,1,1,0,1
11,1,1,0,1
11,1,1,0,1
11,1,1,0,1
11,1,1,0,1
11,1,1,0,1
11,1,1,0,1
11,1,1,0,1
11,1,1,1,1
11,1,1,0,1
11,1,1,4,1
11,1,1,1,1
11,1,1,0,1
11,1,1,0,1
11,1,1,0,1
11,1,1,0,1
11,1,1,2,1
11,1,1,0,1
11,1,1,1,1
11,1,1,0,1
11,1,1,1,1
11,1,1,0,1
11,1,1,0,1
11,1,1,3,1
11,1,1,1,1
11,1,1,0,1
11,1,1,0,1
11,1,1,0,1
11,1,1,0,1
11,1,1,1,1
11,1,1,1,1
11,1,1,1,1
11,1,1,0,1
11,1,1,0,1
11,1,1,0,1
11,1,1,1,1
11,1,1,0,1
11,1,1,1,1
11,1,1,0,1
11,1,1,0,1
11,1,1,3,1
11,1,1,0,1
11,1,1,1,1
11,1,1,0,1
11,1,1,0,1
11,1,1,0,1
11,1,1,1,1
11,1,1,0,1
11,1,1,3,1
11,1,1,0,1
11,1,1,0,1
11,1,1,1,1
11,1,1,0,1
11,1,1,0,1
11,1,1,3,1
11,1,1,0,1
11,1,1,2,1
11,1,1,0,1
11,1,1,0,1
11,1,1,1,1
11,1,1,0,1
11,1,1,0,1
11,1,1,3,1
11,1,1,3,1
11,1,1,1,1
11,1,1,1,1
11,1,1,2,1
11,2,0,10,0
11,2,1,1,2
11,2,1,2,2
11,2,1,0,2
11,2,1,3,2
11,2,1,0,2
11,2,1,0,2
11,2,1,0,2
11,2,1,1,2
11,2,1,6,2
11,2,1,0,2
11,2,1,1,2
11,2,1,0,2
11,2,1,2,2
11,2,1,0,2
11,2,1,1,2
11,2,1,3,2
11,2,1,1,2
11,2,1,5,2
11,2,1,1,2
11,2,1,0,2
11,2,1,1,2
11,2,1,2,2
11,2,1,6,2
11,2,1,4,2
11,2,1,2,2
11,2,1,3,2
11,2,1,0,2
11,2,1,0,2
11,2,1,1,2
11,2,1,1,2
11,2,1,4,2
11,2,1,0,2
11,2,1,0,2
11,2,1,1,2
11,2,1,2,2
11,2,1,1,2
11,2,1,2,2
11,2,1,6,2
11,2,1,1,2
11,2,1,0,2
11,2,1,2,2
11,2,1,1,2
11,2,1,1,2
11,2,1,0,2
11,2,1,3,2
11,2,1,0,2
11,2,1,0,2
11,2,1,0,2
11,2,1,4,2
11,2,1,2,2
11,2,1,1,2
11,2,1,1,2
11,2,1,1,2
11,2,1,3,2
11,2,1,2,2
11,2,1,1,2
11,2,1,0,2
11,2,1,0,2
11,2,1,1,2
11,2,1,7,2
11,2,1,1,2
11,2,1,7,2
11,2,1,0,2
11,2,1,1,2
11,2,1,2,2
11,2,1,0,2
11,2,1,1,2
11,2,1,0,2
11,2,1,0,2
11,2,1,3,2
11,2,1,4,2
11,2,1,0,2
11,2,1,1,2
11,2,1,0,2
11,2,1,1,2
11,2,1,1,2
11,2,1,0,2
11,2,1,0,2
11,2,1,0,2
11,2,1,0,2
11,2,1,0,2
11,2,1,0,2
11,2,1,2,2
11,2,1,6,2
11,2,1,8,2
11,2,1,0,2
11,2,1,4,2
11,2,1,1,2
11,2,1,1,2
11,2,1,7,2
11,2,1,1,2
11,2,1,4,2
11,2,1,5,2
11,2,1,0,2
11,2,1,0,2
11,2,1,1,2
11,2,1,1,2
11,2,1,3,2
11,2,1,0,2
11,3,1,5,3
11,3,1,2,3
11,3,1,0,3
11,3,1,6,3
11,3,1,1,3
11,3,1,0,3
11,3,1,2,3
11,3,1,6,3
11,3,1,0,3
11,3,1,0,3
11,3,1,1,3
11,3,1,0,3
11,3,1,0,3
11,3,1,1,3
11,3,1,0,3
11,3,1,1,3
11,3,1,0,3
11,3,1,4,3
11,3,1,0,3
11,3,1,1,3
11,3,1,3,3
11,3,1,3,3
11,3,1,0,3
11,3,1,0,3
11,3,1,5,3
11,3,1,2,3
11,3,1,0,3
11,3,1,0,3
11,3,1,6,3
11,3,1,2,3
11,3,1,2,3
11,3,1,2,3
11,3,1,0,3
11,3,1,2,3
11,3,1,0,3
11,3,1,2,3
11,3,1,1,3
11,3,1,3,3
11,3,1,0,3
11,3,1,1,3
11,3,1,5,3
11,3,1,0,3
11,3,1,2,3
11,3,1,2,3
11,3,1,5,3
11,3,1,4,3
11,3,1,2,3
11,3,1,5,3
11,3,1,5,3
11,3,0,10,0
11,3,1,4,3
11,3,1,2,3
11,3,1,3,3
11,3,1,3,3
11,3,1,4,3
11,3,1,3,3
11,3,1,2,3
11,3,1,3,3
11,3,1,0,3
11,3,1,2,3
11,3,1,0,3
11,3,1,3,3
11,3,1,3,3
11,3,1,4,3
11,3,1,1,3
11,3,1,1,3
11,3,0,10,1
11,3,1,8,3
11,3,1,3,3
11,3,1,3,3
11,3,1,0,3
11,3,1,2,3
11,3,1,1,3
11,3,1,2,3
11,3,1,3,3
11,3,1,1,3
11,3,1,2,3
11,3,1,0,3
11,3,0,10,1
11,3,1,2,3
11,3,1,0,3
11,3,1,2,3
11,3,1,2,3
11,3,1,0,3
11,3,1,4,3
11,3,1,1,3
11,3,1,2,3
11,3,1,4,3
11,3,1,0,3
11,3,1,7,3
11,3,1,4,3
11,3,1,4,3
11,3,1,1,3
11,3,0,10,1
11,3,1,5,3
11,3,1,6,3
11,3,1,0,3
11,3,1,0,3
11,3,1,1,3
11,3,1,3,3
11,4,1,5,4
11,4,1,4,4
11,4,1,3,4
11,4,1,2,4
11,4,1,4,4
11,4,1,0,4
11,4,1,1,4
11,4,1,3,4
11,4,1,1,4
11,4,1,0,4
11,4,1,1,4
11,4,1,4,4
11,4,1,4,4
11,4,1,4,4
11,4,1,2,4
11,4,1,5,4
11,4,1,3,4
11,4,1,2,4
11,4,1,2,4
11,4,1,3,4
11,4,1,3,4
11,4,1,1,4
11,4,1,2,4
11,4,1,4,4
11,4,1,2,4
11,4,1,6,4
11,4,1,0,4
11,4,1,6,4
11,4,1,4,4
11,4,1,6,4
11,4,1,8,4
11,4,1,9,4
11,4,1,2,4
11,4,1,5,4
11,4,1,1,4
11,4,1,5,4
11,4,1,2,4
11,4,1,4,4
11,4,1,3,4
11,4,1,3,4
11,4,1,4,4
11,4,1,0,4
11,4,1,1,4
11,4,1,4,4
11,4,1,1,4
11,4,1,3,4
11,4,1,0,4
11,4,1,6,4
11,4,1,3,4
11,4,1,0,4
11,4,1,2,4
11,4,1,8,4
11,4,1,4,4
11,4,1,0,4
11,4,1,3,4
11,4,1,6,4
11,4,1,2,4
11,4,1,3,4
11,4,1,0,4
11,4,1,1,4
11,4,1,0,4
11,4,1,2,4
11,4,1,3,4
11,4,1,1,4
11,4,1,4,4
11,4,1,2,4
11,4,1,7,4
11,4,1,1,4
11,4,1,3,4
11,4,1,3,4
11,4,1,1,4
11,4,1,0,4
11,4,1,2,4
11,4,1,3,4
11,4,1,6,4
11,4,1,3,4
11,4,1,0,4
11,4,1,8,4
11,4,1,4,4
11,4,1,4,4
11,4,1,1,4
11,4,0,10,2
11,4,1,5,4
11,4,1,3,4
11,4,1,2,4
11,4,1,0,4
11,4,1,2,4
11,4,1,5,4
11,4,1,2,4
11,4,1,1,4
11,4,1,1,4
11,4,1,8,4
11,4,1,1,4
11,4,1,3,4
11,4,1,6,4
11,4,0,10,2
11,4,1,1,4
11,4,1,1,4
11,4,1,2,4
11,4,1,4,4
11,5,1,4,5
11,5,1,1,5
11,5,1,6,5
11,5,1,5,5
11,5,1,1,5
11,5,1,1,5
11,5,1,0,5
11,5,1,5,5
11,5,1,0,5
11,5,1,7,5
11,5,1,1,5
11,5,0,10,2
11,5,0,10,3
11,5,1,4,5
11,5,1,2,5
11,5,1,5,5
11,5,1,2,5
11,5,1,7,5
11,5,1,4,5
11,5,1,1,5
11,5,1,1,5
11,5,1,0,5
11,5,1,9,5
11,5,1,3,5
11,5,1,5,5
11,5,1,6,5
11,5,1,2,5
11,5,1,1,5
11,5,1,0,5
11,5,1,2,5
11,5,1,3,5
11,5,0,10,3
11,5,1,1,5
11,5,1,1,5
11,5,1,1,5
11,5,1,0,5
11,5,1,5,5
11,5,1,0,5
11,5,0,10,3
11,5,0,10,1
11,5,1,7,5
11,5,1,3,5
11,5,1,3,5
11,5,1,2,5
11,5,1,4,5
11,5,1,7,5
11,5,1,1,5
11,5,1,7,5
11,5,1,1,5
11,5,1,7,5
11,5,1,7,5
11,5,1,2,5
11,5,1,4,5
11,5,1,8,5
11,5,1,1,5
11,5,1,6,5
11,5,1,0,5
11,5,1,0,5
11,5,1,5,5
11,5,1,2,5
11,5,1,5,5
11,5,1,0,5
11,5,1,7,5
11,5,1,3,5
11,5,1,2,5
11,5,1,7,5
11,5,1,1,5
11,5,1,2,5
11,5,1,3,5
11,5,1,3,5
11,5,1,7,5
11,5,1,6,5
11,5,1,1,5
11,5,1,8,5
11,5,1,3,5
11,5,1,3,5
11,5,1,2,5
11,5,1,3,5
11,5,1,1,5
11,5,1,3,5
11,5,0,10,4
11,5,1,2,5
11,5,0,10,3
11,5,1,2,5
11,5,1,2,5
11,5,1,3,5
11,5,1,5,5
11,5,0,10,4
11,5,1,2,5
11,5,1,0,5
11,5,1,3,5
11,5,1,5,5
11,5,1,0,5
11,5,1,7,5
11,5,1,4,5
11,5,1,6,5
11,5,1,6,5
11,5,1,8,5
11,5,1,7,5
11,5,1,6,5
11,6,0,10,4
11,6,1,0,6
11,6,1,2,6
11,6,1,3,6
11,6,1,2,6
11,6,1,1,6
11,6,1,4,6
11,6,1,4,6
11,6,1,3,6
11,6,0,10,4
11,6,1,6,6
11,6,0,10,3
11,6,1,5,6
11,6,1,5,6
11,6,1,3,6
11,6,1,4,6
11,6,0,10,0
11,6,1,4,6
11,6,0,10,4
11,6,1,6,6
11,6,1,2,6
11,6,0,10,1
11,6,0,10,4
11,6,1,4,6
11,6,1,4,6
11,6,1,2,6
11,6,1,2,6
11,6,0,10,4
11,6,1,7,6
11,6,1,3,6
11,6,1,6,6
11,6,1,4,6
11,6,1,8,6
11,6,1,8,6
11,6,1,3,6
11,6,1,4,6
11,6,1,4,6
11,6,1,6,6
11,6,1,2,6
11,6,1,5,6
11,6,1,6,6
11,6,1,1,6
11,6,1,9,6
11,6,1,5,6
11,6,1,3,6
11,6,1,6,6
11,6,1,3,6
11,6,1,3,6
11,6,1,0,6
11,6,1,7,6
11,6,1,4,6
11,6,1,5,6
11,6,1,1,6
11,6,1,2,6
11,6,0,10,2
11,6,1,0,6
11,6,1,4,6
11,6,1,2,6
11,6,1,2,6
11,6,0,10,1
11,6,1,3,6
11,6,0,10,5
11,6,1,2,6
11,6,1,6,6
11,6,0,10,5
11,6,1,4,6
11,6,0,10,3
11,6,0,10,4
11,6,1,7,6
11,6,1,4,6
11,6,1,4,6
11,6,1,4,6
11,6,0,10,5
11,6,0,10,2
11,6,1,1,6
11,6,1,6,6
11,6,1,2,6
11,6,1,1,6
11,6,1,1,6
11,6,1,2,6
11,6,1,6,6
11,6,1,1,6
11,6,1,5,6
11,6,0,10,4
11,6,1,1,6
11,6,1,3,6
11,6,1,4,6
11,6,1,7,6
11,6,1,4,6
11,6,0,10,5
11,6,0,10,4
11,6,1,6,6
11,6,1,3,6
11,6,1,0,6
11,6,1,7,6
11,6,1,5,6
11,6,1,1,6
11,6,0,10,1
11,6,1,5,6
11,6,1,6,6
11,7,0,10,5
11,7,1,5,7
11,7,1,4,7
11,7,1,3,7
11,7,1,7,7
11,7,1,2,7
11,7,0,10,6
11,7,0,10,5
11,7,1,7,7
11,7,1,0,7
11,7,1,5,7
11,7,0,10,4
11,7,0,10,5
11,7,1,6,7
11,7,1,1,7
11,7,1,3,7
11,7,0,10,3
11,7,0,10,6
11,7,1,7,7
11,7,1,4,7
11,7,1,4,7
11,7,1,3,7
11,7,1,1,7
11,7,1,7,7
11,7,1,2,7
11,7,1,3,7
11,7,1,6,7
11,7,1,2,7
11,7,1,4,7
11,7,1,4,7
11,7,1,2,7
11,7,0,10,4
11,7,1,2,7
11,7,1,5,7
11,7,1,7,7
11,7,0,10,6
11,7,1,5,7
11,7,1,3,7
11,7,1,5,7
11,7,1,2,7
11,7,1,5,7
11,7,1,0,7
11,7,1,0,7
11,7,1,5,7
11,7,1,4,7
11,7,1,6,7
11,7,1,5,7
11,7,1,4,7
11,7,1,5,7
11,7,1,4,7
11,7,1,0,7
11,7,1,6,7
11,7,0,10,2
11,7,1,6,7
11,7,1,6,7
11,7,1,3,7
11,7,1,7,7
11,7,0,10,0
11,7,1,2,7
11,7,0,10,2
11,7,1,0,7
11,7,0,10,2
11,7,1,5,7
11,7,1,5,7
11,7,1,5,7
11,7,0,10,4
11,7,1,5,7
11,7,1,9,7
11,7,1,4,7
11,7,1,8,7
11,7,1,3,7
11,7,0,10,4
11,7,1,4,7
11,7,0,10,4
11,7,1,0,7
11,7,1,6,7
11,7,1,8,7
11,7,1,4,7
11,7,1,0,7
11,7,1,4,7
11,7,1,4,7
11,7,1,2,7
11,7,1,8,7
11,7,1,3,7
11,7,1,5,7
11,7,1,8,7
11,7,1,5,7
11,7,1,5,7
11,7,1,5,7
11,7,1,5,7
11,7,1,4,7
11,7,0,10,6
11,7,1,7,7
11,7,1,3,7
11,7,0,10,1
11,7,0,10,5
11,7,1,3,7
11,7,1,4,7
11,7,0,10,5
11,7,1,4,7
11,8,0,10,7
11,8,1,1,8
11,8,1,6,8
11,8,1,9,8
11,8,1,4,8
11,8,0,10,4
11,8,1,6,8
11,8,1,7,8
11,8,0,10,7
11,8,1,5,8
11,8,0,10,6
11,8,1,5,8
11,8,1,8,8
11,8,0,10,2
11,8,1,4,8
11,8,0,10,1
11,8,0,10,3
11,8,0,10,6
11,8,1,2,8
11,8,0,10,6
11,8,1,7,8
11,8,0,10,6
11,8,1,8,8
11,8,1,9,8
11,8,1,4,8
11,8,1,4,8
11,8,0,10,7
11,8,1,8,8
11,8,0,10,6
11,8,1,7,8
11,8,1,8,8
11,8,0,10,2
11,8,1,6,8
11,8,1,5,8
11,8,1,7,8
11,8,1,0,8
11,8,1,8,8
11,8,1,7,8
11,8,0,10,4
11,8,1,2,8
11,8,1,8,8
11,8,1,4,8
11,8,1,7,8
11,8,0,10,6
11,8,0,10,6
11,8,1,8,8
11,8,1,1,8
11,8,1,8,8
11,8,1,3,8
11,8,0,10,5
11,8,1,1,8
11,8,1,3,8
11,8,1,2,8
11,8,0,10,6
11,8,0,10,5
11,8,0,10,5
11,8,1,8,8
11,8,0,10,5
11,8,1,2,8
11,8,1,3,8
11,8,0,10,7
11,8,1,2,8
11,8,0,10,2
11,8,1,8,8
11,8,1,8,8
11,8,1,8,8
11,8,0,10,5
11,8,1,6,8
11,8,1,4,8
11,8,1,5,8
11,8,0,10,2
11,8,1,3,8
11,8,0,10,2
11,8,1,3,8
11,8,1,0,8
11,8,1,4,8
11,8,1,1,8
11,8,1,6,8
11,8,0,10,3
11,8,0,10,7
11,8,0,10,5
11,8,0,10,7
11,8,1,8,8
11,8,1,8,8
11,8,1,4,8
11,8,0,10,5
11,8,1,1,8
11,8,1,3,8
11,8,1,3,8
11,8,1,6,8
11,8,1,7,8
11,8,1,5,8
11,8,1,4,8
11,8,1,7,8
11,8,1,5,8
11,8,1,2,8
11,8,1,2,8
11,8,1,4,8
11,8,1,6,8
11,8,0,10,5
11,9,1,5,9
11,9,1,6,9
11,9,1,5,9
11,9,1,3,9
11,9,0,10,7
11,9,1,4,9
11,9,1,6,9
11,9,1,5,9
11,9,1,8,9
11,9,1,2,9
11,9,0,10,5
11,9,0,10,5
11,9,1,6,9
11,9,1,3,9
11,9,1,7,9
11,9,1,8,9
11,9,0,10,5
11,9,1,8,9
11,9,1,8,9
11,9,1,2,9
11,9,1,3,9
11,9,0,10,7
11,9,1,3,9
11,9,1,3,9
11,9,1,0,9
11,9,1,7,9
11,9,0,10,4
11,9,0,10,7
11,9,0,10,4
11,9,0,10,4
11,9,1,2,9
11,9,0,10,8
11,9,1,8,9
11,9,0,10,8
11,9,0,10,4
11,9,1,4,9
11,9,0,10,7
11,9,1,2,9
11,9,0,10,4
11,9,1,3,9
11,9,1,3,9
11,9,1,5,9
11,9,0,10,0
11,9,1,5,9
11,9,0,10,8
11,9,1,7,9
11,9,1,6,9
11,9,0,10,7
11,9,1,3,9
11,9,0,10,7
11,9,1,6,9
11,9,0,10,4
11,9,0,10,8
11,9,1,6,9
11,9,0,10,6
11,9,1,5,9
11,9,0,10,2
11,9,1,7,9
11,9,0,10,3
11,9,1,2,9
11,9,0,10,6
11,9,1,7,9
11,9,1,5,9
11,9,1,3,9
11,9,1,7,9
11,9,1,7,9
11,9,1,3,9
11,9,1,3,9
11,9,1,9,9
11,9,0,10,7
11,9,0,10,6
11,9,1,8,9
11,9,1,5,9
11,9,0,10,8
11,9,0,10,8
11,9,0,10,6
11,9,1,5,9
11,9,0,10,8
11,9,1,7,9
11,9,1,4,9
11,9,1,5,9
11,9,0,10,6
11,9,1,3,9
11,9,1,9,9
11,9,1,3,9
11,9,1,2,9
11,9,1,1,9
11,9,1,6,9
11,9,1,6,9
11,9,1,5,9
11,9,1,1,9
11,9,1,7,9
11,9,1,6,9
11,9,1,6,9
11,9,1,3,9
11,9,1,7,9
11,9,1,4,9
11,9,0,10,6
11,9,0,10,8
11,9,1,2,9
11,10,1,7,10
11,10,1,6,10
11,10,1,2,10
11,10,1,8,10
11,10,0,10,6
11,10,0,10,3
11,10,1,8,10
11,10,0,10,7
11,10,1,4,10
11,10,1,3,10
11,10,0,10,5
11,10,1,8,10
11,10,0,10,6
11,10,0,10,6
11,10,0,10,6
11,10,0,10,4
11,10,0,10,3
11,10,1,3,10
11,10,1,1,10
11,10,0,10,8
11,10,1,8,10
11,10,1,6,10
11,10,1,6,10
11,10,1,4,10
11,10,1,1,10
11,10,1,3,10
11,10,1,3,10
11,10,0,10,6
11,10,1,3,10
11,10,1,3,10
11,10,1,3,10
11,10,0,10,7
11,10,1,2,10
11,10,0,10,8
11,10,1,8,10
11,10,1,8,10
11,10,1,3,10
11,10,1,4,10
11,10,1,7,10
11,10,1,6,10
11,10,0,10,7
11,10,1,4,10
11,10,1,4,10
11,10,1,3,10
11,10,1,6,10
11,10,1,6,10
11,10,1,7,10
11,10,1,7,10
11,10,0,10,7
11,10,1,6,10
11,10,0,10,4
11,10,1,1,10
11,10,1,8,10
11,10,0,10,7
11,10,1,4,10
11,10,1,8,10
11,10,1,7,10
11,10,0,10,8
11,10,1,2,10
11,10,1,4,10
11,10,0,10,8
11,10,1,7,10
11,10,1,8,10
11,10,1,6,10
11,10,1,4,10
11,10,1,7,10
11,10,0,10,5
11,10,0,10,9
11,10,0,10,7
11,10,0,10,5
11,10,1,8,10
11,10,1,5,10
11,10,1,9,10
11,10,1,2,10
11,10,0,10,3
11,10,0,10,9
11,10,1,3,10
11,10,0,10,8
11,10,0,10,8
11,10,1,8,10
11,10,1,2,10
11,10,0,10,8
11,10,1,7,10
11,10,0,10,4
11,10,0,10,4
11,10,0,10,1
11,10,0,10,4
11,10,0,10,4
11,10,0,10,5
11,10,1,4,10
11,10,1,7,10
11,10,1,4,10
11,10,1,3,10
11,10,1,6,10
11,10,1,4,10
11,10,1,5,10
11,10,1,9,10
11,10,0,10,8
11,10,1,7,10
11,10,1,6,10
11,11,0,10,7
11,11,0,10,7
11,11,0,10,9
11,11,1,5,11
11,11,0,10,4
11,11,0,10,5
11,11,0,10,9
11,11,1,8,11
11,11,1,7,11
11,11,0,10,3
11,11,1,4,11
11,11,1,8,11
11,11,0,10,10
11,11,0,10,10
11,11,0,10,8
11,11,1,7,11
11,11,0,10,8
11,11,1,8,11
11,11,1,6,11
11,11,0,10,7
11,11,1,4,11
11,11,1,8,11
11,11,1,4,11
11,11,0,10,8
11,11,1,8,11
11,11,0,10,5
11,11,0,10,10
11,11,0,10,5
11,11,1,7,11
11,11,1,5,11
11,11,0,10,9
11,11,1,6,11
11,11,1,4,11
11,11,0,10,7
11,11,1,3,11
11,11,1,2,11
11,11,0,10,8
11,11,1,7,11
11,11,1,4,11
11,11,1,7,11
11,11,1,7,11
11,11,1,6,11
11,11,0,10,1
11,11,1,7,11
11,11,0,10,9
11,11,0,10,4
11,11,1,3,11
11,11,0,10,6
11,11,1,6,11
11,11,1,5,11
11,11,1,8,11
11,11,0,10,10
11,11,1,8,11
11,11,1,6,11
11,11,1,6,11
11,11,0,10,8
11,11,1,1,11
11,11,1,2,11
11,11,0,10,9
11,11,0,10,6
11,11,0,10,1
11,11,1,4,11
11,11,0,10,6
11,11,1,6,11
11,11,1,9,11
11,11,1,0,11
11,11,1,5,11
11,11,0,10,8
11,11,1,5,11
11,11,0,10,2
11,11,1,7,11
11,11,1,7,11
11,11,0,10,7
11,11,0,10,5
11,11,0,10,7
11,11,1,6,11
11,11,1,6,11
11,11,1,5,11
11,11,0,10,8
11,11,0,10,10
11,11,0,10,2
11,11,1,6,11
11,11,0,10,9
11,11,0,10,6
11,11,0,10,3
11,11,0,10,10
11,11,1,6,11
11,11,0,10,7
11,11,1,2,11
11,11,0,10,10
11,11,0,10,7
11,11,0,10,6
11,11,0,10,9
11,11,1,7,11
11,11,1,3,11
11,11,1,6,11
11,11,1,5,11
11,11,1,6,11
11,11,0,10,9
11,11,0,10,8
11,12,0,10,3
11,12,1,7,12
11,12,1,6,12
11,12,0,10,7
11,12,0,10,7
11,12,1,9,12
11,12,1,8,12
11,12,1,5,12
11,12,0,10,11
11,12,0,10,4
11,12,1,6,12
11,12,0,10,9
11,12,0,10,9
11,12,1,6,12
11,12,1,1,12
11,12,1,5,12
11,12,0,10,3
11,12,1,9,12
11,12,0,10,10
11,12,0,10,3
11,12,0,10,10
11,12,0,10,10
11,12,1,7,12
11,12,1,7,12
11,12,0,10,7
11,12,0,10,10
11,12,1,7,12
11,12,1,5,12
11,12,0,10,7
11,12,1,6,12
11,12,1,7,12
11,12,1,6,12
11,12,1,6,12
11,12,0,10,10
11,12,1,7,12
11,12,0,10,11
11,12,0,10,8
11,12,0,10,9
11,12,0,10,6
11,12,1,8,12
11,12,0,10,3
11,12,0,10,7
11,12,1,3,12
11,12,1,9,12
11,12,1,5,12
11,12,0,10,4
11,12,1,5,12
11,12,1,4,12
11,12,1,8,12
11,12,0,10,11
11,12,0,10,4
11,12,0,10,6
11,12,0,10,6
11,12,1,7,12
11,12,0,10,5
11,12,0,10,10
11,12,0,10,6
11,12,0,10,8
11,12,0,10,4
11,12,0,10,10
11,12,0,10,7
11,12,1,9,12
11,12,1,3,12
11,12,0,10,11
11,12,0,10,6
11,12,1,3,12
11,12,0,10,8
11,12,0,10,9
11,12,0,10,5
11,12,0,10,7
11,12,0,10,5
11,12,0,10,10
11,12,0,10,6
11,12,0,10,4
11,12,1,6,12
11,12,1,5,12
11,12,0,10,8
11,12,0,10,5
11,12,0,10,6
11,12,0,10,10
11,12,1,1,12
11,12,1,2,12
11,12,1,7,12
11,12,0,10,10
11,12,1,6,12
11,12,0,10,5
11,12,1,5,12
11,12,0,10,5
11,12,0,10,10
11,12,1,6,12
11,12,0,10,7
11,12,1,7,12
11,12,0,10,10
11,12,0,10,5
11,12,0,10,3
11,12,0,10,6
11,12,0,10,7
11,12,1,9,12
11,12,1,6,12
11,12,0,10,6
11,13,1,8,13
11,13,0,10,10
11,13,0,10,10
11,13,0,10,6
11,13,0,10,9
11,13,0,10,4
11,13,0,10,7
11,13,1,3,13
11,13,0,10,5
11,13,1,4,13
11,13,1,5,13
11,13,1,5,13
11,13,0,10,8
11,13,0,10,8
11,13,0,10,6
11,13,0,10,9
11,13,1,6,13
11,13,0,10,4
11,13,0,10,11
11,13,1,6,13
11,13,1,6,13
11,13,1,3,13
11,13,0,10,2
11,13,1,8,13
11,13,0,10,8
11,13,1,6,13
11,13,1,8,13
11,13,1,8,13
11,13,0,10,2
11,13,0,10,12
11,13,1,2,13
11,13,0,10,4
11,13,1,9,13
11,13,0,10,7
11,13,0,10,6
11,13,1,1,13
11,13,0,10,6
11,13,1,4,13
11,13,0,10,11
11,13,1,4,13
11,13,0,10,7
11,13,1,7,13
11,13,1,5,13
11,13,1,6,13
11,13,1,5,13
11,13,0,10,1
11,13,1,6,13
11,13,0,10,10
11,13,0,10,6
11,13,1,6,13
11,13,1,7,13
11,13,0,10,9
11,13,0,10,4
11,13,1,3,13
11,13,1,2,13
11,13,0,10,8
11,13,0,10,8
11,13,0,10,8
11,13,0,10,8
11,13,1,2,13
11,13,0,10,9
11,13,1,7,13
11,13,0,10,8
11,13,0,10,8
11,13,1,9,13
11,13,1,9,13
11,13,0,10,3
11,13,0,10,6
11,13,0,10,5
11,13,0,10,2
11,13,1,8,13
11,13,1,6,13
11,13,0,10,6
11,13,0,10,11
11,13,1,9,13
11,13,0,10,9
11,13,0,10,8
11,13,0,10,6
11,13,0,10,11
11,13,0,10,7
11,13,0,10,6
11,13,0,10,8
11,13,0,10,10
11,13,0,10,7
11,13,1,2,13
11,13,1,9,13
11,13,0,10,7
11,13,0,10,8
11,13,0,10,7
11,13,0,10,9
11,13,1,3,13
11,13,1,7,13
11,13,1,5,13
11,13,0,10,6
11,13,1,5,13
11,13,0,10,7
11,13,0,10,0
11,13,0,10,8
11,13,0,10,9
11,13,0,10,6
11,14,0,10,4
11,14,0,10,7
11,14,0,10,5
11,14,1,3,14
11,14,0,10,6
11,14,0,10,6
11,14,0,10,10
11,14,0,10,11
11,14,0,10,10
11,14,0,10,3
11,14,1,7,14
11,14,0,10,9
11,14,0,10,4
11,14,1,7,14
11,14,0,10,9
11,14,0,10,4
11,14,0,10,11
11,14,0,10,4
11,14,0,10,9
11,14,0,10,6
11,14,0,10,11
11,14,0,10,11
11,14,0,10,10
11,14,0,10,8
11,14,0,10,11
11,14,0,10,6
11,14,1,4,14
11,14,0,10,11
11,14,0,10,10
11,14,1,8,14
11,14,0,10,5
11,14,1,5,14
11,14,0,10,11
11,14,0,10,13
11,14,0,10,11
11,14,1,7,14
11,14,0,10,8
11,14,1,5,14
11,14,0,10,12
11,14,1,8,14
11,14,0,10,8
11,14,0,10,12
11,14,0,10,8
11,14,0,10,5
11,14,0,10,9
11,14,0,10,12
11,14,0,10,11
11,14,0,10,10
11,14,1,7,14
11,14,0,10,11
11,14,0,10,2
11,14,0,10,12
11,14,1,5,14
11,14,0,10,10
11,14,1,6,14
11,14,1,7,14
11,14,0,10,2
11,14,0,10,3
11,14,0,10,3
11,14,0,10,4
11,14,0,10,11
11,14,0,10,13
11,14,0,10,4
11,14,0,10,9
11,14,0,10,11
11,14,1,1,14
11,14,0,10,6
11,14,0,10,12
11,14,1,4,14
11,14,1,6,14
11,14,0,10,12
11,14,1,9,14
11,14,0,10,5
11,14,0,10,8
11,14,1,8,14
11,14,0,10,10
11,14,1,7,14
11,14,0,10,11
11,14,1,9,14
11,14,0,10,4
11,14,0,10,7
11,14,0,10,7
11,14,0,10,11
11,14,0,10,11
11,14,0,10,10
11,14,0,10,12
11,14,0,10,4
11,14,0,10,4
11,14,0,10,9
11,14,0,10,5
11,14,0,10,6
11,14,1,7,14
11,14,0,10,7
11,14,0,10,7
11,14,1,7,14
11,14,1,6,14
11,14,0,10,8
11,14,0,10,9
11,14,0,10,7
11,14,0,10,7
11,15,0,10,6
11,15,0,10,8
11,15,1,6,15
11,15,1,8,15
11,15,0,10,7
11,15,0,10,13
11,15,1,8,15
11,15,1,5,15
11,15,1,8,15
11,15,0,10,13
11,15,0,10,13
11,15,1,7,15
11,15,0,10,13
11,15,0,10,11
11,15,0,10,6
11,15,0,10,13
11,15,0,10,5
11,15,0,10,13
11,15,1,7,15
11,15,0,10,10
11,15,1,8,15
11,15,0,10,6
11,15,0,10,9
11,15,1,9,15
11,15,1,6,15
11,15,1,6,15
11,15,0,10,7
11,15,0,10,4
11,15,0,10,14
11,15,1,8,15
11,15,1,5,15
11,15,0,10,5
11,15,0,10,13
11,15,0,10,9
11,15,0,10,5
11,15,0,10,12
11,15,0,10,12
11,15,0,10,12
11,15,0,10,8
11,15,1,7,15
11,15,1,7,15
11,15,0,10,12
11,15,0,10,10
11,15,0,10,3
11,15,0,10,7
11,15,0,10,8
11,15,0,10,8
11,15,0,10,9
11,15,0,10,7
11,15,0,10,8
11,15,0,10,7
11,15,0,10,8
11,15,0,10,11
11,15,0,10,10
11,15,0,10,12
11,15,0,10,10
11,15,1,6,15
11,15,1,7,15
11,15,1,9,15
11,15,0,10,5
11,15,0,10,6
11,15,1,4,15
11,15,0,10,8
11,15,1,9,15
11,15,0,10,12
11,15,0,10,8
11,15,0,10,10
11,15,1,8,15
11,15,0,10,9
11,15,0,10,13
11,15,0,10,9
11,15,0,10,11
11,15,1,7,15
11,15,0,10,8
11,15,0,10,6
11,15,0,10,1
11,15,1,7,15
11,15,1,9,15
11,15,0,10,7
11,15,0,10,5
11,15,0,10,7
11,15,1,4,15
11,15,0,10,12
11,15,0,10,7
11,15,0,10,13
11,15,0,10,13
11,15,0,10,9
11,15,0,10,6
11,15,1,9,15
11,15,0,10,3
11,15,0,10,4
11,15,0,10,8
11,15,0,10,12
11,15,0,10,7
11,15,1,7,15
11,15,0,10,5
11,15,1,8,15
11,15,0,10,9
11,15,0,10,6
11,15,0,10,6
11,16,1,6,16
11,16,0,10,2
11,16,0,10,7
11,16,1,3,16
11,16,0,10,11
11,16,0,10,6
11,16,0,10,8
11,16,0,10,15
11,16,0,10,14
11,16,0,10,10
11,16,0,10,5
11,16,0,10,3
11,16,1,2,16
11,16,0,10,10
11,16,0,10,5
11,16,0,10,13
11,16,0,10,6
11,16,0,10,8
11,16,0,10,6
11,16,0,10,14
11,16,1,4,16
11,16,0,10,6
11,16,0,10,15
11,16,0,10,12
11,16,0,10,13
11,16,0,10,14
11,16,0,10,7
11,16,0,10,14
11,16,1,8,16
11,16,1,6,16
11,16,0,10,13
11,16,0,10,8
11,16,0,10,6
11,16,1,5,16
11,16,0,10,9
11,16,0,10,7
11,16,0,10,1
11,16,0,10,6
11,16,0,10,8
11,16,0,10,8
11,16,1,6,16
11,16,1,6,16
11,16,0,10,8
11,16,1,6,16
11,16,1,7,16
11,16,1,2,16
11,16,0,10,6
11,16,0,10,5
11,16,0,10,4
11,16,0,10,9
11,16,0,10,12
11,16,0,10,11
11,16,0,10,2
11,16,0,10,8
11,16,0,10,4
11,16,0,10,14
11,16,0,10,13
11,16,0,10,8
11,16,0,10,7
11,16,1,8,16
11,16,0,10,6
11,16,0,10,14
11,16,0,10,9
11,16,0,10,1
11,16,1,7,16
11,16,1,3,16
11,16,1,7,16
11,16,1,9,16
11,16,0,10,10
11,16,0,10,10
11,16,0,10,12
11,16,0,10,14
11,16,0,10,11
11,16,0,10,8
11,16,1,7,16
11,16,0,10,9
11,16,1,9,16
11,16,0,10,8
11,16,0,10,13
11,16,0,10,4
11,16,1,7,16
11,16,0,10,9
11,16,0,10,3
11,16,0,10,15
11,16,0,10,12
11,16,0,10,7
11,16,1,5,16
11,16,0,10,2
11,16,1,6,16
11,16,0,10,6
11,16,1,8,16
11,16,0,10,11
11,16,0,10,14
11,16,0,10,9
11,16,0,10,14
11,16,0,10,4
11,16,1,7,16
11,16,0,10,3
11,16,0,10,4
11,16,0,10,3
11,17,0,10,12
11,17,0,10,5
11,17,0,10,10
11,17,1,7,17
11,17,1,7,17
11,17,0,10,15
11,17,0,10,11
11,17,1,8,17
11,17,0,10,8
11,17,1,8,17
11,17,0,10,2
11,17,0,10,7
11,17,0,10,6
11,17,0,10,8
11,17,0,10,4
11,17,0,10,8
11,17,0,10,14
11,17,0,10,8
11,17,1,7,17
11,17,0,10,9
11,17,0,10,9
11,17,0,10,15
11,17,0,10,8
11,17,0,10,7
11,17,0,10,6
11,17,0,10,9
11,17,0,10,5
11,17,0,10,9
11,17,0,10,8
11,17,0,10,8
11,17,0,10,3
11,17,1,7,17
11,17,0,10,5
11,17,0,10,5
11,17,0,10,12
11,17,1,8,17
11,17,1,9,17
11,17,1,9,17
11,17,1,7,17
11,17,0,10,9
11,17,0,10,14
11,17,0,10,12
11,17,0,10,2
11,17,0,10,7
11,17,0,10,14
11,17,0,10,8
11,17,0,10,11
11,17,0,10,4
11,17,0,10,14
11,17,0,10,8
11,17,0,10,11
11,17,0,10,8
11,17,0,10,14
11,17,0,10,8
11,17,0,10,5
11,17,0,10,8
11,17,0,10,5
11,17,1,7,17
11,17,0,10,10
11,17,0,10,9
11,17,0,10,8
11,17,0,10,12
11,17,0,10,12
11,17,1,7,17
11,17,1,7,17
11,17,0,10,10
11,17,1,7,17
11,17,0,10,9
11,17,0,10,9
11,17,0,10,8
11,17,0,10,14
11,17,1,8,17
11,17,0,10,12
11,17,0,10,7
11,17,0,10,14
11,17,1,8,17
11,17,1,4,17
11,17,1,7,17
11,17,0,10,7
11,17,0,10,12
11,17,0,10,6
11,17,0,10,8
11,17,0,10,12
11,17,0,10,8
11,17,0,10,11
11,17,1,3,17
11,17,0,10,1
11,17,0,10,11
11,17,0,10,7
11,17,1,8,17
11,17,0,10,13
11,17,0,10,9
11,17,0,10,11
11,17,1,8,17
11,17,0,10,9
11,17,0,10,11
11,17,0,10,8
11,17,1,8,17
11,17,0,10,8
11,17,0,10,5
11,18,0,10,8
11,18,0,10,16
11,18,0,10,10
11,18,0,10,5
11,18,0,10,7
11,18,0,10,8
11,18,0,10,10
11,18,0,10,13
11,18,0,10,16
11,18,0,10,9
11,18,0,10,4
11,18,0,10,8
11,18,0,10,11
11,18,0,10,7
11,18,0,10,10
11,18,0,10,4
11,18,0,10,3
11,18,0,10,8
11,18,0,10,16
11,18,0,10,2
11,18,1,7,18
11,18,0,10,10
11,18,1,9,18
11,18,0,10,13
11,18,0,10,10
11,18,0,10,10
11,18,0,10,9
11,18,0,10,11
11,18,0,10,6
11,18,0,10,9
11,18,0,10,17
11,18,1,9,18
11,18,0,10,4
11,18,0,10,11
11,18,0,10,7
11,18,1,7,18
11,18,0,10,14
11,18,0,10,13
11,18,0,10,9
11,18,0,10,11
11,18,0,10,6
11,18,0,10,10
11,18,1,4,18
11,18,0,10,13
11,18,0,10,10
11,18,0,10,7
11,18,0,10,10
11,18,0,10,2
11,18,0,10,7
11,18,0,10,17
11,18,0,10,8
11,18,0,10,2
11,18,0,10,12
11,18,0,10,16
11,18,0,10,7
11,18,0,10,4
11,18,0,10,8
11,18,0,10,16
11,18,0,10,16
11,18,0,10,13
11,18,0,10,12
11,18,0,10,10
11,18,0,10,1
11,18,0,10,11
11,18,0,10,11
11,18,1,4,18
11,18,0,10,11
11,18,0,10,10
11,18,0,10,15
11,18,0,10,5
11,18,0,10,8
11,18,0,10,12
11,18,0,10,14
11,18,0,10,8
11,18,0,10,12
11,18,0,10,6
11,18,0,10,3
11,18,0,10,16
11,18,1,5,18
11,18,0,10,14
11,18,0,10,7
11,18,0,10,14
11,18,0,10,7
11,18,0,10,13
11,18,0,10,15
11,18,0,10,7
11,18,0,10,8
11,18,0,10,6
11,18,0,10,16
11,18,0,10,4
11,18,0,10,8
11,18,0,10,4
11,18,0,10,1
11,18,0,10,10
11,18,0,10,1
11,18,0,10,4
11,18,0,10,11
11,18,0,10,16
11,18,0,10,2
11,18,0,10,6
11,19,0,10,7
11,19,0,10,13
11,19,0,10,8
11,19,0,10,5
11,19,0,10,7
11,19,0,10,12
11,19,0,10,3
11,19,0,10,12
11,19,0,10,11
11,19,0,10,4
11,19,1,8,19
11,19,0,10,7
11,19,0,10,5
11,19,0,10,9
11,19,0,10,8
11,19,1,7,19
11,19,0,10,2
11,19,0,10,13
11,19,0,10,10
11,19,0,10,16
11,19,0,10,4
11,19,0,10,8
11,19,0,10,8
11,19,0,10,4
11,19,0,10,14
11,19,0,10,8
11,19,0,10,11
11,19,0,10,7
11,19,0,10,9
11,19,0,10,14
11,19,0,10,8
11,19,0,10,14
11,19,0,10,5
11,19,0,10,1
11,19,0,10,14
11,19,1,6,19
11,19,0,10,13
11,19,0,10,5
11,19,0,10,5
11,19,0,10,6
11,19,0,10,1
11,19,0,10,17
11,19,0,10,11
11,19,0,10,17
11,19,0,10,18
11,19,0,10,7
11,19,0,10,12
11,19,0,10,6
11,19,0,10,3
11,19,0,10,5
11,19,0,10,7
11,19,0,10,8
11,19,0,10,9
11,19,0,10,6
11,19,0,10,5
11,19,0,10,7
11,19,1,5,19
11,19,0,10,16
11,19,0,10,9
11,19,0,10,16
11,19,0,10,12
11,19,0,10,15
11,19,0,10,10
11,19,0,10,6
11,19,0,10,11
11,19,0,10,12
11,19,0,10,8
11,19,0,10,6
11,19,0,10,4
11,19,0,10,11
11,19,0,10,5
11,19,0,10,1
11,19,0,10,8
11,19,0,10,11
11,19,0,10,15
11,19,0,10,9
11,19,0,10,16
11,19,0,10,14
11,19,1,5,19
11,19,0,10,6
11,19,0,10,16
11,19,0,10,4
11,19,0,10,12
11,19,0,10,10
11,19,0,10,2
11,19,0,10,6
11,19,0,10,7
11,19,1,7,19
11,19,0,10,5
11,19,1,5,19
11,19,0,10,11
11,19,0,10,14
11,19,0,10,10
11,19,0,10,15
11,19,0,10,16
11,19,0,10,15
11,19,0,10,1
11,19,0,10,11
11,19,1,7,19
11,19,0,10,17
11,20,1,7,20
11,20,0,10,15
11,20,0,10,8
11,20,0,10,8
11,20,0,10,10
11,20,0,10,10
11,20,0,10,13
11,20,0,10,17
11,20,0,10,14
11,20,0,10,8
11,20,0,10,2
11,20,0,10,8
11,20,0,10,8
11,20,0,10,18
11,20,0,10,11
11,20,0,10,2
11,20,0,10,8
11,20,0,10,18
11,20,0,10,2
11,20,0,10,18
11,20,0,10,11
11,20,0,10,13
11,20,0,10,9
11,20,0,10,2
11,20,1,8,20
11,20,0,10,14
11,20,1,8,20
11,20,0,10,15
11,20,0,10,5
11,20,0,10,11
11,20,0,10,9
11,20,0,10,6
11,20,0,10,12
11,20,1,9,20
11,20,0,10,9
11,20,0,10,14
11,20,0,10,11
11,20,0,10,15
11,20,0,10,6
11,20,0,10,16
11,20,0,10,9
11,20,0,10,7
11,20,0,10,5
11,20,0,10,5
11,20,0,10,13
11,20,0,10,7
11,20,0,10,4
11,20,0,10,9
11,20,0,10,12
11,20,0,10,1
11,20,1,8,20
11,20,0,10,2
11,20,0,10,6
11,20,0,10,13
11,20,0,10,4
11,20,0,10,12
11,20,0,10,6
11,20,0,10,8
11,20,0,10,9
11,20,0,10,9
11,20,0,10,7
11,20,0,10,8
11,20,0,10,12
11,20,0,10,12
11,20,0,10,3
11,20,0,10,5
11,20,0,10,11
11,20,0,10,12
11,20,0,10,16
11,20,0,10,11
11,20,0,10,11
11,20,0,10,12
11,20,0,10,8
11,20,0,10,7
11,20,0,10,17
11,20,0,10,7
11,20,0,10,14
11,20,0,10,2
11,20,0,10,9
11,20,0,10,8
11,20,0,10,15
11,20,0,10,9
11,20,0,10,3
11,20,0,10,18
11,20,0,10,5
11,20,0,10,4
11,20,0,10,12
11,20,0,10,18
11,20,0,10,15
11,20,0,10,8
11,20,1,5,20
11,20,1,7,20
11,20,0,10,9
11,20,0,10,16
11,20,1,7,20
11,20,0,10,12
11,20,0,10,17
11,20,0,10,5
11,20,0,10,6
11,20,0,10,11
12,1,1,1,1
12,1,1,1,1
12,1,1,0,1
12,1,1,0,1
12,1,1,0,1
12,1,1,1,1
12,1,1,0,1
12,1,1,0,1
12,1,1,1,1
12,1,1,1,1
12,1,1,2,1
12,1,1,0,1
12,1,1,0,1
12,1,1,2,1
12,1,1,1,1
12,1,1,1,1
12,1,1,0,1
12,1,1,0,1
12,1,1,2,1
12,1,1,0,1
12,1,1,0,1
12,1,1,0,1
12,1,1,0,1
12,1,1,1,1
12,1,1,0,1
12,1,1,0,1
12,1,1,0,1
12,1,1,0,1
12,1,1,4,1
12,1,1,1,1
12,1,1,1,1
12,1,1,3,1
12,1,1,0,1
12,1,1,0,1
12,1,1,1,1
12,1,1,2,1
12,1,1,0,1
12,1,1,0,1
12,1,1,0,1
12,1,1,0,1
12,1,1,0,1
12,1,1,1,1
12,1,1,0,1
12,1,1,0,1
12,1,1,0,1
12,1,1,0,1
12,1,1,1,1
12,1,1,0,1
12,1,1,1,1
12,1,1,0,1
12,1,1,0,1
12,1,1,1,1
12,1,1,0,1
12,1,1,0,1
12,1,1,0,1
12,1,1,1,1
12,1,1,0,1
12,1,1,1,1
12,1,1,0,1
12,1,1,0,1
12,1,1,0,1
12,1,1,0,1
12,1,1,0,1
12,1,1,0,1
12,1,1,0,1
12,1,1,0,1
12,1,1,0,1
12,1,1,0,1
12,1,1,0,1
12,1,1,0,1
12,1,1,0,1
12,1,1,0,1
12,1,1,0,1
12,1,1,1,1
12,1,1,2,1
12,1,1,0,1
12,1,1,0,1
12,1,1,0,1
12,1,1,2,1
12,1,1,0,1
12,1,1,1,1
12,1,1,0,1
12,1,1,0,1
12,1,1,0,1
12,1,1,1,1
12,1,1,0,1
12,1,1,0,1
12,1,1,0,1
12,1,1,1,1
12,1,1,0,1
12,1,1,1,1
12,1,1,0,1
12,1,1,1,1
12,1,1,0,1
12,1,1,0,1
12,1,1,0,1
12,1,1,0,1
12,1,1,1,1
12,1,1,0,1
12,1,1,1,1
12,2,1,2,2
12,2,1,3,2
12,2,1,2,2
12,2,1,2,2
12,2,1,0,2
12,2,1,0,2
12,2,1,5,2
12,2,1,0,2
12,2,1,5,2
12,2,1,2,2
12,2,1,6,2
12,2,1,4,2
12,2,1,4,2
12,2,1,4,2
12,2,1,0,2
12,2,1,1,2
12,2,1,1,2
12,2,1,1,2
12,2,1,0,2
12,2,1,0,2
12,2,1,0,2
12,2,1,1,2
12,2,1,3,2
12,2,1,2,2
12,2,1,0,2
12,2,1,1,2
12,2,1,0,2
12,2,1,1,2
12,2,1,2,2
12,2,1,3,2
12,2,1,0,2
12,2,1,7,2
12,2,1,4,2
12,2,1,0,2
12,2,1,3,2
12,2,1,0,2
12,2,1,4,2
12,2,1,0,2
12,2,1,3,2
12,2,1,2,2
12,2,1,0,2
12,2,1,0,2
12,2,1,1,2
12,2,1,1,2
12,2,1,1,2
12,2,1,1,2
12,2,1,2,2
12,2,1,0,2
12,2,1,1,2
12,2,1,0,2
12,2,1,3,2
12,2,1,8,2
12,2,1,2,2
12,2,1,1,2
12,2,1,0,2
12,2,1,4,2
12,2,1,2,2
12,2,1,5,2
12,2,1,0,2
12,2,1,0,2
12,2,1,0,2
12,2,1,1,2
12,2,1,2,2
12,2,1,5,2
12,2,1,0,2
12,2,1,3,2
12,2,1,3,2
12,2,1,3,2
12,2,1,1,2
12,2,1,2,2
12,2,1,4,2
12,2,1,0,2
12,2,1,4,2
12,2,1,2,2
12,2,1,2,2
12,2,1,1,2
12,2,1,1,2
12,2,1,1,2
12,2,1,0,2
12,2,1,4,2
12,2,1,1,2
12,2,1,0,2
12,2,1,3,2
12,2,1,4,2
12,2,1,0,2
12,2,1,1,2
12,2,1,1,2
12,2,1,1,2
12,2,1,5,2
12,2,1,3,2
12,2,1,0,2
12,2,1,3,2
12,2,1,5,2
12,2,1,0,2
12,2,1,0,2
12,2,1,1,2
12,2,1,2,2
12,2,1,0,2
12,2,1,0,2
12,2,1,1,2
12,3,1,0,3
12,3,1,1,3
12,3,1,2,3
12,3,1,1,3
12,3,1,2,3
12,3,1,4,3
12,3,1,0,3
12,3,1,0,3
12,3,1,0,3
12,3,1,4,3
12,3,1,0,3
12,3,1,4,3
12,3,1,2,3
12,3,1,1,3
12,3,1,3,3
12,3,1,1,3
12,3,1,2,3
12,3,1,2,3
12,3,1,1,3
12,3,1,1,3
12,3,1,0,3
12,3,1,1,3
12,3,1,2,3
12,3,1,6,3
12,3,1,2,3
12,3,1,1,3
12,3,1,7,3
12,3,1,1,3
12,3,1,3,3
12,3,1,4,3
12,3,1,0,3
12,3,1,0,3
12,3,1,0,3
12,3,1,0,3
12,3,1,1,3
12,3,1,4,3
12,3,1,4,3
12,3,1,4,3
12,3,1,2,3
12,3,1,3,3
12,3,1,0,3
12,3,1,0,3
12,3,1,0,3
12,3,1,2,3
12,3,1,3,3
12,3,1,6,3
12,3,1,4,3
12,3,1,0,3
12,3,1,3,3
12,3,1,0,3
12,3,1,7,3
12,3,1,0,3
12,3,1,0,3
12,3,1,4,3
12,3,1,2,3
12,3,1,2,3
12,3,1,1,3
12,3,1,0,3
12,3,1,1,3
12,3,1,2,3
12,3,1,0,3
12,3,1,5,3
12,3,1,0,3
12,3,1,4,3
12,3,1,0,3
12,3,1,2,3
12,3,1,0,3
12,3,1,0,3
12,3,1,4,3
12,3,1,0,3
12,3,1,1,3
12,3,1,1,3
12,3,1,3,3
12,3,1,6,3
12,3,1,1,3
12,3,1,0,3
12,3,1,3,3
12,3,1,0,3
12,3,1,1,3
12,3,1,8,3
12,3,1,2,3
12,3,1,2,3
12,3,1,2,3
12,3,1,1,3
12,3,1,2,3
12,3,1,1,3
12,3,1,0,3
12,3,1,2,3
12,3,1,3,3
12,3,1,3,3
12,3,1,2,3
12,3,1,2,3
12,3,1,1,3
12,3,1,3,3
12,3,1,0,3
12,3,1,2,3
12,3,1,5,3
12,3,1,5,3
12,3,1,4,3
12,3,1,2,3
12,4,1,1,4
12,4,1,4,4
12,4,1,3,4
12,4,1,5,4
12,4,1,5,4
12,4,1,2,4
12,4,1,2,4
12,4,1,1,4
12,4,1,4,4
12,4,1,2,4
12,4,1,3,4
12,4,1,5,4
12,4,1,6,4
12,4,1,2,4
12,4,1,0,4
12,4,1,2,4
12,4,1,1,4
12,4,1,2,4
12,4,1,0,4
12,4,1,1,4
12,4,1,4,4
12,4,1,4,4
12,4,1,1,4
12,4,1,4,4
12,4,1,2,4
12,4,1,2,4
12,4,1,0,4
12,4,1,0,4
12,4,1,2,4
12,4,1,0,4
12,4,1,3,4
12,4,1,2,4
12,4,1,0,4
12,4,1,4,4
12,4,1,2,4
12,4,1,0,4
12,4,1,1,4
12,4,1,1,4
12,4,1,5,4
12,4,1,3,4
12,4,1,4,4
12,4,1,1,4
12,4,1,0,4
12,4,1,2,4
12,4,1,2,4
12,4,1,2,4
12,4,1,1,4
12,4,1,1,4
12,4,1,6,4
12,4,1,0,4
12,4,1,7,4
12,4,1,7,4
12,4,1,0,4
12,4,1,2,4
12,4,1,4,4
12,4,1,3,4
12,4,1,0,4
12,4,1,4,4
12,4,1,2,4
12,4,1,4,4
12,4,1,9,4
12,4,1,0,4
12,4,1,1,4
12,4,1,1,4
12,4,1,1,4
12,4,1,1,4
12,4,1,3,4
12,4,1,1,4
12,4,1,1,4
12,4,1,2,4
12,4,1,3,4
12,4,1,1,4
12,4,1,0,4
12,4,1,0,4
12,4,1,4,4
12,4,1,0,4
12,4,1,1,4
12,4,1,2,4
12,4,1,3,4
12,4,1,3,4
12,4,1,0,4
12,4,1,2,4
12,4,1,4,4
12,4,1,10,4
12,4,1,4,4
12,4,1,0,4
12,4,1,0,4
12,4,1,0,4
12,4,1,3,4
12,4,1,3,4
12,4,1,0,4
12,4,1,6,4
12,4,1,0,4
12,4,1,1,4
12,4,1,5,4
12,4,1,0,4
12,4,1,1,4
12,4,1,4,4
12,4,1,6,4
12,4,1,2,4
12,5,1,1,5
12,5,1,8,5
12,5,1,3,5
12,5,1,8,5
12,5,1,1,5
12,5,1,1,5
12,5,1,3,5
12,5,1,8,5
12,5,1,5,5
12,5,1,4,5
12,5,1,2,5
12,5,1,9,5
12,5,1,2,5
12,5,1,0,5
12,5,1,0,5
12,5,1,2,5
12,5,1,4,5
12,5,1,4,5
12,5,1,3,5
12,5,0,11,3
12,5,1,1,5
12,5,0,11,3
12,5,1,3,5
12,5,1,5,5
12,5,1,0,5
12,5,1,1,5
12,5,1,0,5
12,5,1,2,5
12,5,1,2,5
12,5,1,0,5
12,5,1,1,5
12,5,1,5,5
12,5,1,2,5
12,5,1,2,5
12,5,1,0,5
12,5,1,7,5
12,5,1,0,5
12,5,1,5,5
12,5,1,2,5
12,5,1,4,5
12,5,1,7,5
12,5,1,1,5
12,5,1,1,5
12,5,1,6,5
12,5,1,6,5
12,5,1,2,5
12,5,1,2,5
12,5,1,4,5
12,5,1,1,5
12,5,1,2,5
12,5,1,4,5
12,5,1,1,5
12,5,1,1,5
12,5,1,7,5
12,5,1,2,5
12,5,1,2,5
12,5,1,7,5
12,5,1,3,5
12,5,1,2,5
12,5,1,5,5
12,5,1,2,5
12,5,1,5,5
12,5,1,4,5
12,5,1,0,5
12,5,1,3,5
12,5,1,4,5
12,5,1,5,5
12,5,1,1,5
12,5,1,4,5
12,5,1,2,5
12,5,1,5,5
12,5,1,1,5
12,5,1,4,5
12,5,1,5,5
12,5,1,8,5
12,5,1,4,5
12,5,1,7,5
12,5,1,5,5
12,5,1,6,5
12,5,1,3,5
12,5,1,1,5
12,5,1,2,5
12,5,1,3,5
12,5,1,2,5
12,5,1,2,5
12,5,1,6,5
12,5,1,0,5
12,5,1,1,5
12,5,1,2,5
12,5,1,0,5
12,5,1,4,5
12,5,1,6,5
12,5,1,4,5
12,5,1,5,5
12,5,1,2,5
12,5,1,2,5
12,5,1,3,5
12,5,1,3,5
12,5,1,5,5
12,5,1,6,5
12,6,1,3,6
12,6,1,2,6
12,6,1,2,6
12,6,1,7,6
12,6,1,7,6
12,6,1,10,6
12,6,1,7,6
12,6,1,1,6
12,6,1,5,6
12,6,1,4,6
12,6,1,5,6
12,6,1,6,6
12,6,1,1,6
12,6,1,4,6
12,6,1,2,6
12,6,1,1,6
12,6,1,2,6
12,6,1,2,6
12,6,0,11,5
12,6,1,4,6
12,6,0,11,4
12,6,1,4,6
12,6,1,5,6
12,6,1,3,6
12,6,1,5,6
12,6,1,3,6
12,6,1,4,6
12,6,0,11,4
12,6,1,4,6
12,6,1,2,6
12,6,1,0,6
12,6,1,1,6
12,6,1,0,6
12,6,1,8,6
12,6,1,7,6
12,6,1,8,6
12,6,0,11,5
12,6,1,2,6
12,6,1,5,6
12,6,1,4,6
12,6,0,11,4
12,6,1,3,6
12,6,1,5,6
12,6,1,0,6
12,6,1,1,6
12,6,1,5,6
12,6,1,8,6
12,6,1,1,6
12,6,0,11,3
12,6,1,2,6
12,6,1,9,6
12,6,1,9,6
12,6,1,6,6
12,6,1,4,6
12,6,1,9,6
12,6,1,2,6
12,6,1,6,6
12,6,1,3,6
12,6,1,0,6
12,6,1,3,6
12,6,1,2,6
12,6,0,11,3
12,6,1,4,6
12,6,1,9,6
12,6,1,2,6
12,6,1,2,6
12,6,1,8,6
12,6,1,4,6
12,6,1,0,6
12,6,1,2,6
12,6,1,2,6
12,6,1,2,6
12,6,1,3,6
12,6,1,6,6
12,6,1,2,6
12,6,1,7,6
12,6,0,11,1
12,6,1,3,6
12,6,1,6,6
12,6,1,0,6
12,6,0,11,4
12,6,0,11,4
12,6,1,6,6
12,6,1,1,6
12,6,1,7,6
12,6,1,5,6
12,6,1,9,6
12,6,1,9,6
12,6,1,5,6
12,6,1,8,6
12,6,1,6,6
12,6,1,9,6
12,6,1,2,6
12,6,1,6,6
12,6,1,0,6
12,6,1,5,6
12,6,1,5,6
12,6,1,3,6
12,6,1,8,6
12,6,1,2,6
12,7,1,4,7
12,7,0,11,5
12,7,1,5,7
12,7,1,9,7
12,7,1,4,7
12,7,1,9,7
12,7,1,1,7
12,7,1,6,7
12,7,1,0,7
12,7,1,7,7
12,7,1,5,7
12,7,1,6,7
12,7,1,2,7
12,7,1,3,7
12,7,1,3,7
12,7,1,4,7
12,7,1,7,7
12,7,1,3,7
12,7,0,11,5
12,7,1,4,7
12,7,1,5,7
12,7,1,7,7
12,7,1,6,7
12,7,1,3,7
12,7,0,11,5
12,7,1,5,7
12,7,1,6,7
12,7,1,3,7
12,7,1,2,7
12,7,1,5,7
12,7,0,11,1
12,7,1,0,7
12,7,1,3,7
12,7,0,11,6
12,7,1,9,7
12,7,1,6,7
12,7,1,4,7
12,7,1,7,7
12,7,1,4,7
12,7,1,7,7
12,7,1,7,7
12,7,0,11,4
12,7,1,7,7
12,7,1,2,7
12,7,1,3,7
12,7,1,7,7
12,7,1,0,7
12,7,1,7,7
12,7,1,3,7
12,7,1,1,7
12,7,1,7,7
12,7,1,3,7
12,7,1,8,7
12,7,0,11,5
12,7,1,5,7
12,7,1,3,7
12,7,1,2,7
12,7,1,9,7
12,7,1,3,7
12,7,1,3,7
12,7,0,11,1
12,7,1,3,7
12,7,1,3,7
12,7,0,11,4
12,7,1,3,7
12,7,1,1,7
12,7,1,3,7
12,7,1,1,7
12,7,1,4,7
12,7,1,7,7
12,7,1,3,7
12,7,1,4,7
12,7,0,11,2
12,7,0,11,4
12,7,1,3,7
12,7,1,1,7
12,7,0,11,5
12,7,1,6,7
12,7,1,1,7
12,7,1,10,7
12,7,1,6,7
12,7,1,5,7
12,7,1,8,7
12,7,1,5,7
12,7,1,6,7
12,7,1,5,7
12,7,1,4,7
12,7,1,2,7
12,7,1,6,7
12,7,1,8,7
12,7,1,4,7
12,7,0,11,4
12,7,1,8,7
12,7,1,7,7
12,7,0,11,2
12,7,1,2,7
12,7,1,2,7
12,7,1,4,7
12,7,1,7,7
12,7,1,1,7
12,8,1,3,8
12,8,1,5,8
12,8,0,11,6
12,8,1,5,8
12,8,0,11,6
12,8,0,11,6
12,8,0,11,6
12,8,1,3,8
12,8,1,5,8
12,8,1,1,8
12,8,0,11,6
12,8,0,11,5
12,8,1,5,8
12,8,1,6,8
12,8,1,5,8
12,8,0,11,3
12,8,0,11,4
12,8,0,11,7
12,8,1,3,8
12,8,1,10,8
12,8,1,6,8
12,8,0,11,7
12,8,1,4,8
12,8,1,5,8
12,8,1,6,8
12,8,1,1,8
12,8,1,0,8
12,8,1,5,8
12,8,1,7,8
12,8,1,4,8
12,8,1,4,8
12,8,0,11,2
12,8,1,5,8
12,8,1,9,8
12,8,0,11,6
12,8,0,11,4
12,8,1,2,8
12,8,1,2,8
12,8,1,8,8
12,8,1,1,8
12,8,0,11,3
12,8,1,3,8
12,8,0,11,7
12,8,1,1,8
12,8,1,5,8
12,8,1,1,8
12,8,1,7,8
12,8,1,9,8
12,8,1,5,8
12,8,1,6,8
12,8,1,2,8
12,8,1,9,8
12,8,1,2,8
12,8,1,8,8
12,8,0,11,6
12,8,1,3,8
12,8,0,11,5
12,8,1,5,8
12,8,1,9,8
12,8,1,3,8
12,8,1,7,8
12,8,1,5,8
12,8,1,8,8
12,8,1,8,8
12,8,1,3,8
12,8,0,11,6
12,8,1,2,8
12,8,1,7,8
12,8,1,1,8
12,8,1,5,8
12,8,1,2,8
12,8,1,6,8
12,8,1,7,8
12,8,1,5,8
12,8,1,1,8
12,8,1,5,8
12,8,1,5,8
12,8,1,2,8
12,8,1,8,8
12,8,1,7,8
12,8,1,6,8
12,8,1,3,8
12,8,1,4,8
12,8,0,11,7
12,8,1,9,8
12,8,1,9,8
12,8,0,11,7
12,8,1,1,8
12,8,1,2,8
12,8,1,7,8
12,8,0,11,6
12,8,1,1,8
12,8,1,6,8
12,8,1,4,8
12,8,1,3,8
12,8,1,6,8
12,8,1,7,8
12,8,0,11,4
12,8,0,11,5
12,8,1,4,8
12,9,0,11,2
12,9,0,11,4
12,9,1,3,9
12,9,1,4,9
12,9,1,1,9
12,9,1,7,9
12,9,0,11,7
12,9,1,2,9
12,9,1,5,9
12,9,0,11,6
12,9,0,11,8
12,9,1,1,9
12,9,1,5,9
12,9,1,6,9
12,9,1,8,9
12,9,0,11,3
12,9,0,11,3
12,9,1,5,9
12,9,1,8,9
12,9,0,11,4
12,9,0,11,7
12,9,1,8,9
12,9,1,3,9
12,9,1,1,9
12,9,1,4,9
12,9,1,7,9
12,9,1,4,9
12,9,0,11,7
12,9,0,11,5
12,9,0,11,7
12,9,1,7,9
12,9,1,6,9
12,9,1,3,9
12,9,1,10,9
12,9,1,5,9
12,9,1,5,9
12,9,1,4,9
12,9,1,8,9
12,9,1,5,9
12,9,0,11,4
12,9,1,3,9
12,9,1,8,9
12,9,1,3,9
12,9,1,6,9
12,9,1,7,9
12,9,1,2,9
12,9,1,10,9
12,9,1,3,9
12,9,1,6,9
12,9,1,8,9
12,9,1,0,9
12,9,0,11,8
12,9,1,5,9
12,9,1,7,9
12,9,1,6,9
12,9,1,7,9
12,9,1,7,9
12,9,1,7,9
12,9,1,2,9
12,9,1,7,9
12,9,0,11,6
12,9,0,11,4
12,9,0,11,5
12,9,0,11,6
12,9,1,6,9
12,9,1,3,9
12,9,1,10,9
12,9,1,5,9
12,9,1,9,9
12,9,1,5,9
12,9,1,6,9
12,9,1,2,9
12,9,1,5,9
12,9,1,8,9
12,9,1,5,9
12,9,1,4,9
12,9,1,6,9
12,9,1,6,9
12,9,0,11,7
12,9,1,4,9
12,9,1,8,9
12,9,1,4,9
12,9,1,5,9
12,9,1,6,9
12,9,0,11,2
12,9,0,11,4
12,9,1,7,9
12,9,0,11,5
12,9,1,4,9
12,9,1,5,9
12,9,1,5,9
12,9,1,2,9
12,9,0,11,8
12,9,1,6,9
12,9,1,2,9
12,9,1,9,9
12,9,1,4,9
12,9,1,5,9
12,9,1,10,9
12,9,0,11,5
12,10,1,6,10
12,10,1,4,10
12,10,0,11,7
12,10,0,11,8
12,10,1,7,10
12,10,1,5,10
12,10,0,11,9
12,10,1,6,10
12,10,1,9,10
12,10,1,5,10
12,10,1,8,10
12,10,0,11,6
12,10,1,7,10
12,10,1,3,10
12,10,0,11,7
12,10,0,11,5
12,10,0,11,5
12,10,1,2,10
12,10,1,5,10
12,10,1,10,10
12,10,1,3,10
12,10,1,5,10
12,10,0,11,6
12,10,1,5,10
12,10,1,4,10
12,10,1,2,10
12,10,0,11,7
12,10,1,6,10
12,10,1,8,10
12,10,1,9,10
12,10,1,4,10
12,10,1,6,10
12,10,1,3,10
12,10,1,6,10
12,10,1,4,10
12,10,1,8,10
12,10,1,3,10
12,10,0,11,9
12,10,0,11,8
12,10,0,11,7
12,10,0,11,4
12,10,1,3,10
12,10,1,5,10
12,10,0,11,6
12,10,0,11,8
12,10,0,11,7
12,10,0,11,4
12,10,1,3,10
12,10,1,10,10
12,10,1,8,10
12,10,1,8,10
12,10,0,11,7
12,10,1,8,10
12,10,1,4,10
12,10,1,9,10
12,10,1,6,10
12,10,1,7,10
12,10,0,11,6
12,10,1,2,10
12,10,1,8,10
12,10,1,8,10
12,10,1,8,10
12,10,1,7,10
12,10,0,11,5
12,10,0,11,7
12,10,1,10,10
12,10,0,11,8
12,10,0,11,2
12,10,0,11,1
12,10,1,10,10
12,10,1,7,10
12,10,0,11,6
12,10,1,9,10
12,10,1,4,10
12,10,1,6,10
12,10,0,11,6
12,10,1,4,10
12,10,1,3,10
12,10,1,5,10
12,10,1,7,10
12,10,0,11,6
12,10,1,7,10
12,10,0,11,1
12,10,0,11,9
12,10,0,11,7
12,10,1,3,10
12,10,0,11,4
12,10,1,7,10
12,10,0,11,8
12,10,1,9,10
12,10,0,11,2
12,10,1,6,10
12,10,0,11,8
12,10,1,5,10
12,10,1,9,10
12,10,1,2,10
12,10,0,11,7
12,10,1,7,10
12,10,1,6,10
12,10,1,7,10
12,11,1,6,11
12,11,0,11,9
12,11,0,11,7
12,11,0,11,3
12,11,1,5,11
12,11,1,6,11
12,11,1,6,11
12,11,0,11,7
12,11,1,9,11
12,11,0,11,8
12,11,0,11,8
12,11,1,8,11
12,11,1,2,11
12,11,0,11,3
12,11,1,7,11
12,11,1,7,11
12,11,1,8,11
12,11,1,10,11
12,11,1,8,11
12,11,0,11,5
12,11,0,11,4
12,11,1,4,11
12,11,0,11,10
12,11,1,7,11
12,11,0,11,8
12,11,1,10,11
12,11,1,6,11
12,11,0,11,4
12,11,0,11,6
12,11,0,11,4
12,11,0,11,10
12,11,1,8,11
12,11,0,11,9
12,11,0,11,5
12,11,0,11,5
12,11,1,4,11
12,11,0,11,7
12,11,0,11,5
12,11,0,11,7
12,11,0,11,9
12,11,1,5,11
12,11,1,6,11
12,11,0,11,10
12,11,1,8,11
12,11,1,6,11
12,11,1,5,11
12,11,1,5,11
12,11,1,4,11
12,11,0,11,8
12,11,1,5,11
12,11,1,4,11
12,11,1,8,11
12,11,0,11,9
12,11,0,11,6
12,11,0,11,8
12,11,0,11,5
12,11,0,11,6
12,11,0,11,6
12,11,0,11,9
12,11,1,1,11
12,11,0,11,7
12,11,1,10,11
12,11,1,9,11
12,11,1,10,11
12,11,1,4,11
12,11,1,3,11
12,11,0,11,10
12,11,0,11,4
12,11,1,8,11
12,11,1,4,11
12,11,0,11,3
12,11,1,2,11
12,11,1,4,11
12,11,1,7,11
12,11,0,11,7
12,11,0,11,6
12,11,0,11,8
12,11,1,3,11
12,11,0,11,5
12,11,0,11,8
12,11,1,7,11
12,11,0,11,1
12,11,1,4,11
12,11,1,7,11
12,11,0,11,7
12,11,0,11,6
12,11,0,11,8
12,11,1,6,11
12,11,1,7,11
12,11,0,11,6
12,11,1,5,11
12,11,1,3,11
12,11,1,8,11
12,11,0,11,5
12,11,1,5,11
12,11,1,7,11
12,11,1,6,11
12,11,1,8,11
12,11,0,11,6
12,11,1,4,11
12,12,0,11,4
12,12,1,9,12
12,12,0,11,9
12,12,0,11,8
12,12,1,4,12
12,12,0,11,4
12,12,0,11,7
12,12,0,11,6
12,12,1,9,12
12,12,0,11,9
12,12,0,11,7
12,12,0,11,10
12,12,0,11,6
12,12,0,11,5
12,12,0,11,6
12,12,0,11,9
12,12,0,11,10
12,12,1,7,12
12,12,0,11,4
12,12,0,11,10
12,12,1,6,12
12,12,1,3,12
12,12,1,8,12
12,12,1,3,12
12,12,0,11,5
12,12,1,4,12
12,12,0,11,7
12,12,0,11,9
12,12,1,8,12
12,12,0,11,8
12,12,1,7,12
12,12,1,2,12
12,12,1,8,12
12,12,0,11,10
12,12,1,9,12
12,12,0,11,11
12,12,1,5,12
12,12,1,7,12
12,12,1,7,12
12,12,1,8,12
12,12,0,11,8
12,12,1,9,12
12,12,0,11,10
12,12,1,6,12
12,12,1,4,12
12,12,1,7,12
12,12,0,11,4
12,12,1,6,12
12,12,0,11,5
12,12,0,11,8
12,12,1,6,12
12,12,0,11,5
12,12,1,6,12
12,12,1,8,12
12,12,1,6,12
12,12,1,5,12
12,12,0,11,5
12,12,1,9,12
12,12,1,8,12
12,12,1,6,12
12,12,0,11,10
12,12,0,11,9
12,12,0,11,9
12,12,1,7,12
12,12,1,3,12
12,12,1,6,12
12,12,0,11,9
12,12,0,11,5
12,12,0,11,8
12,12,0,11,7
12,12,1,9,12
12,12,1,8,12
12,12,0,11,9
12,12,0,11,9
12,12,1,7,12
12,12,1,9,12
12,12,1,8,12
12,12,1,6,12
12,12,0,11,5
12,12,0,11,9
12,12,1,7,12
12,12,1,5,12
12,12,1,8,12
12,12,1,8,12
12,12,1,6,12
12,12,1,2,12
12,12,1,7,12
12,12,0,11,3
12,12,0,11,1
12,12,1,6,12
12,12,0,11,4
12,12,1,7,12
12,12,1,4,12
12,12,0,11,11
12,12,0,11,7
12,12,0,11,8
12,12,1,8,12
12,12,1,7,12
12,12,1,6,12
12,12,0,11,8
12,13,0,11,5
12,13,1,1,13
12,13,0,11,7
12,13,0,11,8
12,13,1,3,13
12,13,1,7,13
12,13,0,11,6
12,13,0,11,8
12,13,0,11,11
12,13,0,11,11
12,13,0,11,9
12,13,0,11,8
12,13,0,11,6
12,13,0,11,8
12,13,1,9,13
12,13,1,6,13
12,13,0,11,3
12,13,0,11,11
12,13,0,11,12
12,13,0,11,10
12,13,0,11,6
12,13,0,11,10
12,13,1,7,13
12,13,1,7,13
12,13,0,11,10
12,13,0,11,8
12,13,0,11,6
12,13,0,11,7
12,13,0,11,11
12,13,0,11,9
12,13,0,11,6
12,13,0,11,8
12,13,0,11,10
12,13,0,11,6
12,13,1,7,13
12,13,0,11,6
12,13,0,11,7
12,13,0,11,4
12,13,1,6,13
12,13,0,11,7
12,13,0,11,6
12,13,1,9,13
12,13,0,11,9
12,13,0,11,5
12,13,1,9,13
12,13,1,3,13
12,13,1,6,13
12,13,1,3,13
12,13,1,7,13
12,13,0,11,7
12,13,1,3,13
12,13,0,11,11
12,13,0,11,12
12,13,1,8,13
12,13,1,7,13
12,13,0,11,5
12,13,1,6,13
12,13,0,11,11
12,13,0,11,10
12,13,0,11,11
12,13,0,11,8
12,13,1,6,13
12,13,1,9,13
12,13,0,11,9
12,13,0,11,7
12,13,1,3,13
12,13,0,11,10
12,13,0,11,12
12,13,1,8,13
12,13,0,11,6
12,13,0,11,4
12,13,1,6,13
12,13,0,11,11
12,13,1,3,13
12,13,0,11,9
12,13,1,6,13
12,13,0,11,11
12,13,1,8,13
12,13,0,11,10
12,13,0,11,11
12,13,1,8,13
12,13,0,11,9
12,13,0,11,4
12,13,0,11,12
12,13,1,7,13
12,13,0,11,6
12,13,0,11,9
12,13,0,11,9
12,13,1,8,13
12,13,1,9,13
12,13,1,10,13
12,13,1,5,13
12,13,0,11,6
12,13,0,11,9
12,13,1,3,13
12,13,1,10,13
12,13,0,11,11
12,13,0,11,1
12,13,0,11,6
12,13,1,6,13
12,14,1,6,14
12,14,0,11,8
12,14,0,11,11
12,14,1,7,14
12,14,1,9,14
12,14,0,11,10
12,14,0,11,6
12,14,1,6,14
12,14,0,11,9
12,14,1,8,14
12,14,1,8,14
12,14,0,11,8
12,14,1,5,14
12,14,1,5,14
12,14,1,4,14
12,14,0,11,8
12,14,1,2,14
12,14,1,10,14
12,14,1,9,14
12,14,0,11,10
12,14,0,11,10
12,14,0,11,9
12,14,0,11,3
12,14,0,11,8
12,14,0,11,13
12,14,1,8,14
12,14,1,5,14
12,14,0,11,9
12,14,1,6,14
12,14,0,11,10
12,14,0,11,3
12,14,0,11,11
12,14,1,6,14
12,14,1,6,14
12,14,1,5,14
12,14,0,11,5
12,14,1,8,14
12,14,1,5,14
12,14,1,8,14
12,14,0,11,11
12,14,0,11,9
12,14,0,11,9
12,14,1,9,14
12,14,1,10,14
12,14,0,11,8
12,14,0,11,12
12,14,0,11,10
12,14,0,11,9
12,14,0,11,7
12,14,1,9,14
12,14,1,5,14
12,14,0,11,12
12,14,0,11,8
12,14,1,10,14
12,14,1,6,14
12,14,0,11,4
12,14,0,11,12
12,14,0,11,9
12,14,1,6,14
12,14,0,11,11
12,14,0,11,7
12,14,0,11,9
12,14,0,11,7
12,14,0,11,10
12,14,1,8,14
12,14,0,11,8
12,14,1,6,14
12,14,0,11,6
12,14,1,5,14
12,14,0,11,10
12,14,1,7,14
12,14,0,11,4
12,14,1,8,14
12,14,0,11,9
12,14,0,11,12
12,14,0,11,6
12,14,1,3,14
12,14,0,11,10
12,14,0,11,10
12,14,1,6,14
12,14,0,11,8
12,14,1,10,14
12,14,0,11,8
12,14,0,11,6
12,14,0,11,11
12,14,1,9,14
12,14,0,11,11
12,14,0,11,8
12,14,0,11,9
12,14,0,11,8
12,14,1,5,14
12,14,0,11,10
12,14,0,11,10
12,14,0,11,6
12,14,1,9,14
12,14,1,8,14
12,14,0,11,10
12,14,0,11,9
12,14,1,7,14
12,14,1,3,14
12,15,0,11,13
12,15,0,11,8
12,15,1,8,15
12,15,0,11,14
12,15,0,11,14
12,15,0,11,10
12,15,0,11,8
12,15,0,11,12
12,15,1,8,15
12,15,0,11,10
12,15,1,9,15
12,15,1,6,15
12,15,1,7,15
12,15,0,11,12
12,15,1,5,15
12,15,1,8,15
12,15,0,11,9
12,15,0,11,5
12,15,1,6,15
12,15,0,11,12
12,15,0,11,3
12,15,0,11,13
12,15,0,11,9
12,15,0,11,11
12,15,0,11,13
12,15,1,6,15
12,15,1,10,15
12,15,0,11,6
12,15,0,11,10
12,15,0,11,6
12,15,0,11,6
12,15,0,11,14
12,15,0,11,4
12,15,0,11,11
12,15,1,4,15
12,15,0,11,7
12,15,0,11,10
12,15,1,6,15
12,15,0,11,6
12,15,0,11,6
12,15,1,8,15
12,15,0,11,14
12,15,0,11,9
12,15,1,6,15
12,15,0,11,12
12,15,1,9,15
12,15,1,5,15
12,15,0,11,2
12,15,1,8,15
12,15,0,11,9
12,15,1,3,15
12,15,0,11,10
12,15,1,9,15
12,15,0,11,13
12,15,0,11,12
12,15,0,11,10
12,15,1,8,15
12,15,0,11,6
12,15,0,11,9
12,15,0,11,9
12,15,1,6,15
12,15,0,11,5
12,15,0,11,8
12,15,0,11,13
12,15,0,11,11
12,15,0,11,3
12,15,0,11,11
12,15,0,11,4
12,15,0,11,5
12,15,1,8,15
12,15,1,9,15
12,15,1,9,15
12,15,1,4,15
12,15,0,11,11
12,15,1,6,15
12,15,1,8,15
12,15,1,7,15
12,15,0,11,7
12,15,1,5,15
12,15,1,6,15
12,15,0,11,1
12,15,0,11,11
12,15,1,7,15
12,15,1,10,15
12,15,1,10,15
12,15,0,11,12
12,15,1,6,15
12,15,1,4,15
12,15,0,11,11
12,15,0,11,8
12,15,0,11,8
12,15,0,11,9
12,15,0,11,8
12,15,1,5,15
12,15,0,11,5
12,15,0,11,11
12,15,0,11,8
12,15,1,3,15
12,15,1,5,15
12,15,0,11,14
12,16,1,6,16
12,16,0,11,10
12,16,0,11,11
12,16,0,11,14
12,16,0,11,11
12,16,0,11,6
12,16,0,11,9
12,16,0,11,15
12,16,1,6,16
12,16,1,6,16
12,16,1,9,16
12,16,0,11,14
12,16,0,11,11
12,16,0,11,14
12,16,1,10,16
12,16,1,6,16
12,16,1,9,16
12,16,0,11,12
12,16,0,11,13
12,16,0,11,7
12,16,0,11,11
12,16,0,11,11
12,16,0,11,8
12,16,0,11,8
12,16,0,11,10
12,16,0,11,8
12,16,0,11,13
12,16,1,8,16
12,16,0,11,5
12,16,1,5,16
12,16,0,11,7
12,16,0,11,2
12,16,1,3,16
12,16,0,11,11
12,16,0,11,14
12,16,0,11,10
12,16,0,11,9
12,16,0,11,12
12,16,1,8,16
12,16,0,11,12
12,16,1,8,16
12,16,0,11,4
12,16,0,11,10
12,16,0,11,6
12,16,0,11,14
12,16,0,11,13
12,16,0,11,8
12,16,0,11,7
12,16,0,11,14
12,16,1,5,16
12,16,0,11,9
12,16,0,11,7
12,16,1,8,16
12,16,0,11,13
12,16,0,11,14
12,16,0,11,13
12,16,0,11,7
12,16,0,11,8
12,16,0,11,15
12,16,0,11,13
12,16,0,11,9
12,16,0,11,14
12,16,0,11,7
12,16,1,6,16
12,16,0,11,13
12,16,0,11,10
12,16,1,6,16
12,16,1,8,16
12,16,1,9,16
12,16,0,11,14
12,16,0,11,7
12,16,1,5,16
12,16,1,8,16
12,16,1,4,16
12,16,0,11,5
12,16,0,11,4
12,16,1,4,16
12,16,0,11,13
12,16,1,7,16
12,16,1,7,16
12,16,1,7,16
12,16,0,11,4
12,16,0,11,14
12,16,0,11,4
12,16,0,11,10
12,16,0,11,6
12,16,0,11,5
12,16,0,11,8
12,16,1,8,16
12,16,0,11,12
12,16,1,5,16
12,16,1,10,16
12,16,0,11,12
12,16,0,11,6
12,16,0,11,14
12,16,0,11,6
12,16,1,9,16
12,16,0,11,5
12,16,1,9,16
12,16,0,11,13
12,17,0,11,5
12,17,1,7,17
12,17,0,11,15
12,17,1,7,17
12,17,0,11,13
12,17,1,9,17
12,17,0,11,6
12,17,0,11,14
12,17,0,11,11
12,17,0,11,10
12,17,0,11,14
12,17,0,11,14
12,17,0,11,11
12,17,0,11,13
12,17,0,11,14
12,17,0,11,5
12,17,0,11,7
12,17,0,11,7
12,17,0,11,10
12,17,0,11,3
12,17,1,9,17
12,17,0,11,13
12,17,0,11,11
12,17,0,11,8
12,17,0,11,15
12,17,0,11,13
12,17,0,11,13
12,17,1,2,17
12,17,0,11,14
12,17,0,11,5
12,17,0,11,5
12,17,0,11,3
12,17,0,11,10
12,17,0,11,4
12,17,0,11,9
12,17,0,11,12
12,17,0,11,16
12,17,0,11,1
12,17,0,11,13
12,17,0,11,12
12,17,0,11,10
12,17,0,11,8
12,17,0,11,10
12,17,1,10,17
12,17,0,11,9
12,17,0,11,10
12,17,1,7,17
12,17,0,11,7
12,17,0,11,9
12,17,0,11,8
12,17,0,11,4
12,17,0,11,11
12,17,1,9,17
12,17,0,11,12
12,17,0,11,2
12,17,0,11,10
12,17,0,11,14
12,17,1,7,17
12,17,1,9,17
12,17,0,11,15
12,17,0,11,13
12,17,1,8,17
12,17,0,11,8
12,17,1,9,17
12,17,1,7,17
12,17,0,11,13
12,17,0,11,12
12,17,0,11,2
12,17,0,11,3
12,17,1,10,17
12,17,0,11,11
12,17,0,11,11
12,17,0,11,8
12,17,1,5,17
12,17,0,11,16
12,17,1,4,17
12,17,0,11,9
12,17,1,5,17
12,17,1,5,17
12,17,0,11,10
12,17,0,11,5
12,17,0,11,11
12,17,0,11,5
12,17,0,11,6
12,17,1,5,17
12,17,0,11,10
12,17,1,8,17
12,17,0,11,16
12,17,0,11,10
12,17,1,6,17
12,17,1,7,17
12,17,1,8,17
12,17,0,11,4
12,17,0,11,12
12,17,1,2,17
12,17,0,11,13
12,17,0,11,16
12,17,0,11,9
12,17,0,11,13
12,17,0,11,8
12,18,0,11,14
12,18,0,11,8
12,18,1,6,18
12,18,0,11,14
12,18,0,11,13
12,18,1,8,18
12,18,0,11,11
12,18,1,8,18
12,18,0,11,16
12,18,0,11,8
12,18,0,11,14
12,18,1,5,18
12,18,1,8,18
12,18,0,11,3
12,18,0,11,2
12,18,0,11,13
12,18,0,11,7
12,18,0,11,5
12,18,1,7,18
12,18,0,11,9
12,18,0,11,6
12,18,0,11,12
12,18,0,11,14
12,18,0,11,7
12,18,0,11,10
12,18,1,2,18
12,18,0,11,13
12,18,1,6,18
12,18,0,11,6
12,18,0,11,7
12,18,0,11,6
12,18,1,9,18
12,18,0,11,7
12,18,0,11,7
12,18,0,11,12
12,18,1,10,18
12,18,0,11,12
12,18,0,11,5
12,18,0,11,5
12,18,1,8,18
12,18,0,11,15
12,18,0,11,9
12,18,0,11,6
12,18,0,11,14
12,18,0,11,13
12,18,0,11,2
12,18,0,11,11
12,18,0,11,15
12,18,0,11,14
12,18,0,11,8
12,18,0,11,12
12,18,0,11,11
12,18,0,11,10
12,18,0,11,3
12,18,0,11,9
12,18,0,11,11
12,18,0,11,8
12,18,0,11,14
12,18,0,11,10
12,18,0,11,14
12,18,0,11,14
12,18,0,11,8
12,18,1,10,18
12,18,0,11,9
12,18,0,11,14
12,18,0,11,12
12,18,0,11,14
12,18,0,11,11
12,18,0,11,12
12,18,1,6,18
12,18,0,11,10
12,18,0,11,14
12,18,0,11,10
12,18,0,11,12
12,18,0,11,17
12,18,0,11,4
12,18,0,11,8
12,18,0,11,9
12,18,0,11,15
12,18,0,11,7
12,18,0,11,13
12,18,0,11,15
12,18,1,7,18
12,18,1,5,18
12,18,0,11,2
12,18,0,11,15
12,18,0,11,4
12,18,0,11,14
12,18,0,11,14
12,18,0,11,3
12,18,0,11,16
12,18,0,11,17
12,18,0,11,9
12,18,0,11,8
12,18,0,11,14
12,18,0,11,10
12,18,0,11,12
12,18,0,11,6
12,18,0,11,17
12,18,0,11,6
12,19,0,11,5
12,19,0,11,8
12,19,0,11,11
12,19,0,11,10
12,19,0,11,14
12,19,0,11,12
12,19,0,11,13
12,19,0,11,10
12,19,1,8,19
12,19,0,11,1
12,19,0,11,9
12,19,0,11,15
12,19,1,6,19
12,19,0,11,11
12,19,0,11,7
12,19,0,11,14
12,19,0,11,9
12,19,0,11,17
12,19,0,11,6
12,19,0,11,17
12,19,0,11,13
12,19,0,11,11
12,19,0,11,10
12,19,0,11,7
12,19,1,6,19
12,19,1,8,19
12,19,0,11,4
12,19,0,11,9
12,19,0,11,16
12,19,0,11,16
12,19,0,11,7
12,19,0,11,10
12,19,0,11,17
12,19,0,11,8
12,19,0,11,15
12,19,0,11,4
12,19,1,4,19
12,19,0,11,9
12,19,0,11,10
12,19,0,11,9
12,19,1,4,19
12,19,0,11,12
12,19,0,11,13
12,19,0,11,4
12,19,0,11,5
12,19,0,11,9
12,19,0,11,11
12,19,0,11,16
12,19,0,11,7
12,19,0,11,13
12,19,0,11,17
12,19,0,11,9
12,19,0,11,5
12,19,0,11,14
12,19,0,11,7
12,19,0,11,9
12,19,0,11,3
12,19,0,11,5
12,19,1,10,19
12,19,0,11,15
12,19,1,9,19
12,19,0,11,11
12,19,0,11,10
12,19,0,11,17
12,19,0,11,12
12,19,0,11,9
12,19,0,11,7
12,19,0,11,16
12,19,1,4,19
12,19,0,11,8
12,19,0,11,14
12,19,1,5,19
12,19,0,11,8
12,19,0,11,7
12,19,0,11,17
12,19,0,11,2
12,19,0,11,7
12,19,0,11,4
12,19,0,11,16
12,19,0,11,17
12,19,0,11,11
12,19,0,11,4
12,19,0,11,9
12,19,1,8,19
12,19,0,11,18
12,19,0,11,17
12,19,0,11,9
12,19,0,11,11
12,19,0,11,10
12,19,0,11,16
12,19,0,11,6
12,19,0,11,16
12,19,0,11,17
12,19,0,11,4
12,19,1,7,19
12,19,0,11,2
12,19,1,4,19
12,19,1,9,19
12,19,0,11,14
12,19,0,11,7
12,20,0,11,18
12,20,0,11,3
12,20,0,11,12
12,20,0,11,10
12,20,0,11,16
12,20,0,11,7
12,20,0,11,14
12,20,0,11,2
12,20,0,11,14
12,20,0,11,8
12,20,0,11,11
12,20,0,11,4
12,20,0,11,4
12,20,0,11,11
12,20,0,11,9
12,20,0,11,11
12,20,0,11,14
12,20,1,8,20
12,20,0,11,15
12,20,0,11,15
12,20,0,11,12
12,20,0,11,9
12,20,0,11,11
12,20,0,11,12
12,20,0,11,6
12,20,0,11,18
12,20,0,11,10
12,20,0,11,15
12,20,0,11,16
12,20,0,11,9
12,20,0,11,16
12,20,1,6,20
12,20,0,11,15
12,20,0,11,5
12,20,0,11,9
12,20,0,11,7
12,20,0,11,6
12,20,0,11,12
12,20,0,11,16
12,20,0,11,15
12,20,0,11,8
12,20,0,11,6
12,20,0,11,12
12,20,0,11,8
12,20,0,11,10
12,20,0,11,12
12,20,0,11,3
12,20,0,11,12
12,20,0,11,9
12,20,0,11,13
12,20,0,11,11
12,20,0,11,14
12,20,0,11,13
12,20,0,11,7
12,20,0,11,9
12,20,0,11,9
12,20,1,7,20
12,20,0,11,17
12,20,0,11,17
12,20,0,11,8
12,20,0,11,9
12,20,0,11,9
12,20,0,11,19
12,20,0,11,13
12,20,0,11,12
12,20,0,11,17
12,20,0,11,12
12,20,0,11,10
12,20,0,11,13
12,20,1,8,20
12,20,1,6,20
12,20,0,11,8
12,20,0,11,7
12,20,0,11,19
12,20,0,11,2
12,20,0,11,16
12,20,0,11,6
12,20,1,8,20
12,20,0,11,6
12,20,0,11,3
12,20,0,11,10
12,20,0,11,13
12,20,0,11,10
12,20,1,8,20
12,20,0,11,10
12,20,0,11,15
12,20,0,11,8
12,20,1,10,20
12,20,0,11,14
12,20,0,11,10
12,20,0,11,14
12,20,0,11,6
12,20,0,11,16
12,20,0,11,5
12,20,0,11,17
12,20,0,11,14
12,20,0,11,4
12,20,0,11,15
12,20,0,11,5
12,20,0,11,10
13,1,1,0,1
13,1,1,0,1
13,1,1,2,1
13,1,1,1,1
13,1,1,0,1
13,1,1,0,1
13,1,1,0,1
13,1,1,1,1
13,1,1,0,1
13,1,1,1,1
13,1,1,0,1
13,1,1,0,1
13,1,1,0,1
13,1,1,0,1
13,1,1,2,1
13,1,1,2,1
13,1,1,0,1
13,1,1,0,1
13,1,1,0,1
13,1,1,1,1
13,1,1,0,1
13,1,1,0,1
13,1,1,0,1
13,1,1,1,1
13,1,1,1,1
13,1,1,0,1
13,1,1,1,1
13,1,1,1,1
13,1,1,0,1
13,1,1,0,1
13,1,1,2,1
13,1,1,1,1
13,1,1,1,1
13,1,1,0,1
13,1,1,0,1
13,1,1,0,1
13,1,1,0,1
13,1,1,0,1
13,1,1,2,1
13,1,1,0,1
13,1,1,3,1
13,1,1,0,1
13,1,1,1,1
13,1,1,0,1
13,1,1,0,1
13,1,1,0,1
13,1,1,1,1
13,1,1,0,1
13,1,1,1,1
13,1,1,2,1
13,1,1,2,1
13,1,1,1,1
13,1,1,0,1
13,1,1,2,1
13,1,1,1,1
13,1,1,0,1
13,1,1,0,1
13,1,1,0,1
13,1,1,0,1
13,1,1,0,1
13,1,1,0,1
13,1,1,0,1
13,1,1,0,1
13,1,1,0,1
13,1,1,0,1
13,1,1,0,1
13,1,1,0,1
13,1,1,0,1
13,1,1,0,1
13,1,1,0,1
13,1,1,3,1
13,1,1,0,1
13,1,1,0,1
13,1,1,1,1
13,1,1,0,1
13,1,1,2,1
13,1,1,0,1
13,1,1,1,1
13,1,1,0,1
13,1,1,1,1
13,1,1,0,1
13,1,1,0,1
13,1,1,0,1
13,1,1,3,1
13,1,1,0,1
13,1,1,0,1
13,1,1,0,1
13,1,1,0,1
13,1,1,0,1
13,1,1,2,1
13,1,1,0,1
13,1,1,0,1
13,1,1,1,1
13,1,1,0,1
13,1,1,0,1
13,1,1,1,1
13,1,1,0,1
13,1,1,0,1
13,1,1,0,1
13,1,1,0,1
13,2,1,1,2
13,2,1,1,2
13,2,1,0,2
13,2,1,1,2
13,2,1,0,2
13,2,1,5,2
13,2,1,0,2
13,2,1,0,2
13,2,1,0,2
13,2,1,0,2
13,2,1,0,2
13,2,1,0,2
13,2,1,0,2
13,2,1,0,2
13,2,1,1,2
13,2,1,0,2
13,2,1,0,2
13,2,1,0,2
13,2,1,1,2
13,2,1,1,2
13,2,1,0,2
13,2,1,3,2
13,2,1,3,2
13,2,1,0,2
13,2,1,0,2
13,2,1,0,2
13,2,1,2,2
13,2,1,2,2
13,2,1,1,2
13,2,1,2,2
13,2,1,4,2
13,2,1,3,2
13,2,1,0,2
13,2,1,2,2
13,2,1,3,2
13,2,1,0,2
13,2,1,6,2
13,2,1,0,2
13,2,1,5,2
13,2,1,1,2
13,2,1,0,2
13,2,1,5,2
13,2,1,0,2
13,2,1,0,2
13,2,1,1,2
13,2,1,4,2
13,2,1,1,2
13,2,1,1,2
13,2,1,0,2
13,2,1,1,2
13,2,1,2,2
13,2,1,1,2
13,2,1,1,2
13,2,1,2,2
13,2,1,6,2
13,2,1,0,2
13,2,1,4,2
13,2,1,1,2
13,2,0,12,0
13,2,1,0,2
13,2,1,1,2
13,2,1,3,2
13,2,1,4,2
13,2,1,0,2
13,2,1,0,2
13,2,1,2,2
13,2,1,1,2
13,2,1,0,2
13,2,1,1,2
13,2,1,3,2
13,2,1,0,2
13,2,1,2,2
13,2,1,0,2
13,2,1,6,2
13,2,1,3,2
13,2,1,0,2
13,2,1,0,2
13,2,1,0,2
13,2,1,4,2
13,2,1,1,2
13,2,1,2,2
13,2,1,0,2
13,2,1,2,2
13,2,1,0,2
13,2,1,0,2
13,2,1,0,2
13,2,1,1,2
13,2,1,1,2
13,2,1,1,2
13,2,1,2,2
13,2,1,4,2
13,2,1,2,2
13,2,1,0,2
13,2,1,0,2
13,2,1,0,2
13,2,1,0,2
13,2,1,5,2
13,2,1,0,2
13,2,1,0,2
13,2,1,0,2
13,3,1,5,3
13,3,1,3,3
13,3,1,1,3
13,3,1,0,3
13,3,1,3,3
13,3,1,3,3
13,3,1,2,3
13,3,1,8,3
13,3,1,5,3
13,3,1,6,3
13,3,1,3,3
13,3,1,7,3
13,3,1,2,3
13,3,1,3,3
13,3,1,1,3
13,3,1,1,3
13,3,1,1,3
13,3,1,2,3
13,3,1,2,3
13,3,1,3,3
13,3,1,3,3
13,3,1,3,3
13,3,1,0,3
13,3,1,3,3
13,3,1,0,3
13,3,1,1,3
13,3,1,0,3
13,3,1,1,3
13,3,1,0,3
13,3,1,2,3
13,3,1,4,3
13,3,1,2,3
13,3,1,3,3
13,3,1,2,3
13,3,1,3,3
13,3,1,3,3
13,3,1,10,3
13,3,1,0,3
13,3,1,8,3
13,3,1,5,3
13,3,1,5,3
13,3,1,0,3
13,3,1,0,3
13,3,1,2,3
13,3,1,4,3
13,3,1,2,3
13,3,1,3,3
13,3,1,3,3
13,3,1,2,3
13,3,1,6,3
13,3,1,2,3
13,3,1,3,3
13,3,1,2,3
13,3,1,2,3
13,3,1,0,3
13,3,1,0,3
13,3,1,2,3
13,3,1,1,3
13,3,1,0,3
13,3,1,7,3
13,3,1,5,3
13,3,1,0,3
13,3,1,1,3
13,3,1,0,3
13,3,1,2,3
13,3,1,0,3
13,3,1,0,3
13,3,1,0,3
13,3,1,1,3
13,3,1,0,3
13,3,1,0,3
13,3,1,5,3
13,3,1,2,3
13,3,1,3,3
13,3,1,0,3
13,3,1,0,3
13,3,0,12,2
13,3,1,2,3
13,3,1,2,3
13,3,1,0,3
13,3,1,1,3
13,3,1,5,3
13,3,1,2,3
13,3,1,0,3
13,3,1,4,3
13,3,1,0,3
13,3,1,2,3
13,3,1,1,3
13,3,1,1,3
13,3,1,2,3
13,3,1,6,3
13,3,1,3,3
13,3,1,6,3
13,3,1,2,3
13,3,1,0,3
13,3,1,0,3
13,3,1,6,3
13,3,1,7,3
13,3,1,3,3
13,3,1,0,3
13,4,1,7,4
13,4,1,5,4
13,4,1,4,4
13,4,1,2,4
13,4,1,6,4
13,4,1,0,4
13,4,1,6,4
13,4,1,3,4
13,4,1,0,4
13,4,1,0,4
13,4,1,5,4
13,4,1,3,4
13,4,1,2,4
13,4,1,5,4
13,4,1,0,4
13,4,1,1,4
13,4,1,4,4
13,4,1,2,4
13,4,1,4,4
13,4,1,3,4
13,4,1,8,4
13,4,1,6,4
13,4,1,4,4
13,4,1,1,4
13,4,1,5,4
13,4,0,12,2
13,4,1,5,4
13,4,1,9,4
13,4,1,2,4
13,4,1,3,4
13,4,1,4,4
13,4,1,3,4
13,4,1,0,4
13,4,1,5,4
13,4,1,3,4
13,4,1,1,4
13,4,1,2,4
13,4,1,4,4
13,4,1,5,4
13,4,1,4,4
13,4,1,1,4
13,4,1,4,4
13,4,1,1,4
13,4,1,7,4
13,4,1,6,4
13,4,1,6,4
13,4,1,6,4
13,4,1,0,4
13,4,1,0,4
13,4,1,2,4
13,4,1,3,4
13,4,1,2,4
13,4,1,0,4
13,4,1,1,4
13,4,1,1,4
13,4,1,1,4
13,4,1,3,4
13,4,1,2,4
13,4,1,3,4
13,4,1,2,4
13,4,1,1,4
13,4,1,2,4
13,4,1,0,4
13,4,1,2,4
13,4,1,2,4
13,4,1,6,4
13,4,1,0,4
13,4,1,5,4
13,4,1,4,4
13,4,1,5,4
13,4,1,4,4
13,4,1,0,4
13,4,1,7,4
13,4,1,2,4
13,4,1,2,4
13,4,1,4,4
13,4,1,2,4
13,4,1,4,4
13,4,1,5,4
13,4,1,5,4
13,4,1,4,4
13,4,1,5,4
13,4,1,5,4
13,4,1,0,4
13,4,1,10,4
13,4,1,4,4
13,4,1,3,4
13,4,1,5,4
13,4,1,6,4
13,4,1,2,4
13,4,1,2,4
13,4,1,3,4
13,4,1,4,4
13,4,1,8,4
13,4,1,2,4
13,4,1,2,4
13,4,1,3,4
13,4,1,1,4
13,4,1,6,4
13,4,1,1,4
13,5,1,3,5
13,5,1,2,5
13,5,1,2,5
13,5,1,4,5
13,5,1,5,5
13,5,1,6,5
13,5,1,3,5
13,5,1,2,5
13,5,1,3,5
13,5,1,4,5
13,5,1,4,5
13,5,1,4,5
13,5,1,3,5
13,5,1,8,5
13,5,1,4,5
13,5,1,2,5
13,5,1,7,5
13,5,1,0,5
13,5,1,2,5
13,5,1,6,5
13,5,1,2,5
13,5,1,2,5
13,5,1,7,5
13,5,1,7,5
13,5,1,2,5
13,5,1,3,5
13,5,1,6,5
13,5,1,3,5
13,5,1,7,5
13,5,1,4,5
13,5,1,2,5
13,5,1,0,5
13,5,1,3,5
13,5,1,3,5
13,5,1,3,5
13,5,1,1,5
13,5,1,4,5
13,5,1,3,5
13,5,1,6,5
13,5,1,4,5
13,5,1,2,5
13,5,1,0,5
13,5,1,2,5
13,5,1,9,5
13,5,0,12,4
13,5,1,1,5
13,5,1,7,5
13,5,1,2,5
13,5,1,6,5
13,5,1,3,5
13,5,1,0,5
13,5,1,0,5
13,5,1,2,5
13,5,1,4,5
13,5,1,2,5
13,5,1,2,5
13,5,1,1,5
13,5,1,2,5
13,5,1,1,5
13,5,1,3,5
13,5,1,1,5
13,5,1,2,5
13,5,1,7,5
13,5,1,2,5
13,5,1,5,5
13,5,1,8,5
13,5,1,5,5
13,5,1,4,5
13,5,1,0,5
13,5,1,3,5
13,5,1,5,5
13,5,1,7,5
13,5,1,4,5
13,5,1,1,5
13,5,1,2,5
13,5,1,8,5
13,5,1,3,5
13,5,1,4,5
13,5,1,3,5
13,5,1,2,5
13,5,1,2,5
13,5,1,3,5
13,5,1,4,5
13,5,0,12,3
13,5,1,9,5
13,5,1,5,5
13,5,1,2,5
13,5,1,4,5
13,5,1,2,5
13,5,1,4,5
13,5,1,2,5
13,5,1,4,5
13,5,1,8,5
13,5,1,8,5
13,5,1,4,5
13,5,1,5,5
13,5,1,3,5
13,5,1,5,5
13,5,1,8,5
13,5,1,4,5
13,6,1,3,6
13,6,1,0,6
13,6,1,5,6
13,6,1,7,6
13,6,1,2,6
13,6,1,2,6
13,6,1,1,6
13,6,1,5,6
13,6,1,2,6
13,6,1,5,6
13,6,1,8,6
13,6,1,8,6
13,6,1,6,6
13,6,1,3,6
13,6,1,0,6
13,6,1,6,6
13,6,1,5,6
13,6,1,8,6
13,6,1,5,6
13,6,1,3,6
13,6,0,12,3
13,6,1,4,6
13,6,0,12,2
13,6,1,9,6
13,6,1,3,6
13,6,1,3,6
13,6,1,4,6
13,6,1,2,6
13,6,1,9,6
13,6,0,12,5
13,6,1,2,6
13,6,1,3,6
13,6,1,2,6
13,6,1,4,6
13,6,1,7,6
13,6,0,12,3
13,6,1,2,6
13,6,1,3,6
13,6,1,4,6
13,6,1,2,6
13,6,1,3,6
13,6,1,10,6
13,6,1,1,6
13,6,1,7,6
13,6,1,11,6
13,6,1,3,6
13,6,1,9,6
13,6,1,1,6
13,6,1,4,6
13,6,1,4,6
13,6,1,3,6
13,6,1,2,6
13,6,1,5,6
13,6,1,7,6
13,6,1,8,6
13,6,1,2,6
13,6,1,3,6
13,6,1,1,6
13,6,0,12,1
13,6,1,6,6
13,6,1,4,6
13,6,1,8,6
13,6,1,3,6
13,6,0,12,2
13,6,1,8,6
13,6,1,3,6
13,6,1,2,6
13,6,1,0,6
13,6,1,1,6
13,6,1,6,6
13,6,1,6,6
13,6,1,6,6
13,6,1,5,6
13,6,1,3,6
13,6,1,3,6
13,6,1,7,6
13,6,1,8,6
13,6,1,5,6
13,6,1,3,6
13,6,1,5,6
13,6,1,3,6
13,6,1,2,6
13,6,1,2,6
13,6,1,2,6
13,6,1,4,6
13,6,0,12,4
13,6,1,3,6
13,6,1,0,6
13,6,0,12,4
13,6,1,2,6
13,6,1,2,6
13,6,1,0,6
13,6,1,3,6
13,6,1,9,6
13,6,0,12,1
13,6,1,7,6
13,6,1,8,6
13,6,1,0,6
13,6,1,2,6
13,6,1,7,6
13,7,1,2,7
13,7,1,8,7
13,7,1,4,7
13,7,1,3,7
13,7,1,3,7
13,7,1,7,7
13,7,1,5,7
13,7,1,9,7
13,7,1,2,7
13,7,1,5,7
13,7,1,6,7
13,7,1,4,7
13,7,1,2,7
13,7,1,4,7
13,7,1,2,7
13,7,1,2,7
13,7,1,6,7
13,7,0,12,2
13,7,1,7,7
13,7,1,11,7
13,7,1,2,7
13,7,1,8,7
13,7,1,6,7
13,7,1,2,7
13,7,1,2,7
13,7,1,2,7
13,7,0,12,4
13,7,1,3,7
13,7,1,1,7
13,7,1,2,7
13,7,1,8,7
13,7,1,2,7
13,7,1,9,7
13,7,1,3,7
13,7,1,6,7
13,7,1,3,7
13,7,1,4,7
13,7,1,4,7
13,7,1,2,7
13,7,1,1,7
13,7,1,3,7
13,7,1,10,7
13,7,1,0,7
13,7,1,11,7
13,7,1,6,7
13,7,1,2,7
13,7,1,2,7
13,7,0,12,5
13,7,1,8,7
13,7,1,5,7
13,7,1,5,7
13,7,1,3,7
13,7,1,4,7
13,7,1,7,7
13,7,1,6,7
13,7,1,10,7
13,7,1,5,7
13,7,1,5,7
13,7,1,2,7
13,7,1,8,7
13,7,1,5,7
13,7,1,2,7
13,7,1,10,7
13,7,0,12,3
13,7,1,2,7
13,7,1,11,7
13,7,1,6,7
13,7,0,12,6
13,7,0,12,4
13,7,1,3,7
13,7,1,6,7
13,7,1,3,7
13,7,1,5,7
13,7,1,9,7
13,7,1,7,7
13,7,1,4,7
13,7,1,3,7
13,7,1,4,7
13,7,0,12,2
13,7,1,0,7
13,7,1,2,7
13,7,1,7,7
13,7,1,5,7
13,7,1,7,7
13,7,0,12,5
13,7,1,5,7
13,7,1,3,7
13,7,1,6,7
13,7,1,0,7
13,7,1,5,7
13,7,1,10,7
13,7,1,6,7
13,7,0,12,2
13,7,1,4,7
13,7,1,5,7
13,7,1,6,7
13,7,1,4,7
13,7,1,4,7
13,7,0,12,1
13,7,1,2,7
13,8,1,7,8
13,8,1,10,8
13,8,1,5,8
13,8,1,2,8
13,8,1,2,8
13,8,0,12,7
13,8,1,10,8
13,8,1,3,8
13,8,1,6,8
13,8,1,10,8
13,8,1,2,8
13,8,1,4,8
13,8,0,12,4
13,8,1,2,8
13,8,1,8,8
13,8,0,12,5
13,8,1,5,8
13,8,1,11,8
13,8,1,8,8
13,8,1,2,8
13,8,1,8,8
13,8,1,7,8
13,8,1,6,8
13,8,1,7,8
13,8,1,7,8
13,8,1,4,8
13,8,1,4,8
13,8,1,5,8
13,8,1,10,8
13,8,0,12,7
13,8,1,1,8
13,8,0,12,4
13,8,1,3,8
13,8,1,7,8
13,8,0,12,7
13,8,1,10,8
13,8,1,6,8
13,8,1,8,8
13,8,1,6,8
13,8,1,5,8
13,8,1,5,8
13,8,1,5,8
13,8,1,6,8
13,8,1,5,8
13,8,0,12,4
13,8,1,7,8
13,8,1,7,8
13,8,1,9,8
13,8,1,4,8
13,8,1,4,8
13,8,1,3,8
13,8,1,7,8
13,8,1,6,8
13,8,1,7,8
13,8,1,2,8
13,8,1,1,8
13,8,1,5,8
13,8,1,8,8
13,8,1,3,8
13,8,1,5,8
13,8,0,12,3
13,8,1,7,8
13,8,1,6,8
13,8,1,9,8
13,8,1,9,8
13,8,1,4,8
13,8,1,3,8
13,8,1,3,8
13,8,0,12,4
13,8,0,12,5
13,8,1,7,8
13,8,1,2,8
13,8,1,2,8
13,8,1,4,8
13,8,1,1,8
13,8,1,4,8
13,8,1,5,8
13,8,1,6,8
13,8,1,3,8
13,8,0,12,6
13,8,1,1,8
13,8,1,5,8
13,8,1,7,8
13,8,1,1,8
13,8,1,2,8
13,8,1,9,8
13,8,0,12,4
13,8,0,12,3
13,8,0,12,4
13,8,1,6,8
13,8,1,5,8
13,8,1,7,8
13,8,1,7,8
13,8,1,11,8
13,8,1,4,8
13,8,1,7,8
13,8,1,7,8
13,8,1,11,8
13,8,1,6,8
13,8,0,12,6
13,9,1,2,9
13,9,1,8,9
13,9,1,6,9
13,9,1,3,9
13,9,1,2,9
13,9,1,9,9
13,9,0,12,8
13,9,0,12,6
13,9,1,7,9
13,9,1,5,9
13,9,1,6,9
13,9,1,2,9
13,9,1,9,9
13,9,1,8,9
13,9,1,6,9
13,9,0,12,3
13,9,1,3,9
13,9,1,8,9
13,9,1,4,9
13,9,1,9,9
13,9,1,0,9
13,9,1,8,9
13,9,1,11,9
13,9,0,12,6
13,9,1,6,9
13,9,0,12,5
13,9,1,2,9
13,9,1,1,9
13,9,0,12,2
13,9,1,1,9
13,9,1,10,9
13,9,1,1,9
13,9,0,12,6
13,9,1,4,9
13,9,0,12,6
13,9,1,5,9
13,9,1,7,9
13,9,0,12,1
13,9,1,9,9
13,9,1,7,9
13,9,1,4,9
13,9,0,12,5
13,9,1,7,9
13,9,1,7,9
13,9,1,8,9
13,9,1,5,9
13,9,1,4,9
13,9,1,3,9
13,9,1,7,9
13,9,1,5,9
13,9,1,2,9
13,9,1,9,9
13,9,1,2,9
13,9,0,12,3
13,9,1,3,9
13,9,1,5,9
13,9,1,4,9
13,9,1,0,9
13,9,0,12,6
13,9,1,7,9
13,9,0,12,4
13,9,1,6,9
13,9,1,3,9
13,9,1,5,9
13,9,1,8,9
13,9,1,8,9
13,9,1,8,9
13,9,1,7,9
13,9,0,12,6
13,9,1,5,9
13,9,1,10,9
13,9,1,4,9
13,9,0,12,7
13,9,1,3,9
13,9,1,7,9
13,9,1,9,9
13,9,0,12,5
13,9,1,3,9
13,9,0,12,7
13,9,0,12,5
13,9,0,12,7
13,9,1,8,9
13,9,0,12,5
13,9,0,12,1
13,9,1,5,9
13,9,1,5,9
13,9,1,2,9
13,9,1,8,9
13,9,1,6,9
13,9,1,9,9
13,9,1,0,9
13,9,1,7,9
13,9,1,3,9
13,9,0,12,5
13,9,1,7,9
13,9,0,12,7
13,9,1,9,9
13,9,1,8,9
13,9,1,6,9
13,9,1,5,9
13,10,0,12,2
13,10,0,12,9
13,10,1,4,10
13,10,1,6,10
13,10,1,11,10
13,10,1,4,10
13,10,0,12,6
13,10,1,6,10
13,10,1,2,10
13,10,1,6,10
13,10,0,12,7
13,10,1,4,10
13,10,1,6,10
13,10,1,5,10
13,10,0,12,6
13,10,1,3,10
13,10,1,10,10
13,10,1,9,10
13,10,0,12,3
13,10,1,2,10
13,10,0,12,5
13,10,1,10,10
13,10,1,7,10
13,10,1,1,10
13,10,1,11,10
13,10,0,12,1
13,10,0,12,7
13,10,1,3,10
13,10,0,12,8
13,10,1,6,10
13,10,1,5,10
13,10,1,9,10
13,10,1,9,10
13,10,1,5,10
13,10,0,12,9
13,10,1,6,10
13,10,0,12,8
13,10,1,8,10
13,10,1,9,10
13,10,1,10,10
13,10,1,4,10
13,10,0,12,7
13,10,0,12,6
13,10,0,12,8
13,10,1,3,10
13,10,1,8,10
13,10,0,12,6
13,10,1,6,10
13,10,0,12,7
13,10,0,12,9
13,10,1,10,10
13,10,1,6,10
13,10,0,12,4
13,10,1,7,10
13,10,1,10,10
13,10,1,6,10
13,10,0,12,3
13,10,0,12,4
13,10,1,7,10
13,10,0,12,5
13,10,1,9,10
13,10,1,6,10
13,10,1,3,10
13,10,0,12,8
13,10,1,7,10
13,10,0,12,5
13,10,1,4,10
13,10,0,12,4
13,10,1,7,10
13,10,1,2,10
13,10,1,4,10
13,10,0,12,6
13,10,1,2,10
13,10,1,8,10
13,10,1,4,10
13,10,1,1,10
13,10,1,5,10
13,10,1,10,10
13,10,1,10,10
13,10,1,5,10
13,10,1,6,10
13,10,1,4,10
13,10,1,3,10
13,10,1,2,10
13,10,0,12,4
13,10,1,3,10
13,10,0,12,5
13,10,0,12,8
13,10,1,8,10
13,10,1,6,10
13,10,0,12,9
13,10,1,4,10
13,10,1,6,10
13,10,1,4,10
13,10,0,12,6
13,10,1,6,10
13,10,0,12,5
13,10,0,12,8
13,10,1,8,10
13,10,0,12,9
13,11,0,12,8
13,11,1,2,11
13,11,0,12,9
13,11,0,12,5
13,11,0,12,6
13,11,1,11,11
13,11,1,5,11
13,11,0,12,6
13,11,0,12,7
13,11,0,12,8
13,11,1,9,11
13,11,1,6,11
13,11,1,7,11
13,11,0,12,4
13,11,1,6,11
13,11,1,5,11
13,11,1,6,11
13,11,1,8,11
13,11,1,7,11
13,11,1,11,11
13,11,1,7,11
13,11,1,6,11
13,11,1,8,11
13,11,1,7,11
13,11,1,10,11
13,11,0,12,9
13,11,0,12,6
13,11,0,12,4
13,11,1,4,11
13,11,1,7,11
13,11,1,7,11
13,11,0,12,8
13,11,0,12,7
13,11,1,7,11
13,11,0,12,10
13,11,1,10,11
13,11,1,4,11
13,11,0,12,7
13,11,0,12,7
13,11,0,12,9
13,11,1,9,11
13,11,1,8,11
13,11,1,4,11
13,11,1,5,11
13,11,1,6,11
13,11,0,12,8
13,11,1,6,11
13,11,1,9,11
13,11,1,9,11
13,11,1,7,11
13,11,1,4,11
13,11,1,11,11
13,11,0,12,10
13,11,0,12,8
13,11,1,10,11
13,11,1,5,11
13,11,1,9,11
13,11,1,8,11
13,11,0,12,7
13,11,1,5,11
13,11,1,8,11
13,11,0,12,8
13,11,0,12,9
13,11,1,7,11
13,11,1,7,11
13,11,1,6,11
13,11,1,5,11
13,11,1,5,11
13,11,1,10,11
13,11,1,9,11
13,11,0,12,6
13,11,1,4,11
13,11,1,9,11
13,11,0,12,3
13,11,0,12,8
13,11,1,3,11
13,11,1,2,11
13,11,1,4,11
13,11,1,5,11
13,11,1,8,11
13,11,1,8,11
13,11,1,9,11
13,11,1,9,11
13,11,1,3,11
13,11,0,12,6
13,11,1,5,11
13,11,1,9,11
13,11,1,8,11
13,11,1,5,11
13,11,1,3,11
13,11,1,10,11
13,11,1,10,11
13,11,1,6,11
13,11,1,3,11
13,11,0,12,9
13,11,1,4,11
13,11,1,8,11
13,11,1,7,11
13,11,0,12,5
13,11,1,7,11
13,12,0,12,11
13,12,0,12,9
13,12,1,9,12
13,12,1,7,12
13,12,1,9,12
13,12,0,12,6
13,12,0,12,6
13,12,1,8,12
13,12,1,7,12
13,12,0,12,5
13,12,0,12,5
13,12,0,12,9
13,12,1,8,12
13,12,1,8,12
13,12,0,12,6
13,12,1,5,12
13,12,0,12,2
13,12,1,9,12
13,12,1,3,12
13,12,0,12,10
13,12,1,3,12
13,12,1,2,12
13,12,1,6,12
13,12,1,10,12
13,12,1,8,12
13,12,1,6,12
13,12,1,8,12
13,12,1,5,12
13,12,0,12,10
13,12,1,3,12
13,12,0,12,7
13,12,1,11,12
13,12,0,12,7
13,12,1,6,12
13,12,0,12,9
13,12,0,12,6
13,12,1,9,12
13,12,0,12,8
13,12,1,4,12
13,12,0,12,5
13,12,0,12,9
13,12,1,9,12
13,12,0,12,8
13,12,1,9,12
13,12,1,6,12
13,12,1,8,12
13,12,1,8,12
13,12,0,12,10
13,12,0,12,3
13,12,1,9,12
13,12,1,2,12
13,12,1,11,12
13,12,0,12,6
13,12,1,6,12
13,12,0,12,9
13,12,0,12,10
13,12,1,5,12
13,12,1,5,12
13,12,0,12,7
13,12,1,3,12
13,12,1,7,12
13,12,1,6,12
13,12,1,8,12
13,12,0,12,10
13,12,1,3,12
13,12,0,12,4
13,12,0,12,7
13,12,0,12,9
13,12,0,12,7
13,12,1,8,12
13,12,0,12,8
13,12,0,12,6
13,12,1,8,12
13,12,1,11,12
13,12,1,4,12
13,12,1,4,12
13,12,1,5,12
13,12,1,10,12
13,12,1,9,12
13,12,1,10,12
13,12,0,12,5
13,12,1,5,12
13,12,1,6,12
13,12,1,7,12
13,12,0,12,4
13,12,1,7,12
13,12,1,2,12
13,12,1,9,12
13,12,0,12,5
13,12,0,12,9
13,12,0,12,6
13,12,1,9,12
13,12,0,12,6
13,12,1,6,12
13,12,1,5,12
13,12,1,8,12
13,12,1,10,12
13,12,1,9,12
13,12,0,12,8
13,12,1,8,12
13,13,1,7,13
13,13,1,8,13
13,13,1,10,13
13,13,0,12,9
13,13,0,12,10
13,13,0,12,6
13,13,0,12,6
13,13,1,3,13
13,13,0,12,11
13,13,1,4,13
13,13,1,8,13
13,13,1,9,13
13,13,1,10,13
13,13,1,6,13
13,13,1,6,13
13,13,0,12,12
13,13,1,9,13
13,13,1,8,13
13,13,0,12,7
13,13,1,3,13
13,13,1,7,13
13,13,1,6,13
13,13,0,12,4
13,13,1,9,13
13,13,1,4,13
13,13,1,10,13
13,13,0,12,9
13,13,0,12,9
13,13,1,9,13
13,13,1,9,13
13,13,0,12,9
13,13,1,8,13
13,13,0,12,3
13,13,1,10,13
13,13,0,12,8
13,13,0,12,10
13,13,1,9,13
13,13,1,8,13
13,13,0,12,7
13,13,1,11,13
13,13,0,12,6
13,13,0,12,10
13,13,0,12,4
13,13,1,8,13
13,13,0,12,8
13,13,0,12,7
13,13,1,9,13
13,13,0,12,11
13,13,0,12,11
13,13,0,12,7
13,13,0,12,9
13,13,0,12,5
13,13,0,12,6
13,13,1,7,13
13,13,1,3,13
13,13,0,12,6
13,13,1,7,13
13,13,0,12,5
13,13,0,12,7
13,13,0,12,9
13,13,1,7,13
13,13,1,4,13
13,13,0,12,4
13,13,0,12,12
13,13,1,6,13
13,13,0,12,7
13,13,1,8,13
13,13,0,12,8
13,13,1,10,13
13,13,1,11,13
13,13,1,8,13
13,13,1,5,13
13,13,1,5,13
13,13,1,10,13
13,13,0,12,8
13,13,1,8,13
13,13,0,12,10
13,13,1,1,13
13,13,0,12,5
13,13,1,7,13
13,13,0,12,4
13,13,0,12,5
13,13,1,4,13
13,13,1,7,13
13,13,1,11,13
13,13,0,12,8
13,13,0,12,10
13,13,1,5,13
13,13,0,12,7
13,13,1,10,13
13,13,0,12,7
13,13,1,4,13
13,13,1,11,13
13,13,0,12,10
13,13,1,9,13
13,13,1,8,13
13,13,1,6,13
13,13,0,12,11
13,13,0,12,4
13,13,1,9,13
13,14,0,12,9
13,14,0,12,13
13,14,1,7,14
13,14,0,12,11
13,14,0,12,13
13,14,1,8,14
13,14,0,12,8
13,14,0,12,5
13,14,0,12,6
13,14,0,12,10
13,14,1,9,14
13,14,0,12,10
13,14,0,12,10
13,14,0,12,11
13,14,0,12,5
13,14,0,12,12
13,14,0,12,11
13,14,0,12,8
13,14,0,12,12
13,14,1,11,14
13,14,0,12,10
13,14,1,6,14
13,14,1,10,14
13,14,0,12,9
13,14,0,12,11
13,14,1,9,14
13,14,0,12,12
13,14,1,9,14
13,14,1,9,14
13,14,0,12,5
13,14,0,12,3
13,14,0,12,10
13,14,1,7,14
13,14,0,12,8
13,14,0,12,4
13,14,0,12,9
13,14,0,12,12
13,14,1,10,14
13,14,1,9,14
13,14,1,8,14
13,14,1,9,14
13,14,1,8,14
13,14,0,12,13
13,14,1,9,14
13,14,1,8,14
13,14,1,4,14
13,14,0,12,12
13,14,1,11,14
13,14,0,12,13
13,14,0,12,9
13,14,1,8,14
13,14,1,9,14
13,14,0,12,9
13,14,0,12,11
13,14,1,11,14
13,14,0,12,0
13,14,0,12,11
13,14,1,9,14
13,14,0,12,8
13,14,0,12,13
13,14,1,10,14
13,14,0,12,10
13,14,0,12,5
13,14,0,12,9
13,14,0,12,9
13,14,1,2,14
13,14,0,12,11
13,14,0,12,6
13,14,0,12,12
13,14,0,12,13
13,14,1,7,14
13,14,1,7,14
13,14,0,12,4
13,14,0,12,11
13,14,1,2,14
13,14,0,12,7
13,14,1,8,14
13,14,1,9,14
13,14,1,8,14
13,14,0,12,3
13,14,0,12,9
13,14,0,12,9
13,14,0,12,6
13,14,1,7,14
13,14,1,7,14
13,14,1,2,14
13,14,1,7,14
13,14,1,9,14
13,14,0,12,10
13,14,1,8,14
13,14,0,12,9
13,14,0,12,8
13,14,1,7,14
13,14,0,12,11
13,14,0,12,4
13,14,1,8,14
13,14,0,12,7
13,14,1,7,14
13,14,1,7,14
13,14,1,11,14
13,15,1,6,15
13,15,1,6,15
13,15,0,12,7
13,15,0,12,9
13,15,0,12,10
13,15,0,12,9
13,15,1,6,15
13,15,1,8,15
13,15,1,8,15
13,15,0,12,13
13,15,0,12,9
13,15,0,12,12
13,15,1,9,15
13,15,0,12,9
13,15,1,8,15
13,15,0,12,10
13,15,1,10,15
13,15,0,12,3
13,15,1,10,15
13,15,0,12,6
13,15,1,9,15
13,15,1,4,15
13,15,0,12,6
13,15,0,12,10
13,15,0,12,10
13,15,0,12,8
13,15,1,8,15
13,15,1,7,15
13,15,0,12,9
13,15,0,12,12
13,15,0,12,7
13,15,1,10,15
13,15,0,12,7
13,15,0,12,12
13,15,0,12,14
13,15,0,12,12
13,15,0,12,6
13,15,0,12,12
13,15,0,12,10
13,15,1,5,15
13,15,0,12,4
13,15,0,12,10
13,15,1,11,15
13,15,1,8,15
13,15,1,10,15
13,15,0,12,14
13,15,0,12,8
13,15,0,12,7
13,15,0,12,7
13,15,1,7,15
13,15,0,12,3
13,15,1,5,15
13,15,0,12,11
13,15,1,8,15
13,15,1,5,15
13,15,1,8,15
13,15,0,12,6
13,15,0,12,14
13,15,1,6,15
13,15,0,12,14
13,15,0,12,5
13,15,1,4,15
13,15,0,12,8
13,15,1,8,15
13,15,0,12,7
13,15,1,11,15
13,15,0,12,12
13,15,0,12,8
13,15,1,7,15
13,15,0,12,13
13,15,0,12,2
13,15,0,12,14
13,15,1,11,15
13,15,1,5,15
13,15,0,12,13
13,15,0,12,10
13,15,1,8,15
13,15,0,12,14
13,15,1,5,15
13,15,0,12,11
13,15,0,12,7
13,15,1,3,15
13,15,0,12,8
13,15,1,8,15
13,15,0,12,10
13,15,1,10,15
13,15,0,12,12
13,15,1,11,15
13,15,0,12,10
13,15,0,12,5
13,15,0,12,6
13,15,0,12,1
13,15,0,12,9
13,15,0,12,10
13,15,0,12,10
13,15,0,12,11
13,15,0,12,12
13,15,0,12,12
13,15,0,12,10
13,15,1,5,15
13,16,0,12,11
13,16,0,12,5
13,16,0,12,11
13,16,1,10,16
13,16,0,12,10
13,16,0,12,11
13,16,0,12,10
13,16,1,5,16
13,16,1,3,16
13,16,1,3,16
13,16,0,12,9
13,16,0,12,12
13,16,0,12,1
13,16,0,12,13
13,16,0,12,10
13,16,0,12,14
13,16,1,6,16
13,16,0,12,7
13,16,1,2,16
13,16,0,12,5
13,16,1,5,16
13,16,1,8,16
13,16,0,12,13
13,16,0,12,10
13,16,1,9,16
13,16,1,6,16
13,16,0,12,6
13,16,1,8,16
13,16,1,9,16
13,16,1,6,16
13,16,0,12,11
13,16,0,12,11
13,16,0,12,10
13,16,0,12,9
13,16,0,12,14
13,16,0,12,5
13,16,1,2,16
13,16,0,12,13
13,16,0,12,8
13,16,1,4,16
13,16,0,12,14
13,16,0,12,9
13,16,0,12,13
13,16,0,12,10
13,16,0,12,11
13,16,0,12,9
13,16,0,12,6
13,16,1,5,16
13,16,1,8,16
13,16,0,12,8
13,16,1,8,16
13,16,0,12,12
13,16,1,8,16
13,16,1,10,16
13,16,0,12,13
13,16,1,6,16
13,16,0,12,11
13,16,1,6,16
13,16,0,12,11
13,16,0,12,13
13,16,0,12,14
13,16,1,7,16
13,16,0,12,13
13,16,1,8,16
13,16,0,12,8
13,16,1,7,16
13,16,0,12,15
13,16,0,12,12
13,16,0,12,8
13,16,1,7,16
13,16,0,12,4
13,16,1,10,16
13,16,0,12,5
13,16,0,12,14
13,16,0,12,13
13,16,0,12,12
13,16,1,11,16
13,16,0,12,4
13,16,1,11,16
13,16,0,12,11
13,16,0,12,10
13,16,0,12,8
13,16,0,12,6
13,16,0,12,13
13,16,0,12,7
13,16,0,12,9
13,16,0,12,8
13,16,0,12,8
13,16,0,12,7
13,16,1,6,16
13,16,0,12,9
13,16,0,12,12
13,16,0,12,8
13,16,0,12,6
13,16,0,12,13
13,16,1,8,16
13,16,1,7,16
13,16,1,3,16
13,16,0,12,15
13,16,1,10,16
13,17,0,12,14
13,17,0,12,10
13,17,1,5,17
13,17,0,12,14
13,17,1,7,17
13,17,0,12,9
13,17,0,12,15
13,17,0,12,6
13,17,0,12,10
13,17,0,12,11
13,17,0,12,6
13,17,0,12,10
13,17,0,12,5
13,17,0,12,7
13,17,0,12,13
13,17,0,12,13
13,17,1,4,17
13,17,0,12,13
13,17,0,12,12
13,17,0,12,8
13,17,0,12,8
13,17,0,12,9
13,17,0,12,9
13,17,0,12,9
13,17,1,6,17
13,17,1,6,17
13,17,1,6,17
13,17,0,12,15
13,17,1,10,17
13,17,0,12,11
13,17,0,12,7
13,17,0,12,10
13,17,0,12,6
13,17,0,12,9
13,17,0,12,5
13,17,1,6,17
13,17,1,8,17
13,17,1,9,17
13,17,1,8,17
13,17,1,9,17
13,17,0,12,13
13,17,1,9,17
13,17,0,12,13
13,17,0,12,7
13,17,0,12,12
13,17,0,12,15
13,17,0,12,9
13,17,1,7,17
13,17,0,12,10
13,17,0,12,13
13,17,0,12,9
13,17,1,10,17
13,17,0,12,11
13,17,1,6,17
13,17,0,12,5
13,17,1,9,17
13,17,0,12,13
13,17,1,3,17
13,17,0,12,15
13,17,1,7,17
13,17,0,12,9
13,17,0,12,15
13,17,0,12,9
13,17,0,12,13
13,17,0,12,14
13,17,0,12,8
13,17,0,12,9
13,17,0,12,7
13,17,1,8,17
13,17,0,12,6
13,17,0,12,16
13,17,0,12,6
13,17,1,6,17
13,17,1,6,17
13,17,0,12,11
13,17,1,9,17
13,17,1,7,17
13,17,0,12,14
13,17,0,12,13
13,17,0,12,14
13,17,0,12,14
13,17,0,12,5
13,17,0,12,5
13,17,0,12,6
13,17,0,12,9
13,17,0,12,5
13,17,0,12,9
13,17,0,12,6
13,17,1,7,17
13,17,0,12,5
13,17,0,12,6
13,17,1,11,17
13,17,0,12,5
13,17,1,10,17
13,17,0,12,5
13,17,0,12,11
13,17,1,5,17
13,17,1,9,17
13,17,0,12,7
13,17,0,12,11
13,18,0,12,5
13,18,1,10,18
13,18,1,6,18
13,18,0,12,7
13,18,0,12,11
13,18,1,10,18
13,18,1,5,18
13,18,1,7,18
13,18,0,12,5
13,18,0,12,12
13,18,0,12,6
13,18,0,12,11
13,18,1,8,18
13,18,0,12,12
13,18,0,12,14
13,18,0,12,2
13,18,0,12,13
13,18,0,12,16
13,18,1,8,18
13,18,0,12,10
13,18,0,12,8
13,18,0,12,6
13,18,1,8,18
13,18,0,12,13
13,18,0,12,6
13,18,1,8,18
13,18,0,12,16
13,18,0,12,11
13,18,0,12,15
13,18,0,12,13
13,18,0,12,7
13,18,1,10,18
13,18,0,12,2
13,18,0,12,9
13,18,0,12,11
13,18,1,7,18
13,18,0,12,15
13,18,0,12,13
13,18,0,12,14
13,18,0,12,9
13,18,0,12,11
13,18,0,12,6
13,18,1,8,18
13,18,0,12,10
13,18,1,6,18
13,18,1,9,18
13,18,0,12,8
13,18,0,12,14
13,18,1,5,18
13,18,0,12,9
13,18,1,8,18
13,18,0,12,13
13,18,0,12,10
13,18,0,12,8
13,18,0,12,3
13,18,0,12,17
13,18,0,12,14
13,18,1,8,18
13,18,0,12,14
13,18,1,9,18
13,18,0,12,3
13,18,0,12,12
13,18,0,12,14
13,18,1,9,18
13,18,1,5,18
13,18,1,9,18
13,18,0,12,6
13,18,1,7,18
13,18,0,12,12
13,18,0,12,10
13,18,0,12,2
13,18,1,10,18
13,18,0,12,14
13,18,0,12,9
13,18,0,12,14
13,18,0,12,12
13,18,0,12,14
13,18,0,12,9
13,18,0,12,11
13,18,0,12,9
13,18,0,12,12
13,18,1,5,18
13,18,0,12,11
13,18,0,12,10
13,18,0,12,15
13,18,0,12,11
13,18,1,8,18
13,18,1,9,18
13,18,0,12,16
13,18,0,12,11
13,18,0,12,9
13,18,0,12,3
13,18,0,12,9
13,18,1,8,18
13,18,1,7,18
13,18,1,7,18
13,18,1,7,18
13,18,0,12,13
13,18,1,8,18
13,18,0,12,8
13,19,0,12,9
13,19,0,12,9
13,19,1,4,19
13,19,0,12,10
13,19,0,12,5
13,19,0,12,11
13,19,0,12,7
13,19,0,12,4
13,19,0,12,7
13,19,0,12,7
13,19,0,12,2
13,19,0,12,11
13,19,0,12,10
13,19,0,12,17
13,19,0,12,7
13,19,0,12,17
13,19,0,12,14
13,19,0,12,14
13,19,0,12,17
13,19,0,12,9
13,19,1,10,19
13,19,0,12,14
13,19,1,9,19
13,19,0,12,9
13,19,0,12,8
13,19,1,8,19
13,19,0,12,14
13,19,1,8,19
13,19,0,12,14
13,19,1,5,19
13,19,0,12,13
13,19,0,12,5
13,19,0,12,12
13,19,1,6,19
13,19,0,12,7
13,19,0,12,8
13,19,0,12,8
13,19,0,12,2
13,19,1,10,19
13,19,0,12,7
13,19,0,12,17
13,19,0,12,5
13,19,0,12,12
13,19,0,12,8
13,19,0,12,5
13,19,1,10,19
13,19,0,12,8
13,19,0,12,14
13,19,0,12,16
13,19,0,12,13
13,19,0,12,16
13,19,0,12,18
13,19,1,8,19
13,19,1,8,19
13,19,0,12,14
13,19,0,12,5
13,19,0,12,10
13,19,0,12,14
13,19,0,12,14
13,19,0,12,16
13,19,0,12,15
13,19,0,12,11
13,19,0,12,13
13,19,0,12,13
13,19,0,12,13
13,19,0,12,11
13,19,0,12,4
13,19,0,12,3
13,19,0,12,13
13,19,0,12,14
13,19,0,12,9
13,19,0,12,17
13,19,0,12,18
13,19,0,12,9
13,19,0,12,9
13,19,1,10,19
13,19,0,12,10
13,19,0,12,10
13,19,1,8,19
13,19,1,8,19
13,19,0,12,15
13,19,0,12,12
13,19,0,12,15
13,19,0,12,13
13,19,0,12,18
13,19,0,12,9
13,19,0,12,10
13,19,0,12,10
13,19,0,12,8
13,19,0,12,9
13,19,0,12,16
13,19,0,12,5
13,19,0,12,4
13,19,0,12,15
13,19,0,12,8
13,19,0,12,6
13,19,0,12,13
13,19,1,6,19
13,19,0,12,14
13,19,0,12,14
13,20,0,12,16
13,20,0,12,10
13,20,0,12,12
13,20,0,12,8
13,20,0,12,16
13,20,0,12,1
13,20,0,12,14
13,20,0,12,19
13,20,1,9,20
13,20,0,12,9
13,20,1,10,20
13,20,1,8,20
13,20,0,12,17
13,20,0,12,13
13,20,0,12,12
13,20,0,12,12
13,20,0,12,7
13,20,0,12,8
13,20,0,12,18
13,20,1,9,20
13,20,0,12,18
13,20,0,12,16
13,20,1,5,20
13,20,1,6,20
13,20,1,9,20
13,20,0,12,6
13,20,1,9,20
13,20,0,12,14
13,20,0,12,8
13,20,0,12,15
13,20,1,10,20
13,20,1,9,20
13,20,0,12,15
13,20,0,12,16
13,20,1,8,20
13,20,0,12,7
13,20,0,12,10
13,20,0,12,10
13,20,0,12,17
13,20,0,12,6
13,20,0,12,8
13,20,0,12,10
13,20,0,12,2
13,20,0,12,10
13,20,0,12,8
13,20,0,12,17
13,20,0,12,19
13,20,0,12,11
13,20,1,9,20
13,20,0,12,9
13,20,0,12,17
13,20,1,10,20
13,20,0,12,10
13,20,0,12,14
13,20,0,12,7
13,20,0,12,7
13,20,1,11,20
13,20,1,8,20
13,20,0,12,12
13,20,0,12,6
13,20,0,12,9
13,20,0,12,12
13,20,0,12,5
13,20,0,12,6
13,20,0,12,11
13,20,0,12,8
13,20,0,12,13
13,20,0,12,6
13,20,0,12,9
13,20,0,12,14
13,20,1,11,20
13,20,0,12,13
13,20,0,12,11
13,20,0,12,8
13,20,0,12,4
13,20,0,12,16
13,20,0,12,13
13,20,0,12,16
13,20,0,12,5
13,20,0,12,16
13,20,0,12,5
13,20,0,12,6
13,20,1,8,20
13,20,0,12,12
13,20,0,12,14
13,20,0,12,17
13,20,0,12,14
13,20,0,12,12
13,20,0,12,7
13,20,0,12,19
13,20,0,12,12
13,20,1,8,20
13,20,0,12,11
13,20,1,9,20
13,20,0,12,4
13,20,0,12,15
13,20,0,12,17
13,20,0,12,13
13,20,0,12,17
13,20,0,12,4
14,1,1,0,1
14,1,1,7,1
14,1,1,0,1
14,1,1,1,1
14,1,1,1,1
14,1,1,1,1
14,1,1,3,1
14,1,1,1,1
14,1,1,2,1
14,1,1,0,1
14,1,1,0,1
14,1,1,0,1
14,1,1,0,1
14,1,1,0,1
14,1,1,0,1
14,1,1,0,1
14,1,1,0,1
14,1,1,0,1
14,1,1,0,1
14,1,1,0,1
14,1,1,0,1
14,1,1,0,1
14,1,1,0,1
14,1,1,0,1
14,1,1,1,1
14,1,1,0,1
14,1,1,0,1
14,1,1,0,1
14,1,1,1,1
14,1,1,0,1
14,1,1,0,1
14,1,1,1,1
14,1,1,0,1
14,1,1,1,1
14,1,1,0,1
14,1,1,0,1
14,1,1,0,1
14,1,1,0,1
14,1,1,0,1
14,1,1,0,1
14,1,1,0,1
14,1,1,0,1
14,1,1,2,1
14,1,1,1,1
14,1,1,0,1
14,1,1,0,1
14,1,1,2,1
14,1,1,0,1
14,1,1,0,1
14,1,1,0,1
14,1,1,3,1
14,1,1,0,1
14,1,1,0,1
14,1,1,0,1
14,1,1,0,1
14,1,1,1,1
14,1,1,0,1
14,1,1,0,1
14,1,1,2,1
14,1,1,0,1
14,1,1,0,1
14,1,1,2,1
14,1,1,1,1
14,1,1,2,1
14,1,1,0,1
14,1,1,0,1
14,1,1,0,1
14,1,1,1,1
14,1,1,0,1
14,1,1,1,1
14,1,1,0,1
14,1,1,2,1
14,1,1,0,1
14,1,1,0,1
14,1,1,0,1
14,1,1,0,1
14,1,1,1,1
14,1,1,0,1
14,1,1,1,1
14,1,1,1,1
14,1,1,1,1
14,1,1,0,1
14,1,1,0,1
14,1,1,1,1
14,1,1,0,1
14,1,1,0,1
14,1,1,0,1
14,1,1,0,1
14,1,1,0,1
14,1,1,0,1
14,1,1,0,1
14,1,1,1,1
14,1,1,0,1
14,1,1,0,1
14,1,1,0,1
14,1,1,2,1
14,1,1,1,1
14,1,1,0,1
14,1,1,1,1
14,1,1,1,1
14,2,1,0,2
14,2,1,0,2
14,2,1,0,2
14,2,1,2,2
14,2,1,1,2
14,2,1,0,2
14,2,1,4,2
14,2,1,0,2
14,2,1,0,2
14,2,1,1,2
14,2,1,0,2
14,2,1,2,2
14,2,1,0,2
14,2,1,0,2
14,2,1,2,2
14,2,1,1,2
14,2,1,2,2
14,2,1,0,2
14,2,1,2,2
14,2,1,0,2
14,2,1,0,2
14,2,1,0,2
14,2,1,2,2
14,2,1,1,2
14,2,1,5,2
14,2,1,0,2
14,2,1,2,2
14,2,1,3,2
14,2,1,1,2
14,2,1,1,2
14,2,1,0,2
14,2,1,2,2
14,2,1,0,2
14,2,1,1,2
14,2,1,4,2
14,2,1,0,2
14,2,1,0,2
14,2,1,0,2
14,2,1,0,2
14,2,1,3,2
14,2,1,4,2
14,2,1,2,2
14,2,1,2,2
14,2,1,4,2
14,2,1,1,2
14,2,1,0,2
14,2,1,0,2
14,2,1,4,2
14,2,1,1,2
14,2,1,1,2
14,2,1,0,2
14,2,1,1,2
14,2,1,0,2
14,2,1,0,2
14,2,1,2,2
14,2,1,0,2
14,2,1,1,2
14,2,1,4,2
14,2,1,0,2
14,2,1,1,2
14,2,1,0,2
14,2,1,1,2
14,2,1,2,2
14,2,1,0,2
14,2,1,0,2
14,2,1,0,2
14,2,1,0,2
14,2,1,3,2
14,2,1,6,2
14,2,1,1,2
14,2,1,0,2
14,2,1,0,2
14,2,1,1,2
14,2,1,0,2
14,2,1,1,2
14,2,1,3,2
14,2,1,2,2
14,2,1,0,2
14,2,1,3,2
14,2,1,3,2
14,2,1,1,2
14,2,1,0,2
14,2,1,1,2
14,2,1,0,2
14,2,1,1,2
14,2,1,1,2
14,2,1,2,2
14,2,1,0,2
14,2,1,2,2
14,2,1,0,2
14,2,1,0,2
14,2,1,0,2
14,2,1,0,2
14,2,1,1,2
14,2,1,2,2
14,2,1,0,2
14,2,1,1,2
14,2,1,2,2
14,2,1,2,2
14,2,1,2,2
14,3,1,4,3
14,3,1,0,3
14,3,1,5,3
14,3,1,1,3
14,3,1,2,3
14,3,1,1,3
14,3,1,7,3
14,3,1,4,3
14,3,1,1,3
14,3,1,1,3
14,3,1,4,3
14,3,1,1,3
14,3,1,2,3
14,3,1,1,3
14,3,1,0,3
14,3,1,2,3
14,3,1,2,3
14,3,1,3,3
14,3,1,6,3
14,3,1,5,3
14,3,1,4,3
14,3,1,0,3
14,3,1,0,3
14,3,1,3,3
14,3,1,5,3
14,3,1,3,3
14,3,1,2,3
14,3,1,5,3
14,3,1,4,3
14,3,1,4,3
14,3,1,1,3
14,3,1,0,3
14,3,1,0,3
14,3,1,2,3
14,3,1,1,3
14,3,1,5,3
14,3,1,1,3
14,3,1,0,3
14,3,1,3,3
14,3,1,1,3
14,3,1,4,3
14,3,1,4,3
14,3,1,0,3
14,3,1,3,3
14,3,1,1,3
14,3,1,3,3
14,3,1,0,3
14,3,1,0,3
14,3,1,0,3
14,3,1,4,3
14,3,1,1,3
14,3,1,2,3
14,3,1,1,3
14,3,1,5,3
14,3,1,7,3
14,3,1,0,3
14,3,1,2,3
14,3,1,1,3
14,3,1,0,3
14,3,1,2,3
14,3,1,2,3
14,3,1,5,3
14,3,1,6,3
14,3,1,2,3
14,3,1,3,3
14,3,1,0,3
14,3,1,5,3
14,3,1,1,3
14,3,1,1,3
14,3,1,0,3
14,3,1,4,3
14,3,1,2,3
14,3,1,7,3
14,3,1,0,3
14,3,1,4,3
14,3,1,0,3
14,3,1,0,3
14,3,0,13,1
14,3,1,4,3
14,3,1,0,3
14,3,1,0,3
14,3,1,0,3
14,3,1,0,3
14,3,1,0,3
14,3,1,3,3
14,3,1,9,3
14,3,1,0,3
14,3,1,1,3
14,3,1,0,3
14,3,1,3,3
14,3,1,2,3
14,3,1,1,3
14,3,1,5,3
14,3,1,1,3
14,3,1,4,3
14,3,1,0,3
14,3,1,1,3
14,3,1,3,3
14,3,1,1,3
14,3,1,1,3
14,4,1,4,4
14,4,1,3,4
14,4,1,4,4
14,4,1,0,4
14,4,1,6,4
14,4,1,4,4
14,4,1,3,4
14,4,1,1,4
14,4,1,2,4
14,4,1,4,4
14,4,1,10,4
14,4,1,4,4
14,4,1,11,4
14,4,1,9,4
14,4,1,1,4
14,4,1,8,4
14,4,1,0,4
14,4,1,7,4
14,4,1,2,4
14,4,1,3,4
14,4,1,5,4
14,4,1,4,4
14,4,1,4,4
14,4,1,5,4
14,4,1,2,4
14,4,1,1,4
14,4,1,1,4
14,4,1,1,4
14,4,1,2,4
14,4,1,1,4
14,4,1,0,4
14,4,1,2,4
14,4,1,3,4
14,4,1,1,4
14,4,1,7,4
14,4,1,5,4
14,4,1,1,4
14,4,1,0,4
14,4,1,5,4
14,4,1,3,4
14,4,1,7,4
14,4,1,2,4
14,4,1,0,4
14,4,1,6,4
14,4,1,4,4
14,4,1,1,4
14,4,1,2,4
14,4,1,0,4
14,4,1,0,4
14,4,1,3,4
14,4,1,6,4
14,4,1,1,4
14,4,1,0,4
14,4,1,1,4
14,4,1,3,4
14,4,1,3,4
14,4,1,0,4
14,4,1,0,4
14,4,1,3,4
14,4,1,2,4
14,4,1,1,4
14,4,0,13,3
14,4,1,0,4
14,4,0,13,2
14,4,1,3,4
14,4,1,4,4
14,4,1,4,4
14,4,1,4,4
14,4,1,5,4
14,4,1,0,4
14,4,1,0,4
14,4,1,3,4
14,4,1,7,4
14,4,1,4,4
14,4,1,10,4
14,4,1,5,4
14,4,1,7,4
14,4,1,2,4
14,4,1,1,4
14,4,1,5,4
14,4,1,2,4
14,4,1,4,4
14,4,1,10,4
14,4,1,4,4
14,4,1,3,4
14,4,1,5,4
14,4,1,0,4
14,4,1,3,4
14,4,1,4,4
14,4,1,1,4
14,4,1,9,4
14,4,1,4,4
14,4,1,9,4
14,4,1,1,4
14,4,1,11,4
14,4,1,2,4
14,4,1,3,4
14,4,1,1,4
14,4,1,2,4
14,4,1,3,4
14,5,1,4,5
14,5,1,6,5
14,5,1,0,5
14,5,1,2,5
14,5,1,1,5
14,5,1,5,5
14,5,1,4,5
14,5,1,3,5
14,5,1,7,5
14,5,1,1,5
14,5,1,9,5
14,5,1,1,5
14,5,1,0,5
14,5,1,4,5
14,5,1,4,5
14,5,1,1,5
14,5,1,7,5
14,5,1,3,5
14,5,1,5,5
14,5,1,7,5
14,5,1,4,5
14,5,1,1,5
14,5,1,1,5
14,5,1,4,5
14,5,1,11,5
14,5,1,5,5
14,5,1,1,5
14,5,1,2,5
14,5,1,5,5
14,5,1,10,5
14,5,1,2,5
14,5,1,3,5
14,5,1,4,5
14,5,1,10,5
14,5,1,1,5
14,5,1,4,5
14,5,1,5,5
14,5,1,1,5
14,5,1,4,5
14,5,1,0,5
14,5,1,5,5
14,5,1,5,5
14,5,1,5,5
14,5,1,1,5
14,5,1,0,5
14,5,1,1,5
14,5,1,1,5
14,5,1,2,5
14,5,1,3,5
14,5,1,7,5
14,5,1,2,5
14,5,1,5,5
14,5,1,10,5
14,5,1,3,5
14,5,1,1,5
14,5,1,1,5
14,5,1,8,5
14,5,1,5,5
14,5,1,3,5
14,5,1,1,5
14,5,1,3,5
14,5,1,7,5
14,5,1,5,5
14,5,1,1,5
14,5,1,5,5
14,5,1,3,5
14,5,1,11,5
14,5,1,7,5
14,5,1,8,5
14,5,1,7,5
14,5,1,0,5
14,5,1,1,5
14,5,1,8,5
14,5,1,0,5
14,5,1,5,5
14,5,1,4,5
14,5,1,5,5
14,5,1,5,5
14,5,1,7,5
14,5,1,5,5
14,5,1,11,5
14,5,1,4,5
14,5,1,3,5
14,5,1,7,5
14,5,1,5,5
14,5,1,0,5
14,5,1,4,5
14,5,1,0,5
14,5,1,0,5
14,5,1,1,5
14,5,1,3,5
14,5,1,2,5
14,5,1,0,5
14,5,1,6,5
14,5,1,2,5
14,5,1,8,5
14,5,1,2,5
14,5,1,3,5
14,5,1,1,5
14,5,1,3,5
14,6,1,5,6
14,6,1,5,6
14,6,1,6,6
14,6,1,7,6
14,6,1,6,6
14,6,1,7,6
14,6,1,3,6
14,6,1,3,6
14,6,1,5,6
14,6,1,4,6
14,6,1,5,6
14,6,1,4,6
14,6,1,7,6
14,6,1,2,6
14,6,1,11,6
14,6,1,1,6
14,6,1,2,6
14,6,1,6,6
14,6,1,5,6
14,6,1,8,6
14,6,1,5,6
14,6,0,13,2
14,6,1,9,6
14,6,1,1,6
14,6,1,7,6
14,6,1,2,6
14,6,1,6,6
14,6,1,8,6
14,6,1,4,6
14,6,1,3,6
14,6,1,8,6
14,6,1,2,6
14,6,1,1,6
14,6,1,8,6
14,6,1,4,6
14,6,1,1,6
14,6,0,13,5
14,6,1,10,6
14,6,1,1,6
14,6,1,7,6
14,6,1,3,6
14,6,1,3,6
14,6,1,8,6
14,6,1,5,6
14,6,0,13,4
14,6,1,9,6
14,6,1,5,6
14,6,0,13,3
14,6,1,6,6
14,6,0,13,3
14,6,1,3,6
14,6,1,0,6
14,6,1,5,6
14,6,1,7,6
14,6,1,4,6
14,6,1,5,6
14,6,1,1,6
14,6,1,5,6
14,6,1,5,6
14,6,1,10,6
14,6,1,8,6
14,6,1,3,6
14,6,1,5,6
14,6,1,1,6
14,6,0,13,3
14,6,1,2,6
14,6,1,9,6
14,6,1,0,6
14,6,1,11,6
14,6,1,7,6
14,6,1,9,6
14,6,1,8,6
14,6,0,13,5
14,6,1,0,6
14,6,1,1,6
14,6,1,4,6
14,6,1,3,6
14,6,1,0,6
14,6,1,4,6
14,6,1,1,6
14,6,1,12,6
14,6,1,4,6
14,6,1,2,6
14,6,1,3,6
14,6,1,6,6
14,6,1,1,6
14,6,1,4,6
14,6,1,10,6
14,6,1,10,6
14,6,1,10,6
14,6,1,6,6
14,6,1,8,6
14,6,1,6,6
14,6,1,6,6
14,6,1,2,6
14,6,1,3,6
14,6,1,9,6
14,6,1,9,6
14,6,1,3,6
14,6,1,4,6
14,7,1,0,7
14,7,1,8,7
14,7,0,13,2
14,7,0,13,6
14,7,1,6,7
14,7,1,2,7
14,7,1,5,7
14,7,1,0,7
14,7,1,2,7
14,7,1,4,7
14,7,1,1,7
14,7,1,1,7
14,7,1,8,7
14,7,1,3,7
14,7,1,7,7
14,7,1,3,7
14,7,1,5,7
14,7,1,2,7
14,7,1,5,7
14,7,1,0,7
14,7,1,9,7
14,7,1,7,7
14,7,1,6,7
14,7,1,7,7
14,7,1,10,7
14,7,0,13,4
14,7,1,5,7
14,7,1,5,7
14,7,1,4,7
14,7,1,1,7
14,7,1,3,7
14,7,0,13,4
14,7,1,6,7
14,7,1,3,7
14,7,0,13,5
14,7,1,5,7
14,7,1,4,7
14,7,1,4,7
14,7,1,4,7
14,7,1,3,7
14,7,1,4,7
14,7,1,2,7
14,7,1,8,7
14,7,1,3,7
14,7,1,6,7
14,7,1,2,7
14,7,1,4,7
14,7,1,2,7
14,7,0,13,6
14,7,1,0,7
14,7,1,6,7
14,7,1,4,7
14,7,1,3,7
14,7,1,3,7
14,7,0,13,6
14,7,1,7,7
14,7,1,5,7
14,7,1,3,7
14,7,1,4,7
14,7,1,8,7
14,7,1,8,7
14,7,1,7,7
14,7,1,10,7
14,7,1,0,7
14,7,1,3,7
14,7,1,10,7
14,7,1,4,7
14,7,1,5,7
14,7,1,7,7
14,7,1,4,7
14,7,1,10,7
14,7,1,0,7
14,7,1,0,7
14,7,1,10,7
14,7,1,5,7
14,7,1,2,7
14,7,1,2,7
14,7,1,5,7
14,7,1,4,7
14,7,0,13,6
14,7,1,11,7
14,7,1,1,7
14,7,1,6,7
14,7,1,8,7
14,7,1,9,7
14,7,0,13,5
14,7,0,13,4
14,7,1,9,7
14,7,1,6,7
14,7,1,3,7
14,7,1,8,7
14,7,1,2,7
14,7,1,2,7
14,7,1,5,7
14,7,1,7,7
14,7,1,3,7
14,7,1,10,7
14,7,1,7,7
14,7,1,5,7
14,7,1,9,7
14,8,1,7,8
14,8,1,4,8
14,8,1,0,8
14,8,0,13,6
14,8,1,9,8
14,8,1,5,8
14,8,1,9,8
14,8,0,13,2
14,8,1,4,8
14,8,1,4,8
14,8,1,7,8
14,8,1,0,8
14,8,1,4,8
14,8,1,4,8
14,8,1,2,8
14,8,1,5,8
14,8,1,9,8
14,8,1,5,8
14,8,1,8,8
14,8,1,8,8
14,8,1,8,8
14,8,0,13,2
14,8,1,2,8
14,8,1,1,8
14,8,1,3,8
14,8,1,3,8
14,8,1,8,8
14,8,1,10,8
14,8,1,6,8
14,8,1,9,8
14,8,1,8,8
14,8,1,11,8
14,8,0,13,1
14,8,1,8,8
14,8,1,7,8
14,8,1,3,8
14,8,1,3,8
14,8,1,8,8
14,8,1,8,8
14,8,1,7,8
14,8,0,13,2
14,8,1,6,8
14,8,0,13,7
14,8,1,3,8
14,8,1,10,8
14,8,1,7,8
14,8,1,6,8
14,8,1,5,8
14,8,1,7,8
14,8,1,6,8
14,8,1,6,8
14,8,1,0,8
14,8,1,4,8
14,8,1,7,8
14,8,1,7,8
14,8,1,8,8
14,8,1,5,8
14,8,1,12,8
14,8,1,7,8
14,8,1,4,8
14,8,1,9,8
14,8,1,3,8
14,8,1,7,8
14,8,1,6,8
14,8,1,10,8
14,8,1,7,8
14,8,1,1,8
14,8,1,6,8
14,8,1,6,8
14,8,1,2,8
14,8,1,7,8
14,8,1,10,8
14,8,1,5,8
14,8,1,7,8
14,8,1,10,8
14,8,1,3,8
14,8,1,8,8
14,8,1,6,8
14,8,1,4,8
14,8,1,7,8
14,8,0,13,5
14,8,1,6,8
14,8,1,4,8
14,8,1,12,8
14,8,1,4,8
14,8,1,8,8
14,8,1,7,8
14,8,1,1,8
14,8,1,5,8
14,8,1,12,8
14,8,1,3,8
14,8,1,5,8
14,8,1,3,8
14,8,1,9,8
14,8,1,8,8
14,8,1,6,8
14,8,1,6,8
14,8,0,13,5
14,8,1,10,8
14,8,0,13,5
14,9,0,13,7
14,9,1,9,9
14,9,1,6,9
14,9,1,1,9
14,9,1,4,9
14,9,0,13,5
14,9,0,13,7
14,9,1,5,9
14,9,1,6,9
14,9,1,11,9
14,9,1,7,9
14,9,1,9,9
14,9,1,4,9
14,9,1,3,9
14,9,1,8,9
14,9,1,7,9
14,9,1,5,9
14,9,0,13,6
14,9,1,5,9
14,9,1,8,9
14,9,0,13,6
14,9,1,8,9
14,9,1,9,9
14,9,1,4,9
14,9,1,9,9
14,9,1,6,9
14,9,0,13,6
14,9,1,5,9
14,9,0,13,7
14,9,1,11,9
14,9,1,7,9
14,9,1,2,9
14,9,0,13,6
14,9,1,9,9
14,9,1,6,9
14,9,1,12,9
14,9,1,8,9
14,9,1,7,9
14,9,1,3,9
14,9,1,6,9
14,9,1,8,9
14,9,0,13,5
14,9,1,6,9
14,9,1,4,9
14,9,1,4,9
14,9,1,9,9
14,9,1,2,9
14,9,0,13,8
14,9,1,6,9
14,9,1,11,9
14,9,1,2,9
14,9,1,5,9
14,9,1,4,9
14,9,1,7,9
14,9,1,8,9
14,9,1,4,9
14,9,1,5,9
14,9,0,13,7
14,9,1,3,9
14,9,1,11,9
14,9,1,7,9
14,9,1,4,9
14,9,0,13,6
14,9,1,7,9
14,9,1,6,9
14,9,1,5,9
14,9,0,13,5
14,9,1,8,9
14,9,1,0,9
14,9,1,7,9
14,9,1,5,9
14,9,1,4,9
14,9,1,9,9
14,9,1,1,9
14,9,1,6,9
14,9,1,6,9
14,9,1,7,9
14,9,1,7,9
14,9,1,9,9
14,9,1,0,9
14,9,1,1,9
14,9,1,10,9
14,9,1,7,9
14,9,1,5,9
14,9,1,4,9
14,9,1,4,9
14,9,0,13,7
14,9,0,13,8
14,9,1,1,9
14,9,1,4,9
14,9,1,7,9
14,9,1,5,9
14,9,1,7,9
14,9,1,7,9
14,9,1,2,9
14,9,1,5,9
14,9,1,2,9
14,9,1,4,9
14,9,1,5,9
14,9,1,7,9
14,10,1,5,10
14,10,0,13,6
14,10,0,13,4
14,10,1,0,10
14,10,0,13,3
14,10,0,13,9
14,10,0,13,9
14,10,1,8,10
14,10,1,4,10
14,10,1,11,10
14,10,1,10,10
14,10,1,8,10
14,10,1,9,10
14,10,1,4,10
14,10,1,6,10
14,10,1,5,10
14,10,1,10,10
14,10,1,9,10
14,10,0,13,7
14,10,1,6,10
14,10,0,13,8
14,10,0,13,8
14,10,1,6,10
14,10,1,7,10
14,10,1,3,10
14,10,1,5,10
14,10,0,13,2
14,10,1,10,10
14,10,0,13,7
14,10,1,7,10
14,10,1,9,10
14,10,1,7,10
14,10,1,10,10
14,10,1,5,10
14,10,1,4,10
14,10,0,13,6
14,10,1,8,10
14,10,1,5,10
14,10,1,5,10
14,10,0,13,7
14,10,0,13,9
14,10,1,5,10
14,10,1,8,10
14,10,1,6,10
14,10,1,12,10
14,10,1,6,10
14,10,0,13,4
14,10,1,8,10
14,10,1,4,10
14,10,0,13,8
14,10,1,10,10
14,10,1,6,10
14,10,1,4,10
14,10,1,6,10
14,10,1,9,10
14,10,1,8,10
14,10,1,6,10
14,10,1,2,10
14,10,1,3,10
14,10,0,13,2
14,10,0,13,5
14,10,1,4,10
14,10,0,13,7
14,10,1,8,10
14,10,1,10,10
14,10,1,8,10
14,10,1,4,10
14,10,1,4,10
14,10,1,10,10
14,10,0,13,8
14,10,1,6,10
14,10,1,9,10
14,10,1,5,10
14,10,1,6,10
14,10,0,13,8
14,10,1,11,10
14,10,1,9,10
14,10,1,10,10
14,10,1,3,10
14,10,1,6,10
14,10,1,12,10
14,10,1,9,10
14,10,1,5,10
14,10,0,13,5
14,10,0,13,7
14,10,1,8,10
14,10,1,4,10
14,10,0,13,7
14,10,1,6,10
14,10,1,11,10
14,10,1,10,10
14,10,1,4,10
14,10,1,8,10
14,10,1,10,10
14,10,1,7,10
14,10,1,7,10
14,10,1,10,10
14,10,1,9,10
14,10,1,6,10
14,10,1,4,10
14,11,1,9,11
14,11,1,11,11
14,11,0,13,3
14,11,1,12,11
14,11,1,4,11
14,11,1,3,11
14,11,1,5,11
14,11,1,4,11
14,11,1,3,11
14,11,1,7,11
14,11,1,3,11
14,11,1,12,11
14,11,0,13,9
14,11,0,13,4
14,11,1,10,11
14,11,1,9,11
14,11,1,10,11
14,11,1,9,11
14,11,1,6,11
14,11,1,4,11
14,11,0,13,6
14,11,1,2,11
14,11,1,9,11
14,11,1,5,11
14,11,0,13,7
14,11,0,13,7
14,11,1,5,11
14,11,0,13,7
14,11,0,13,9
14,11,0,13,9
14,11,0,13,10
14,11,0,13,9
14,11,1,7,11
14,11,1,9,11
14,11,1,4,11
14,11,1,12,11
14,11,1,9,11
14,11,0,13,8
14,11,1,6,11
14,11,1,5,11
14,11,1,11,11
14,11,1,10,11
14,11,1,6,11
14,11,1,5,11
14,11,0,13,10
14,11,1,5,11
14,11,0,13,10
14,11,1,7,11
14,11,0,13,9
14,11,0,13,9
14,11,1,11,11
14,11,0,13,7
14,11,1,8,11
14,11,1,7,11
14,11,1,7,11
14,11,1,11,11
14,11,1,5,11
14,11,0,13,8
14,11,1,3,11
14,11,1,7,11
14,11,1,10,11
14,11,1,10,11
14,11,1,9,11
14,11,1,9,11
14,11,0,13,7
14,11,0,13,8
14,11,1,5,11
14,11,1,5,11
14,11,1,6,11
14,11,1,6,11
14,11,1,12,11
14,11,1,4,11
14,11,1,3,11
14,11,0,13,10
14,11,1,3,11
14,11,1,11,11
14,11,1,5,11
14,11,1,6,11
14,11,1,5,11
14,11,0,13,4
14,11,1,5,11
14,11,1,4,11
14,11,1,2,11
14,11,1,7,11
14,11,1,8,11
14,11,1,7,11
14,11,0,13,7
14,11,0,13,7
14,11,1,11,11
14,11,1,7,11
14,11,1,8,11
14,11,1,1,11
14,11,0,13,10
14,11,0,13,5
14,11,1,5,11
14,11,0,13,8
14,11,1,8,11
14,11,0,13,10
14,11,1,8,11
14,11,1,9,11
14,12,1,7,12
14,12,1,3,12
14,12,1,6,12
14,12,1,6,12
14,12,1,11,12
14,12,0,13,11
14,12,1,8,12
14,12,1,4,12
14,12,1,8,12
14,12,1,7,12
14,12,0,13,9
14,12,1,10,12
14,12,1,8,12
14,12,1,10,12
14,12,1,10,12
14,12,0,13,6
14,12,1,10,12
14,12,1,4,12
14,12,1,6,12
14,12,1,4,12
14,12,0,13,7
14,12,1,8,12
14,12,1,6,12
14,12,0,13,5
14,12,1,11,12
14,12,0,13,11
14,12,1,4,12
14,12,0,13,8
14,12,0,13,7
14,12,1,11,12
14,12,0,13,9
14,12,1,5,12
14,12,1,11,12
14,12,0,13,9
14,12,1,8,12
14,12,1,10,12
14,12,1,7,12
14,12,1,5,12
14,12,1,6,12
14,12,1,4,12
14,12,1,4,12
14,12,1,3,12
14,12,0,13,8
14,12,1,8,12
14,12,0,13,6
14,12,1,5,12
14,12,1,8,12
14,12,1,10,12
14,12,1,11,12
14,12,1,8,12
14,12,1,7,12
14,12,1,5,12
14,12,1,10,12
14,12,0,13,9
14,12,1,3,12
14,12,1,2,12
14,12,0,13,9
14,12,0,13,10
14,12,1,5,12
14,12,1,3,12
14,12,0,13,7
14,12,1,8,12
14,12,1,7,12
14,12,1,7,12
14,12,1,6,12
14,12,1,6,12
14,12,0,13,11
14,12,1,7,12
14,12,1,8,12
14,12,1,7,12
14,12,1,9,12
14,12,0,13,4
14,12,0,13,10
14,12,1,9,12
14,12,1,10,12
14,12,1,9,12
14,12,1,10,12
14,12,1,4,12
14,12,1,4,12
14,12,1,2,12
14,12,0,13,1
14,12,0,13,7
14,12,1,10,12
14,12,0,13,7
14,12,1,4,12
14,12,0,13,9
14,12,1,10,12
14,12,0,13,7
14,12,1,9,12
14,12,0,13,10
14,12,1,10,12
14,12,1,11,12
14,12,0,13,2
14,12,1,10,12
14,12,1,5,12
14,12,0,13,6
14,12,1,7,12
14,12,0,13,5
14,12,1,6,12
14,12,1,6,12
14,13,1,7,13
14,13,1,9,13
14,13,1,4,13
14,13,0,13,4
14,13,1,11,13
14,13,0,13,11
14,13,0,13,7
14,13,1,4,13
14,13,1,9,13
14,13,1,3,13
14,13,0,13,11
14,13,1,5,13
14,13,1,11,13
14,13,0,13,7
14,13,1,6,13
14,13,1,5,13
14,13,0,13,4
14,13,0,13,11
14,13,1,3,13
14,13,1,8,13
14,13,1,9,13
14,13,1,5,13
14,13,0,13,7
14,13,1,4,13
14,13,0,13,12
14,13,0,13,4
14,13,1,10,13
14,13,0,13,9
14,13,0,13,11
14,13,0,13,9
14,13,1,6,13
14,13,0,13,5
14,13,1,12,13
14,13,0,13,11
14,13,1,10,13
14,13,0,13,11
14,13,0,13,7
14,13,1,12,13
14,13,0,13,10
14,13,1,9,13
14,13,0,13,12
14,13,0,13,10
14,13,1,8,13
14,13,1,7,13
14,13,1,11,13
14,13,0,13,12
14,13,1,9,13
14,13,0,13,9
14,13,1,7,13
14,13,0,13,9
14,13,1,2,13
14,13,1,5,13
14,13,0,13,8
14,13,0,13,11
14,13,1,9,13
14,13,1,6,13
14,13,1,7,13
14,13,0,13,4
14,13,0,13,7
14,13,1,10,13
14,13,1,10,13
14,13,1,5,13
14,13,1,8,13
14,13,1,7,13
14,13,0,13,9
14,13,0,13,7
14,13,1,11,13
14,13,0,13,3
14,13,0,13,5
14,13,1,8,13
14,13,1,7,13
14,13,0,13,12
14,13,1,9,13
14,13,1,2,13
14,13,1,7,13
14,13,1,2,13
14,13,0,13,9
14,13,0,13,11
14,13,1,10,13
14,13,1,8,13
14,13,0,13,5
14,13,1,6,13
14,13,1,5,13
14,13,0,13,8
14,13,0,13,9
14,13,0,13,4
14,13,1,9,13
14,13,1,7,13
14,13,1,10,13
14,13,1,7,13
14,13,0,13,12
14,13,1,8,13
14,13,1,8,13
14,13,0,13,8
14,13,1,8,13
14,13,0,13,11
14,13,1,10,13
14,13,1,8,13
14,13,0,13,9
14,13,1,2,13
14,14,0,13,10
14,14,1,12,14
14,14,1,11,14
14,14,1,10,14
14,14,0,13,12
14,14,0,13,9
14,14,1,4,14
14,14,1,6,14
14,14,1,6,14
14,14,0,13,12
14,14,1,11,14
14,14,1,11,14
14,14,1,8,14
14,14,1,11,14
14,14,0,13,10
14,14,1,6,14
14,14,0,13,10
14,14,0,13,7
14,14,0,13,8
14,14,0,13,7
14,14,0,13,6
14,14,0,13,4
14,14,1,12,14
14,14,1,7,14
14,14,0,13,12
14,14,0,13,12
14,14,0,13,5
14,14,0,13,8
14,14,0,13,8
14,14,1,5,14
14,14,1,8,14
14,14,1,6,14
14,14,1,4,14
14,14,1,11,14
14,14,1,9,14
14,14,0,13,8
14,14,0,13,7
14,14,1,10,14
14,14,1,9,14
14,14,0,13,8
14,14,0,13,10
14,14,1,12,14
14,14,1,4,14
14,14,1,11,14
14,14,1,9,14
14,14,0,13,9
14,14,1,8,14
14,14,1,7,14
14,14,0,13,11
14,14,0,13,6
14,14,1,5,14
14,14,0,13,12
14,14,0,13,11
14,14,1,9,14
14,14,0,13,10
14,14,1,10,14
14,14,1,9,14
14,14,1,8,14
14,14,1,7,14
14,14,0,13,4
14,14,1,10,14
14,14,1,9,14
14,14,1,3,14
14,14,1,8,14
14,14,1,8,14
14,14,1,8,14
14,14,1,7,14
14,14,1,6,14
14,14,1,12,14
14,14,1,4,14
14,14,0,13,8
14,14,0,13,13
14,14,0,13,10
14,14,1,10,14
14,14,0,13,9
14,14,1,10,14
14,14,1,9,14
14,14,1,8,14
14,14,1,11,14
14,14,0,13,7
14,14,0,13,12
14,14,1,8,14
14,14,0,13,10
14,14,0,13,13
14,14,1,7,14
14,14,0,13,9
14,14,0,13,8
14,14,0,13,8
14,14,1,10,14
14,14,0,13,11
14,14,0,13,8
14,14,1,3,14
14,14,0,13,6
14,14,1,7,14
14,14,1,8,14
14,14,1,8,14
14,14,0,13,10
14,14,0,13,3
14,14,1,9,14
14,14,0,13,12
14,15,0,13,11
14,15,0,13,8
14,15,0,13,13
14,15,0,13,9
14,15,1,9,15
14,15,0,13,8
14,15,1,10,15
14,15,1,6,15
14,15,0,13,13
14,15,1,11,15
14,15,0,13,10
14,15,1,9,15
14,15,1,2,15
14,15,0,13,14
14,15,1,11,15
14,15,1,6,15
14,15,1,2,15
14,15,1,9,15
14,15,0,13,10
14,15,0,13,9
14,15,0,13,9
14,15,1,5,15
14,15,1,10,15
14,15,0,13,10
14,15,0,13,10
14,15,0,13,9
14,15,0,13,6
14,15,1,7,15
14,15,0,13,7
14,15,0,13,5
14,15,1,12,15
14,15,1,5,15
14,15,1,6,15
14,15,1,9,15
14,15,1,5,15
14,15,0,13,11
14,15,0,13,13
14,15,1,6,15
14,15,0,13,11
14,15,0,13,7
14,15,0,13,7
14,15,1,9,15
14,15,1,5,15
14,15,0,13,13
14,15,0,13,11
14,15,1,7,15
14,15,1,10,15
14,15,0,13,12
14,15,0,13,9
14,15,1,8,15
14,15,0,13,9
14,15,1,10,15
14,15,1,8,15
14,15,0,13,12
14,15,0,13,3
14,15,0,13,10
14,15,1,8,15
14,15,0,13,13
14,15,1,7,15
14,15,0,13,13
14,15,1,6,15
14,15,0,13,12
14,15,0,13,12
14,15,1,10,15
14,15,1,8,15
14,15,0,13,5
14,15,1,11,15
14,15,1,7,15
14,15,0,13,12
14,15,1,11,15
14,15,0,13,8
14,15,1,10,15
14,15,1,10,15
14,15,0,13,3
14,15,0,13,5
14,15,1,6,15
14,15,0,13,6
14,15,0,13,11
14,15,1,7,15
14,15,1,10,15
14,15,0,13,13
14,15,1,10,15
14,15,0,13,6
14,15,0,13,5
14,15,0,13,12
14,15,1,9,15
14,15,1,10,15
14,15,1,8,15
14,15,0,13,7
14,15,0,13,11
14,15,1,9,15
14,15,1,6,15
14,15,0,13,11
14,15,1,12,15
14,15,1,9,15
14,15,0,13,7
14,15,1,7,15
14,15,0,13,13
14,15,0,13,6
14,15,1,9,15
14,16,0,13,12
14,16,1,12,16
14,16,0,13,5
14,16,0,13,9
14,16,1,9,16
14,16,0,13,9
14,16,0,13,14
14,16,0,13,4
14,16,0,13,8
14,16,1,9,16
14,16,0,13,14
14,16,1,11,16
14,16,1,10,16
14,16,0,13,10
14,16,1,11,16
14,16,0,13,12
14,16,0,13,9
14,16,1,8,16
14,16,0,13,1
14,16,0,13,14
14,16,0,13,12
14,16,0,13,13
14,16,0,13,11
14,16,0,13,13
14,16,1,8,16
14,16,0,13,13
14,16,0,13,6
14,16,1,10,16
14,16,0,13,13
14,16,0,13,3
14,16,0,13,10
14,16,1,11,16
14,16,0,13,10
14,16,1,10,16
14,16,0,13,7
14,16,0,13,9
14,16,1,7,16
14,16,0,13,13
14,16,0,13,10
14,16,1,12,16
14,16,0,13,8
14,16,0,13,14
14,16,1,10,16
14,16,1,12,16
14,16,0,13,9
14,16,0,13,10
14,16,1,9,16
14,16,0,13,7
14,16,1,11,16
14,16,1,10,16
14,16,0,13,10
14,16,1,10,16
14,16,0,13,12
14,16,0,13,11
14,16,1,8,16
14,16,1,7,16
14,16,1,10,16
14,16,1,9,16
14,16,0,13,7
14,16,1,8,16
14,16,1,7,16
14,16,0,13,9
14,16,1,7,16
14,16,1,10,16
14,16,0,13,9
14,16,0,13,14
14,16,0,13,7
14,16,1,10,16
14,16,0,13,7
14,16,0,13,6
14,16,1,8,16
14,16,0,13,10
14,16,0,13,14
14,16,0,13,5
14,16,0,13,9
14,16,0,13,11
14,16,1,11,16
14,16,0,13,8
14,16,1,10,16
14,16,1,5,16
14,16,0,13,7
14,16,0,13,4
14,16,1,7,16
14,16,0,13,7
14,16,1,11,16
14,16,1,12,16
14,16,0,13,8
14,16,0,13,13
14,16,0,13,12
14,16,0,13,13
14,16,1,9,16
14,16,0,13,9
14,16,1,12,16
14,16,0,13,8
14,16,1,9,16
14,16,0,13,10
14,16,0,13,14
14,16,0,13,10
14,16,1,9,16
14,16,0,13,11
14,17,0,13,12
14,17,1,9,17
14,17,0,13,15
14,17,0,13,7
14,17,0,13,2
14,17,1,8,17
14,17,0,13,11
14,17,1,7,17
14,17,0,13,13
14,17,1,7,17
14,17,1,9,17
14,17,1,10,17
14,17,0,13,16
14,17,0,13,10
14,17,0,13,6
14,17,0,13,9
14,17,0,13,15
14,17,0,13,13
14,17,0,13,13
14,17,0,13,5
14,17,0,13,10
14,17,0,13,13
14,17,0,13,11
14,17,1,6,17
14,17,0,13,9
14,17,0,13,11
14,17,0,13,8
14,17,1,10,17
14,17,0,13,13
14,17,0,13,5
14,17,0,13,14
14,17,0,13,11
14,17,1,8,17
14,17,0,13,6
14,17,0,13,7
14,17,0,13,8
14,17,0,13,7
14,17,0,13,11
14,17,0,13,14
14,17,1,8,17
14,17,0,13,11
14,17,0,13,8
14,17,0,13,10
14,17,0,13,12
14,17,0,13,5
14,17,1,4,17
14,17,0,13,12
14,17,0,13,13
14,17,0,13,7
14,17,0,13,7
14,17,0,13,15
14,17,1,6,17
14,17,0,13,15
14,17,1,3,17
14,17,0,13,11
14,17,0,13,14
14,17,0,13,13
14,17,1,11,17
14,17,0,13,14
14,17,1,11,17
14,17,0,13,11
14,17,0,13,14
14,17,1,9,17
14,17,1,10,17
14,17,1,7,17
14,17,0,13,15
14,17,1,10,17
14,17,0,13,9
14,17,0,13,9
14,17,0,13,15
14,17,0,13,6
14,17,1,8,17
14,17,0,13,5
14,17,0,13,13
14,17,0,13,5
14,17,0,13,9
14,17,0,13,10
14,17,0,13,8
14,17,0,13,10
14,17,0,13,8
14,17,1,4,17
14,17,0,13,5
14,17,0,13,14
14,17,0,13,7
14,17,1,12,17
14,17,1,10,17
14,17,0,13,14
14,17,1,9,17
14,17,0,13,12
14,17,1,11,17
14,17,0,13,9
14,17,0,13,14
14,17,1,5,17
14,17,0,13,8
14,17,0,13,16
14,17,0,13,12
14,17,0,13,10
14,17,0,13,9
14,17,0,13,9
14,17,1,8,17
14,18,0,13,8
14,18,0,13,12
14,18,1,9,18
14,18,0,13,14
14,18,0,13,12
14,18,0,13,11
14,18,1,11,18
14,18,0,13,8
14,18,0,13,15
14,18,1,7,18
14,18,0,13,9
14,18,1,10,18
14,18,0,13,16
14,18,1,11,18
14,18,0,13,16
14,18,0,13,17
14,18,0,13,5
14,18,0,13,17
14,18,0,13,15
14,18,0,13,12
14,18,0,13,15
14,18,0,13,10
14,18,1,8,18
14,18,1,11,18
14,18,1,10,18
14,18,0,13,9
14,18,0,13,15
14,18,0,13,16
14,18,0,13,13
14,18,0,13,9
14,18,0,13,10
14,18,0,13,17
14,18,0,13,13
14,18,0,13,13
14,18,0,13,14
14,18,0,13,10
14,18,1,12,18
14,18,0,13,8
14,18,1,7,18
14,18,0,13,13
14,18,0,13,12
14,18,0,13,12
14,18,0,13,12
14,18,0,13,17
14,18,0,13,15
14,18,0,13,11
14,18,0,13,9
14,18,0,13,13
14,18,0,13,9
14,18,1,7,18
14,18,0,13,15
14,18,0,13,7
14,18,0,13,8
14,18,0,13,11
14,18,1,8,18
14,18,0,13,16
14,18,0,13,11
14,18,1,4,18
14,18,0,13,14
14,18,0,13,9
14,18,0,13,12
14,18,1,12,18
14,18,1,8,18
14,18,0,13,14
14,18,1,5,18
14,18,1,7,18
14,18,0,13,14
14,18,0,13,11
14,18,1,10,18
14,18,0,13,13
14,18,0,13,6
14,18,0,13,7
14,18,0,13,10
14,18,0,13,16
14,18,1,5,18
14,18,1,10,18
14,18,0,13,7
14,18,0,13,9
14,18,1,9,18
14,18,0,13,13
14,18,0,13,12
14,18,1,11,18
14,18,0,13,13
14,18,0,13,14
14,18,0,13,16
14,18,0,13,12
14,18,1,12,18
14,18,1,10,18
14,18,0,13,16
14,18,0,13,8
14,18,0,13,16
14,18,0,13,13
14,18,0,13,12
14,18,0,13,12
14,18,0,13,7
14,18,0,13,9
14,18,1,5,18
14,18,0,13,13
14,18,0,13,8
14,18,0,13,6
14,19,0,13,10
14,19,0,13,11
14,19,0,13,14
14,19,1,8,19
14,19,1,5,19
14,19,0,13,14
14,19,1,12,19
14,19,0,13,6
14,19,1,9,19
14,19,0,13,12
14,19,0,13,4
14,19,0,13,5
14,19,0,13,14
14,19,0,13,13
14,19,0,13,8
14,19,1,7,19
14,19,1,9,19
14,19,0,13,16
14,19,0,13,13
14,19,0,13,14
14,19,0,13,11
14,19,0,13,5
14,19,0,13,8
14,19,1,10,19
14,19,0,13,9
14,19,0,13,9
14,19,1,12,19
14,19,0,13,18
14,19,0,13,12
14,19,0,13,18
14,19,1,11,19
14,19,0,13,6
14,19,0,13,15
14,19,1,11,19
14,19,0,13,14
14,19,0,13,16
14,19,0,13,14
14,19,1,6,19
14,19,0,13,18
14,19,0,13,6
14,19,0,13,11
14,19,0,13,7
14,19,0,13,17
14,19,0,13,15
14,19,0,13,7
14,19,0,13,13
14,19,0,13,1
14,19,0,13,12
14,19,0,13,9
14,19,0,13,12
14,19,0,13,7
14,19,0,13,6
14,19,0,13,7
14,19,1,6,19
14,19,0,13,8
14,19,0,13,16
14,19,0,13,17
14,19,0,13,16
14,19,1,12,19
14,19,0,13,12
14,19,0,13,16
14,19,0,13,15
14,19,0,13,4
14,19,1,9,19
14,19,0,13,15
14,19,0,13,7
14,19,0,13,15
14,19,0,13,14
14,19,0,13,17
14,19,1,6,19
14,19,0,13,16
14,19,0,13,10
14,19,1,10,19
14,19,0,13,12
14,19,0,13,13
14,19,0,13,15
14,19,0,13,14
14,19,1,12,19
14,19,0,13,15
14,19,0,13,11
14,19,1,4,19
14,19,0,13,13
14,19,1,8,19
14,19,0,13,9
14,19,0,13,14
14,19,0,13,12
14,19,1,7,19
14,19,0,13,8
14,19,0,13,11
14,19,0,13,8
14,19,0,13,14
14,19,0,13,7
14,19,0,13,7
14,19,0,13,8
14,19,0,13,13
14,19,0,13,7
14,19,0,13,6
14,19,0,13,12
14,19,1,10,19
14,19,0,13,15
14,20,0,13,12
14,20,0,13,7
14,20,0,13,17
14,20,0,13,9
14,20,1,9,20
14,20,0,13,12
14,20,0,13,13
14,20,0,13,15
14,20,1,8,20
14,20,0,13,7
14,20,0,13,5
14,20,0,13,17
14,20,0,13,16
14,20,0,13,13
14,20,0,13,18
14,20,0,13,11
14,20,0,13,6
14,20,0,13,11
14,20,0,13,18
14,20,0,13,18
14,20,0,13,11
14,20,0,13,8
14,20,0,13,12
14,20,0,13,16
14,20,0,13,7
14,20,0,13,17
14,20,0,13,15
14,20,0,13,12
14,20,0,13,7
14,20,0,13,13
14,20,0,13,11
14,20,0,13,13
14,20,0,13,7
14,20,0,13,18
14,20,0,13,11
14,20,0,13,16
14,20,0,13,15
14,20,1,10,20
14,20,0,13,9
14,20,0,13,12
14,20,0,13,5
14,20,0,13,16
14,20,0,13,15
14,20,0,13,15
14,20,0,13,3
14,20,0,13,13
14,20,0,13,6
14,20,1,9,20
14,20,0,13,12
14,20,0,13,17
14,20,0,13,13
14,20,0,13,15
14,20,0,13,8
14,20,0,13,15
14,20,0,13,10
14,20,1,9,20
14,20,0,13,12
14,20,0,13,9
14,20,0,13,19
14,20,1,11,20
14,20,0,13,11
14,20,0,13,13
14,20,1,11,20
14,20,0,13,9
14,20,1,7,20
14,20,0,13,11
14,20,0,13,10
14,20,1,11,20
14,20,0,13,13
14,20,0,13,19
14,20,0,13,17
14,20,0,13,16
14,20,0,13,8
14,20,0,13,18
14,20,0,13,12
14,20,0,13,6
14,20,0,13,9
14,20,0,13,12
14,20,0,13,8
14,20,0,13,4
14,20,0,13,9
14,20,1,9,20
14,20,0,13,13
14,20,1,9,20
14,20,0,13,16
14,20,0,13,11
14,20,0,13,13
14,20,1,10,20
14,20,0,13,10
14,20,0,13,12
14,20,0,13,6
14,20,1,9,20
14,20,0,13,15
14,20,0,13,2
14,20,1,8,20
14,20,0,13,10
14,20,0,13,12
14,20,0,13,3
14,20,0,13,19
14,20,0,13,14
15,1,1,0,1
15,1,1,0,1
15,1,1,0,1
15,1,1,0,1
15,1,1,0,1
15,1,1,0,1
15,1,1,0,1
15,1,1,0,1
15,1,1,3,1
15,1,1,0,1
15,1,1,0,1
15,1,1,0,1
15,1,1,0,1
15,1,1,0,1
15,1,1,0,1
15,1,1,0,1
15,1,1,1,1
15,1,1,3,1
15,1,1,2,1
15,1,1,0,1
15,1,1,0,1
15,1,1,0,1
15,1,1,2,1
15,1,1,0,1
15,1,1,1,1
15,1,1,0,1
15,1,1,1,1
15,1,1,1,1
15,1,1,0,1
15,1,1,0,1
15,1,1,0,1
15,1,1,0,1
15,1,1,1,1
15,1,1,0,1
15,1,1,0,1
15,1,1,1,1
15,1,1,0,1
15,1,1,0,1
15,1,1,0,1
15,1,1,0,1
15,1,1,0,1
15,1,1,0,1
15,1,1,3,1
15,1,1,1,1
15,1,1,0,1
15,1,1,2,1
15,1,1,0,1
15,1,1,2,1
15,1,1,0,1
15,1,1,0,1
15,1,1,0,1
15,1,1,0,1
15,1,1,0,1
15,1,1,0,1
15,1,1,0,1
15,1,1,0,1
15,1,1,0,1
15,1,1,0,1
15,1,1,1,1
15,1,1,2,1
15,1,1,1,1
15,1,1,0,1
15,1,1,0,1
15,1,1,0,1
15,1,1,0,1
15,1,1,0,1
15,1,1,3,1
15,1,1,0,1
15,1,1,0,1
15,1,1,0,1
15,1,1,0,1
15,1,1,0,1
15,1,1,0,1
15,1,1,0,1
15,1,1,2,1
15,1,1,0,1
15,1,1,0,1
15,1,1,1,1
15,1,1,0,1
15,1,1,0,1
15,1,1,0,1
15,1,1,0,1
15,1,1,0,1
15,1,1,0,1
15,1,1,0,1
15,1,1,0,1
15,1,1,0,1
15,1,1,0,1
15,1,1,0,1
15,1,1,0,1
15,1,1,2,1
15,1,1,0,1
15,1,1,0,1
15,1,1,1,1
15,1,1,0,1
15,1,1,1,1
15,1,1,0,1
15,1,1,0,1
15,1,1,0,1
15,1,1,0,1
15,2,1,3,2
15,2,1,3,2
15,2,1,2,2
15,2,1,0,2
15,2,1,1,2
15,2,1,0,2
15,2,1,0,2
15,2,1,8,2
15,2,1,0,2
15,2,1,0,2
15,2,1,0,2
15,2,1,1,2
15,2,1,12,2
15,2,1,0,2
15,2,1,1,2
15,2,1,0,2
15,2,1,2,2
15,2,1,0,2
15,2,1,1,2
15,2,1,1,2
15,2,1,2,2
15,2,1,1,2
15,2,1,1,2
15,2,1,0,2
15,2,1,1,2
15,2,1,0,2
15,2,1,3,2
15,2,1,2,2
15,2,1,4,2
15,2,1,0,2
15,2,1,0,2
15,2,1,0,2
15,2,1,4,2
15,2,1,3,2
15,2,1,0,2
15,2,1,6,2
15,2,1,0,2
15,2,1,1,2
15,2,1,3,2
15,2,1,0,2
15,2,1,3,2
15,2,1,1,2
15,2,1,0,2
15,2,1,3,2
15,2,1,3,2
15,2,1,2,2
15,2,1,1,2
15,2,1,0,2
15,2,1,4,2
15,2,1,2,2
15,2,1,2,2
15,2,1,1,2
15,2,1,6,2
15,2,1,0,2
15,2,1,1,2
15,2,1,0,2
15,2,1,2,2
15,2,1,1,2
15,2,1,4,2
15,2,1,1,2
15,2,1,1,2
15,2,1,0,2
15,2,1,0,2
15,2,1,0,2
15,2,0,14,0
15,2,1,0,2
15,2,1,2,2
15,2,1,2,2
15,2,1,1,2
15,2,1,0,2
15,2,1,1,2
15,2,1,0,2
15,2,1,2,2
15,2,1,3,2
15,2,1,2,2
15,2,1,0,2
15,2,1,1,2
15,2,1,0,2
15,2,1,1,2
15,2,1,0,2
15,2,1,0,2
15,2,1,0,2
15,2,1,0,2
15,2,1,0,2
15,2,1,0,2
15,2,1,3,2
15,2,1,0,2
15,2,1,1,2
15,2,1,2,2
15,2,1,2,2
15,2,1,7,2
15,2,1,0,2
15,2,1,2,2
15,2,1,0,2
15,2,1,4,2
15,2,1,0,2
15,2,1,0,2
15,2,1,1,2
15,2,1,0,2
15,2,1,1,2
15,3,1,0,3
15,3,1,0,3
15,3,1,6,3
15,3,1,0,3
15,3,1,0,3
15,3,1,0,3
15,3,1,2,3
15,3,1,0,3
15,3,1,6,3
15,3,1,2,3
15,3,1,1,3
15,3,1,4,3
15,3,1,2,3
15,3,1,2,3
15,3,1,1,3
15,3,1,5,3
15,3,1,2,3
15,3,1,3,3
15,3,1,5,3
15,3,1,2,3
15,3,1,0,3
15,3,1,3,3
15,3,1,4,3
15,3,1,1,3
15,3,1,3,3
15,3,1,1,3
15,3,1,2,3
15,3,1,1,3
15,3,1,0,3
15,3,1,1,3
15,3,1,3,3
15,3,1,0,3
15,3,1,4,3
15,3,1,2,3
15,3,1,7,3
15,3,1,4,3
15,3,1,0,3
15,3,1,0,3
15,3,1,1,3
15,3,1,1,3
15,3,1,5,3
15,3,1,5,3
15,3,1,1,3
15,3,1,0,3
15,3,1,7,3
15,3,1,0,3
15,3,1,1,3
15,3,1,0,3
15,3,1,0,3
15,3,1,1,3
15,3,1,1,3
15,3,1,4,3
15,3,1,4,3
15,3,1,1,3
15,3,1,0,3
15,3,1,2,3
15,3,1,0,3
15,3,1,9,3
15,3,1,2,3
15,3,1,4,3
15,3,1,5,3
15,3,1,4,3
15,3,1,1,3
15,3,1,0,3
15,3,1,2,3
15,3,1,0,3
15,3,1,1,3
15,3,1,4,3
15,3,1,1,3
15,3,1,2,3
15,3,1,0,3
15,3,1,3,3
15,3,1,2,3
15,3,1,0,3
15,3,1,5,3
15,3,1,1,3
15,3,1,3,3
15,3,1,0,3
15,3,1,2,3
15,3,1,6,3
15,3,1,2,3
15,3,1,0,3
15,3,1,4,3
15,3,1,1,3
15,3,1,1,3
15,3,1,2,3
15,3,1,0,3
15,3,1,1,3
15,3,1,0,3
15,3,1,4,3
15,3,1,8,3
15,3,1,4,3
15,3,1,0,3
15,3,1,3,3
15,3,1,1,3
15,3,1,1,3
15,3,1,5,3
15,3,1,0,3
15,3,1,1,3
15,3,1,5,3
15,4,1,5,4
15,4,1,4,4
15,4,1,4,4
15,4,1,4,4
15,4,1,0,4
15,4,1,0,4
15,4,1,7,4
15,4,1,0,4
15,4,1,0,4
15,4,1,0,4
15,4,1,9,4
15,4,1,7,4
15,4,1,0,4
15,4,1,4,4
15,4,1,2,4
15,4,1,4,4
15,4,1,4,4
15,4,1,1,4
15,4,1,4,4
15,4,1,11,4
15,4,1,2,4
15,4,1,8,4
15,4,1,3,4
15,4,1,2,4
15,4,1,3,4
15,4,1,9,4
15,4,1,4,4
15,4,1,2,4
15,4,1,2,4
15,4,1,1,4
15,4,1,2,4
15,4,1,2,4
15,4,1,3,4
15,4,1,9,4
15,4,1,2,4
15,4,1,0,4
15,4,1,2,4
15,4,1,7,4
15,4,1,12,4
15,4,1,5,4
15,4,1,1,4
15,4,1,1,4
15,4,1,2,4
15,4,1,3,4
15,4,1,2,4
15,4,1,4,4
15,4,1,2,4
15,4,1,3,4
15,4,1,2,4
15,4,1,0,4
15,4,1,2,4
15,4,1,6,4
15,4,1,0,4
15,4,1,2,4
15,4,1,3,4
15,4,1,0,4
15,4,1,2,4
15,4,1,1,4
15,4,1,2,4
15,4,1,4,4
15,4,1,2,4
15,4,1,5,4
15,4,1,0,4
15,4,1,0,4
15,4,1,10,4
15,4,1,3,4
15,4,1,1,4
15,4,1,5,4
15,4,1,3,4
15,4,1,0,4
15,4,1,4,4
15,4,1,0,4
15,4,1,3,4
15,4,1,0,4
15,4,1,5,4
15,4,1,4,4
15,4,1,3,4
15,4,1,7,4
15,4,1,3,4
15,4,1,1,4
15,4,1,0,4
15,4,0,14,1
15,4,1,0,4
15,4,1,8,4
15,4,1,0,4
15,4,1,13,4
15,4,1,0,4
15,4,1,3,4
15,4,1,9,4
15,4,1,0,4
15,4,1,6,4
15,4,1,4,4
15,4,1,5,4
15,4,1,8,4
15,4,1,2,4
15,4,1,2,4
15,4,1,3,4
15,4,1,1,4
15,4,1,3,4
15,4,1,0,4
15,5,1,3,5
15,5,1,9,5
15,5,1,4,5
15,5,1,6,5
15,5,1,3,5
15,5,1,3,5
15,5,1,2,5
15,5,1,2,5
15,5,0,14,3
15,5,1,8,5
15,5,1,1,5
15,5,1,4,5
15,5,1,12,5
15,5,1,2,5
15,5,1,2,5
15,5,1,6,5
15,5,1,5,5
15,5,1,5,5
15,5,1,4,5
15,5,1,2,5
15,5,1,7,5
15,5,1,1,5
15,5,1,3,5
15,5,1,6,5
15,5,1,1,5
15,5,1,2,5
15,5,1,3,5
15,5,1,5,5
15,5,1,7,5
15,5,1,1,5
15,5,1,9,5
15,5,1,2,5
15,5,1,1,5
15,5,1,2,5
15,5,1,0,5
15,5,1,5,5
15,5,1,7,5
15,5,1,3,5
15,5,1,4,5
15,5,1,0,5
15,5,1,3,5
15,5,1,0,5
15,5,1,4,5
15,5,1,2,5
15,5,1,1,5
15,5,1,11,5
15,5,1,1,5
15,5,1,3,5
15,5,1,3,5
15,5,1,5,5
15,5,1,4,5
15,5,1,3,5
15,5,1,1,5
15,5,1,9,5
15,5,1,0,5
15,5,1,2,5
15,5,1,6,5
15,5,1,1,5
15,5,1,3,5
15,5,1,4,5
15,5,1,0,5
15,5,1,1,5
15,5,1,4,5
15,5,1,1,5
15,5,1,0,5
15,5,1,5,5
15,5,1,4,5
15,5,1,7,5
15,5,1,9,5
15,5,1,1,5
15,5,1,2,5
15,5,1,4,5
15,5,1,9,5
15,5,1,3,5
15,5,1,2,5
15,5,1,1,5
15,5,1,3,5
15,5,1,3,5
15,5,1,5,5
15,5,1,4,5
15,5,1,3,5
15,5,1,2,5
15,5,1,2,5
15,5,1,0,5
15,5,1,2,5
15,5,1,13,5
15,5,1,5,5
15,5,1,3,5
15,5,1,6,5
15,5,1,1,5
15,5,1,5,5
15,5,1,4,5
15,5,1,3,5
15,5,0,14,2
15,5,1,1,5
15,5,1,2,5
15,5,1,9,5
15,5,1,4,5
15,5,1,5,5
15,5,1,4,5
15,6,1,4,6
15,6,1,1,6
15,6,1,4,6
15,6,1,3,6
15,6,1,5,6
15,6,1,3,6
15,6,1,11,6
15,6,1,4,6
15,6,1,0,6
15,6,1,1,6
15,6,1,3,6
15,6,1,3,6
15,6,1,2,6
15,6,1,9,6
15,6,1,4,6
15,6,1,0,6
15,6,1,4,6
15,6,1,4,6
15,6,1,5,6
15,6,1,3,6
15,6,1,1,6
15,6,1,0,6
15,6,1,10,6
15,6,1,1,6
15,6,1,1,6
15,6,1,3,6
15,6,1,8,6
15,6,1,1,6
15,6,1,1,6
15,6,1,5,6
15,6,1,4,6
15,6,1,4,6
15,6,1,9,6
15,6,1,6,6
15,6,1,1,6
15,6,1,1,6
15,6,1,3,6
15,6,1,1,6
15,6,1,10,6
15,6,1,10,6
15,6,1,4,6
15,6,1,2,6
15,6,1,5,6
15,6,1,0,6
15,6,1,6,6
15,6,1,1,6
15,6,1,3,6
15,6,1,4,6
15,6,1,3,6
15,6,1,8,6
15,6,1,3,6
15,6,1,4,6
15,6,1,0,6
15,6,1,5,6
15,6,1,3,6
15,6,1,1,6
15,6,1,5,6
15,6,1,4,6
15,6,1,1,6
15,6,1,3,6
15,6,1,5,6
15,6,1,2,6
15,6,1,4,6
15,6,1,2,6
15,6,1,0,6
15,6,1,4,6
15,6,1,1,6
15,6,1,1,6
15,6,1,1,6
15,6,1,2,6
15,6,1,5,6
15,6,1,2,6
15,6,1,10,6
15,6,1,2,6
15,6,1,1,6
15,6,1,11,6
15,6,1,5,6
15,6,1,6,6
15,6,1,1,6
15,6,1,5,6
15,6,1,2,6
15,6,1,3,6
15,6,1,1,6
15,6,1,7,6
15,6,1,2,6
15,6,1,0,6
15,6,1,10,6
15,6,1,4,6
15,6,1,2,6
15,6,1,2,6
15,6,1,8,6
15,6,1,3,6
15,6,1,4,6
15,6,1,9,6
15,6,1,3,6
15,6,1,0,6
15,6,1,5,6
15,6,1,9,6
15,6,1,4,6
15,6,1,4,6
15,7,1,0,7
15,7,1,4,7
15,7,1,12,7
15,7,1,2,7
15,7,1,12,7
15,7,1,2,7
15,7,1,1,7
15,7,1,4,7
15,7,1,8,7
15,7,1,10,7
15,7,1,12,7
15,7,0,14,4
15,7,1,2,7
15,7,1,1,7
15,7,1,1,7
15,7,1,4,7
15,7,1,3,7
15,7,1,1,7
15,7,1,5,7
15,7,1,2,7
15,7,1,7,7
15,7,1,5,7
15,7,1,5,7
15,7,0,14,1
15,7,1,4,7
15,7,1,8,7
15,7,1,8,7
15,7,1,11,7
15,7,1,5,7
15,7,1,0,7
15,7,1,5,7
15,7,1,2,7
15,7,1,6,7
15,7,1,3,7
15,7,1,8,7
15,7,1,6,7
15,7,1,4,7
15,7,1,13,7
15,7,1,4,7
15,7,0,14,6
15,7,1,10,7
15,7,1,0,7
15,7,1,10,7
15,7,1,4,7
15,7,1,1,7
15,7,1,6,7
15,7,1,9,7
15,7,1,10,7
15,7,1,2,7
15,7,1,2,7
15,7,1,5,7
15,7,1,2,7
15,7,1,3,7
15,7,1,5,7
15,7,1,5,7
15,7,1,3,7
15,7,1,11,7
15,7,1,8,7
15,7,1,6,7
15,7,1,7,7
15,7,1,7,7
15,7,1,6,7
15,7,1,9,7
15,7,1,2,7
15,7,1,5,7
15,7,1,3,7
15,7,1,2,7
15,7,1,6,7
15,7,1,3,7
15,7,1,1,7
15,7,1,5,7
15,7,1,3,7
15,7,1,4,7
15,7,1,4,7
15,7,1,2,7
15,7,1,6,7
15,7,1,3,7
15,7,1,6,7
15,7,1,0,7
15,7,1,4,7
15,7,1,0,7
15,7,1,9,7
15,7,1,8,7
15,7,1,3,7
15,7,1,7,7
15,7,1,10,7
15,7,1,7,7
15,7,1,3,7
15,7,1,9,7
15,7,1,5,7
15,7,1,1,7
15,7,1,2,7
15,7,1,10,7
15,7,1,3,7
15,7,1,7,7
15,7,1,6,7
15,7,1,6,7
15,7,1,3,7
15,7,1,6,7
15,7,1,3,7
15,8,1,8,8
15,8,1,5,8
15,8,0,14,3
15,8,1,4,8
15,8,1,6,8
15,8,0,14,7
15,8,1,9,8
15,8,1,8,8
15,8,0,14,6
15,8,1,5,8
15,8,0,14,7
15,8,1,2,8
15,8,1,5,8
15,8,1,10,8
15,8,1,3,8
15,8,1,4,8
15,8,1,13,8
15,8,1,5,8
15,8,1,7,8
15,8,1,8,8
15,8,1,7,8
15,8,1,5,8
15,8,1,7,8
15,8,0,14,6
15,8,1,10,8
15,8,1,11,8
15,8,1,5,8
15,8,0,14,6
15,8,1,3,8
15,8,1,12,8
15,8,1,6,8
15,8,1,10,8
15,8,1,7,8
15,8,1,5,8
15,8,1,2,8
15,8,1,8,8
15,8,1,6,8
15,8,1,5,8
15,8,1,8,8
15,8,1,5,8
15,8,1,1,8
15,8,1,2,8
15,8,1,5,8
15,8,1,4,8
15,8,0,14,7
15,8,1,5,8
15,8,1,5,8
15,8,1,8,8
15,8,1,5,8
15,8,1,9,8
15,8,1,3,8
15,8,1,3,8
15,8,0,14,4
15,8,1,8,8
15,8,1,10,8
15,8,1,5,8
15,8,1,5,8
15,8,1,4,8
15,8,1,3,8
15,8,1,3,8
15,8,1,4,8
15,8,1,6,8
15,8,1,3,8
15,8,1,4,8
15,8,1,4,8
15,8,1,8,8
15,8,1,8,8
15,8,1,6,8
15,8,1,3,8
15,8,1,6,8
15,8,1,3,8
15,8,1,12,8
15,8,1,10,8
15,8,1,7,8
15,8,1,2,8
15,8,1,5,8
15,8,1,0,8
15,8,1,9,8
15,8,1,1,8
15,8,1,7,8
15,8,1,7,8
15,8,1,4,8
15,8,0,14,5
15,8,1,1,8
15,8,1,2,8
15,8,1,3,8
15,8,1,8,8
15,8,1,6,8
15,8,1,2,8
15,8,1,5,8
15,8,1,5,8
15,8,1,6,8
15,8,1,11,8
15,8,1,9,8
15,8,1,9,8
15,8,1,9,8
15,8,1,3,8
15,8,1,11,8
15,8,1,6,8
15,8,1,6,8
15,9,1,9,9
15,9,1,9,9
15,9,1,6,9
15,9,1,2,9
15,9,1,11,9
15,9,1,4,9
15,9,1,6,9
15,9,1,7,9
15,9,1,7,9
15,9,1,8,9
15,9,1,13,9
15,9,1,13,9
15,9,1,7,9
15,9,1,3,9
15,9,1,5,9
15,9,1,4,9
15,9,1,5,9
15,9,1,8,9
15,9,0,14,3
15,9,1,10,9
15,9,1,7,9
15,9,1,9,9
15,9,1,11,9
15,9,0,14,7
15,9,1,3,9
15,9,1,8,9
15,9,1,8,9
15,9,1,2,9
15,9,1,5,9
15,9,1,13,9
15,9,1,7,9
15,9,0,14,8
15,9,0,14,7
15,9,1,4,9
15,9,1,7,9
15,9,0,14,7
15,9,0,14,7
15,9,1,1,9
15,9,1,11,9
15,9,1,5,9
15,9,0,14,6
15,9,1,9,9
15,9,1,3,9
15,9,1,3,9
15,9,1,12,9
15,9,1,13,9
15,9,1,5,9
15,9,1,11,9
15,9,1,4,9
15,9,1,6,9
15,9,1,9,9
15,9,1,8,9
15,9,1,2,9
15,9,1,8,9
15,9,1,11,9
15,9,1,9,9
15,9,1,5,9
15,9,1,3,9
15,9,1,2,9
15,9,1,5,9
15,9,1,8,9
15,9,1,5,9
15,9,1,5,9
15,9,1,2,9
15,9,1,6,9
15,9,1,3,9
15,9,0,14,6
15,9,1,8,9
15,9,1,2,9
15,9,1,9,9
15,9,1,7,9
15,9,1,11,9
15,9,1,2,9
15,9,1,5,9
15,9,0,14,6
15,9,1,2,9
15,9,1,1,9
15,9,1,8,9
15,9,1,4,9
15,9,1,10,9
15,9,1,7,9
15,9,1,12,9
15,9,1,10,9
15,9,1,9,9
15,9,1,6,9
15,9,1,7,9
15,9,1,5,9
15,9,1,4,9
15,9,1,12,9
15,9,1,7,9
15,9,1,9,9
15,9,1,10,9
15,9,0,14,3
15,9,1,9,9
15,9,1,9,9
15,9,1,7,9
15,9,0,14,7
15,9,0,14,4
15,9,1,10,9
15,9,1,7,9
15,10,1,2,10
15,10,1,6,10
15,10,1,8,10
15,10,1,8,10
15,10,0,14,5
15,10,0,14,8
15,10,1,5,10
15,10,1,5,10
15,10,1,5,10
15,10,1,5,10
15,10,1,9,10
15,10,0,14,4
15,10,0,14,8
15,10,1,8,10
15,10,1,9,10
15,10,1,4,10
15,10,0,14,7
15,10,1,5,10
15,10,1,12,10
15,10,1,3,10
15,10,1,6,10
15,10,1,3,10
15,10,1,8,10
15,10,1,11,10
15,10,1,9,10
15,10,1,4,10
15,10,1,0,10
15,10,1,6,10
15,10,1,2,10
15,10,1,5,10
15,10,1,3,10
15,10,1,7,10
15,10,1,2,10
15,10,1,9,10
15,10,1,4,10
15,10,1,6,10
15,10,1,5,10
15,10,1,8,10
15,10,1,12,10
15,10,1,4,10
15,10,1,3,10
15,10,1,3,10
15,10,1,4,10
15,10,1,6,10
15,10,1,10,10
15,10,0,14,2
15,10,1,6,10
15,10,1,3,10
15,10,0,14,8
15,10,1,8,10
15,10,1,6,10
15,10,1,10,10
15,10,0,14,3
15,10,1,9,10
15,10,1,7,10
15,10,1,5,10
15,10,1,5,10
15,10,1,8,10
15,10,1,8,10
15,10,1,10,10
15,10,1,5,10
15,10,1,1,10
15,10,1,5,10
15,10,1,5,10
15,10,1,9,10
15,10,1,2,10
15,10,1,8,10
15,10,1,6,10
15,10,0,14,7
15,10,1,1,10
15,10,1,9,10
15,10,1,4,10
15,10,1,10,10
15,10,1,2,10
15,10,1,2,10
15,10,1,7,10
15,10,0,14,7
15,10,1,13,10
15,10,1,1,10
15,10,1,4,10
15,10,1,4,10
15,10,1,5,10
15,10,1,10,10
15,10,1,5,10
15,10,1,5,10
15,10,1,8,10
15,10,1,7,10
15,10,1,10,10
15,10,1,13,10
15,10,1,7,10
15,10,1,6,10
15,10,1,8,10
15,10,1,3,10
15,10,1,4,10
15,10,1,5,10
15,10,1,10,10
15,10,1,5,10
15,10,0,14,5
15,10,0,14,9
15,10,1,1,10
15,11,1,3,11
15,11,1,5,11
15,11,1,1,11
15,11,1,11,11
15,11,1,7,11
15,11,0,14,2
15,11,1,1,11
15,11,1,10,11
15,11,1,11,11
15,11,1,4,11
15,11,1,7,11
15,11,1,7,11
15,11,1,4,11
15,11,1,8,11
15,11,1,7,11
15,11,0,14,6
15,11,0,14,7
15,11,1,9,11
15,11,1,10,11
15,11,1,12,11
15,11,0,14,5
15,11,1,11,11
15,11,1,7,11
15,11,1,6,11
15,11,1,8,11
15,11,1,7,11
15,11,1,10,11
15,11,0,14,5
15,11,0,14,7
15,11,0,14,8
15,11,1,7,11
15,11,1,7,11
15,11,1,11,11
15,11,0,14,9
15,11,1,5,11
15,11,0,14,8
15,11,1,5,11
15,11,1,13,11
15,11,1,6,11
15,11,1,7,11
15,11,0,14,8
15,11,1,11,11
15,11,1,1,11
15,11,0,14,8
15,11,1,7,11
15,11,1,12,11
15,11,1,11,11
15,11,1,9,11
15,11,1,10,11
15,11,1,7,11
15,11,1,7,11
15,11,1,5,11
15,11,0,14,6
15,11,1,8,11
15,11,1,7,11
15,11,1,6,11
15,11,1,3,11
15,11,0,14,9
15,11,1,7,11
15,11,1,7,11
15,11,1,9,11
15,11,1,6,11
15,11,1,8,11
15,11,1,6,11
15,11,1,2,11
15,11,1,11,11
15,11,1,2,11
15,11,0,14,8
15,11,0,14,9
15,11,0,14,9
15,11,0,14,9
15,11,1,7,11
15,11,1,5,11
15,11,1,5,11
15,11,1,9,11
15,11,1,3,11
15,11,1,6,11
15,11,0,14,3
15,11,1,9,11
15,11,1,9,11
15,11,1,7,11
15,11,0,14,6
15,11,1,6,11
15,11,1,1,11
15,11,0,14,6
15,11,1,3,11
15,11,1,13,11
15,11,0,14,3
15,11,1,6,11
15,11,1,4,11
15,11,0,14,9
15,11,1,4,11
15,11,1,10,11
15,11,1,13,11
15,11,1,4,11
15,11,1,6,11
15,11,1,8,11
15,11,0,14,2
15,11,1,11,11
15,11,1,3,11
15,12,0,14,9
15,12,1,12,12
15,12,0,14,9
15,12,0,14,11
15,12,1,10,12
15,12,1,12,12
15,12,0,14,9
15,12,1,9,12
15,12,1,4,12
15,12,1,11,12
15,12,1,5,12
15,12,1,7,12
15,12,1,13,12
15,12,0,14,9
15,12,1,9,12
15,12,0,14,9
15,12,1,6,12
15,12,1,9,12
15,12,1,9,12
15,12,1,5,12
15,12,1,7,12
15,12,0,14,10
15,12,1,11,12
15,12,1,3,12
15,12,1,6,12
15,12,0,14,11
15,12,1,10,12
15,12,1,3,12
15,12,1,4,12
15,12,1,6,12
15,12,1,8,12
15,12,1,8,12
15,12,0,14,10
15,12,1,12,12
15,12,1,5,12
15,12,1,10,12
15,12,1,7,12
15,12,1,10,12
15,12,1,4,12
15,12,1,6,12
15,12,0,14,8
15,12,1,9,12
15,12,0,14,10
15,12,1,10,12
15,12,1,4,12
15,12,1,10,12
15,12,1,9,12
15,12,0,14,8
15,12,1,3,12
15,12,1,5,12
15,12,1,9,12
15,12,0,14,7
15,12,1,7,12
15,12,1,12,12
15,12,1,5,12
15,12,1,9,12
15,12,0,14,11
15,12,1,8,12
15,12,1,7,12
15,12,1,7,12
15,12,1,11,12
15,12,1,12,12
15,12,1,6,12
15,12,1,12,12
15,12,1,7,12
15,12,1,8,12
15,12,1,11,12
15,12,1,3,12
15,12,0,14,9
15,12,1,11,12
15,12,1,9,12
15,12,1,8,12
15,12,1,9,12
15,12,1,13,12
15,12,1,10,12
15,12,0,14,9
15,12,1,6,12
15,12,0,14,4
15,12,1,4,12
15,12,1,11,12
15,12,1,6,12
15,12,1,6,12
15,12,1,11,12
15,12,0,14,8
15,12,1,4,12
15,12,1,12,12
15,12,1,12,12
15,12,1,10,12
15,12,1,11,12
15,12,1,10,12
15,12,1,7,12
15,12,0,14,3
15,12,1,5,12
15,12,1,11,12
15,12,1,9,12
15,12,1,7,12
15,12,1,11,12
15,12,1,9,12
15,12,0,14,10
15,12,0,14,10
15,13,1,4,13
15,13,1,8,13
15,13,1,7,13
15,13,1,11,13
15,13,1,11,13
15,13,0,14,8
15,13,1,6,13
15,13,1,11,13
15,13,1,9,13
15,13,1,8,13
15,13,1,11,13
15,13,1,9,13
15,13,0,14,8
15,13,1,11,13
15,13,0,14,1
15,13,0,14,10
15,13,0,14,4
15,13,1,6,13
15,13,0,14,11
15,13,1,12,13
15,13,1,7,13
15,13,0,14,5
15,13,0,14,4
15,13,0,14,11
15,13,0,14,7
15,13,1,11,13
15,13,0,14,9
15,13,0,14,6
15,13,1,6,13
15,13,1,3,13
15,13,1,5,13
15,13,1,12,13
15,13,1,7,13
15,13,0,14,6
15,13,1,8,13
15,13,1,13,13
15,13,1,7,13
15,13,1,8,13
15,13,0,14,6
15,13,1,10,13
15,13,1,10,13
15,13,0,14,9
15,13,1,9,13
15,13,0,14,9
15,13,1,11,13
15,13,1,12,13
15,13,1,9,13
15,13,1,12,13
15,13,1,9,13
15,13,1,10,13
15,13,0,14,11
15,13,1,7,13
15,13,1,11,13
15,13,1,8,13
15,13,1,5,13
15,13,1,11,13
15,13,0,14,11
15,13,0,14,7
15,13,1,9,13
15,13,1,6,13
15,13,0,14,10
15,13,1,11,13
15,13,1,9,13
15,13,1,5,13
15,13,0,14,10
15,13,0,14,7
15,13,1,11,13
15,13,1,8,13
15,13,1,2,13
15,13,0,14,8
15,13,1,7,13
15,13,1,11,13
15,13,1,3,13
15,13,1,5,13
15,13,0,14,8
15,13,1,13,13
15,13,1,5,13
15,13,1,4,13
15,13,0,14,12
15,13,1,5,13
15,13,1,8,13
15,13,1,12,13
15,13,0,14,11
15,13,1,11,13
15,13,1,11,13
15,13,0,14,10
15,13,1,12,13
15,13,0,14,12
15,13,0,14,11
15,13,1,9,13
15,13,1,8,13
15,13,0,14,9
15,13,1,8,13
15,13,1,6,13
15,13,0,14,10
15,13,1,10,13
15,13,1,4,13
15,13,0,14,10
15,13,1,5,13
15,13,0,14,8
15,14,1,11,14
15,14,0,14,8
15,14,1,8,14
15,14,1,9,14
15,14,1,9,14
15,14,1,9,14
15,14,1,9,14
15,14,1,10,14
15,14,0,14,12
15,14,1,13,14
15,14,0,14,11
15,14,0,14,10
15,14,1,9,14
15,14,0,14,4
15,14,0,14,12
15,14,1,6,14
15,14,0,14,11
15,14,1,3,14
15,14,0,14,7
15,14,1,2,14
15,14,0,14,11
15,14,0,14,12
15,14,0,14,5
15,14,0,14,8
15,14,0,14,12
15,14,1,9,14
15,14,1,8,14
15,14,1,13,14
15,14,1,7,14
15,14,1,9,14
15,14,1,7,14
15,14,0,14,11
15,14,1,6,14
15,14,1,11,14
15,14,1,11,14
15,14,1,7,14
15,14,0,14,12
15,14,1,12,14
15,14,0,14,10
15,14,1,9,14
15,14,1,11,14
15,14,1,9,14
15,14,1,10,14
15,14,1,11,14
15,14,0,14,9
15,14,1,11,14
15,14,1,12,14
15,14,1,7,14
15,14,1,10,14
15,14,0,14,7
15,14,1,4,14
15,14,0,14,13
15,14,1,11,14
15,14,0,14,6
15,14,0,14,12
15,14,1,8,14
15,14,1,9,14
15,14,1,8,14
15,14,0,14,10
15,14,0,14,13
15,14,1,11,14
15,14,1,11,14
15,14,0,14,4
15,14,0,14,9
15,14,0,14,13
15,14,0,14,6
15,14,1,8,14
15,14,1,9,14
15,14,0,14,5
15,14,1,11,14
15,14,0,14,8
15,14,0,14,6
15,14,0,14,11
15,14,1,9,14
15,14,0,14,13
15,14,0,14,4
15,14,1,6,14
15,14,0,14,8
15,14,1,6,14
15,14,1,9,14
15,14,1,13,14
15,14,1,6,14
15,14,1,5,14
15,14,0,14,12
15,14,0,14,5
15,14,0,14,13
15,14,0,14,11
15,14,0,14,11
15,14,1,9,14
15,14,1,9,14
15,14,0,14,9
15,14,1,10,14
15,14,1,9,14
15,14,1,10,14
15,14,1,4,14
15,14,0,14,8
15,14,1,7,14
15,14,1,5,14
15,14,0,14,12
15,14,1,4,14
15,15,0,14,14
15,15,0,14,11
15,15,0,14,13
15,15,1,5,15
15,15,1,11,15
15,15,1,8,15
15,15,0,14,7
15,15,1,11,15
15,15,0,14,13
15,15,0,14,8
15,15,1,9,15
15,15,0,14,8
15,15,0,14,13
15,15,0,14,10
15,15,0,14,7
15,15,0,14,13
15,15,1,7,15
15,15,1,8,15
15,15,1,6,15
15,15,0,14,12
15,15,0,14,12
15,15,0,14,13
15,15,0,14,13
15,15,0,14,10
15,15,0,14,12
15,15,0,14,14
15,15,1,7,15
15,15,1,6,15
15,15,0,14,12
15,15,0,14,10
15,15,1,9,15
15,15,1,9,15
15,15,1,13,15
15,15,1,9,15
15,15,1,10,15
15,15,1,9,15
15,15,1,11,15
15,15,0,14,11
15,15,1,11,15
15,15,0,14,4
15,15,1,11,15
15,15,0,14,10
15,15,0,14,10
15,15,1,4,15
15,15,1,9,15
15,15,1,9,15
15,15,1,7,15
15,15,1,6,15
15,15,1,7,15
15,15,1,11,15
15,15,1,8,15
15,15,1,5,15
15,15,1,9,15
15,15,1,7,15
15,15,1,4,15
15,15,1,9,15
15,15,1,7,15
15,15,1,7,15
15,15,1,6,15
15,15,0,14,9
15,15,0,14,11
15,15,0,14,8
15,15,1,4,15
15,15,0,14,11
15,15,0,14,13
15,15,1,4,15
15,15,0,14,9
15,15,1,4,15
15,15,1,5,15
15,15,0,14,8
15,15,1,7,15
15,15,1,10,15
15,15,0,14,9
15,15,0,14,9
15,15,0,14,10
15,15,1,5,15
15,15,0,14,11
15,15,0,14,10
15,15,0,14,7
15,15,0,14,8
15,15,1,8,15
15,15,0,14,9
15,15,1,3,15
15,15,1,8,15
15,15,0,14,12
15,15,1,12,15
15,15,0,14,12
15,15,1,8,15
15,15,1,10,15
15,15,1,12,15
15,15,1,11,15
15,15,0,14,11
15,15,1,8,15
15,15,1,8,15
15,15,0,14,13
15,15,0,14,11
15,15,0,14,13
15,15,1,13,15
15,15,0,14,12
15,15,0,14,8
15,16,1,10,16
15,16,0,14,5
15,16,0,14,12
15,16,0,14,15
15,16,0,14,14
15,16,0,14,15
15,16,0,14,9
15,16,0,14,9
15,16,1,12,16
15,16,1,8,16
15,16,0,14,8
15,16,1,9,16
15,16,0,14,13
15,16,1,10,16
15,16,0,14,8
15,16,1,6,16
15,16,0,14,10
15,16,1,11,16
15,16,0,14,7
15,16,1,13,16
15,16,1,8,16
15,16,0,14,9
15,16,0,14,13
15,16,0,14,9
15,16,0,14,3
15,16,0,14,12
15,16,0,14,5
15,16,1,8,16
15,16,1,10,16
15,16,1,10,16
15,16,1,9,16
15,16,0,14,2
15,16,1,9,16
15,16,1,7,16
15,16,1,7,16
15,16,0,14,5
15,16,1,4,16
15,16,1,9,16
15,16,1,5,16
15,16,1,4,16
15,16,0,14,15
15,16,0,14,5
15,16,0,14,14
15,16,1,2,16
15,16,1,10,16
15,16,1,9,16
15,16,1,3,16
15,16,1,10,16
15,16,1,5,16
15,16,0,14,12
15,16,1,10,16
15,16,0,14,12
15,16,0,14,13
15,16,1,11,16
15,16,0,14,9
15,16,0,14,9
15,16,0,14,11
15,16,1,4,16
15,16,1,8,16
15,16,0,14,12
15,16,1,12,16
15,16,0,14,11
15,16,1,4,16
15,16,1,8,16
15,16,0,14,11
15,16,1,10,16
15,16,1,12,16
15,16,1,11,16
15,16,1,4,16
15,16,1,0,16
15,16,0,14,11
15,16,0,14,12
15,16,0,14,14
15,16,0,14,9
15,16,0,14,14
15,16,0,14,6
15,16,0,14,11
15,16,0,14,8
15,16,0,14,12
15,16,1,10,16
15,16,0,14,7
15,16,1,6,16
15,16,1,9,16
15,16,1,10,16
15,16,0,14,8
15,16,1,8,16
15,16,0,14,13
15,16,0,14,14
15,16,0,14,10
15,16,1,3,16
15,16,0,14,12
15,16,1,10,16
15,16,0,14,12
15,16,0,14,10
15,16,0,14,14
15,16,1,6,16
15,16,0,14,10
15,16,1,6,16
15,16,0,14,10
15,16,0,14,12
15,17,0,14,9
15,17,0,14,5
15,17,0,14,11
15,17,0,14,7
15,17,0,14,9
15,17,1,2,17
15,17,0,14,9
15,17,0,14,12
15,17,0,14,13
15,17,0,14,11
15,17,1,5,17
15,17,0,14,12
15,17,0,14,9
15,17,1,8,17
15,17,0,14,9
15,17,1,5,17
15,17,0,14,10
15,17,1,7,17
15,17,1,11,17
15,17,0,14,13
15,17,1,6,17
15,17,0,14,5
15,17,1,7,17
15,17,0,14,11
15,17,1,11,17
15,17,0,14,11
15,17,0,14,10
15,17,0,14,10
15,17,1,11,17
15,17,1,12,17
15,17,0,14,7
15,17,1,12,17
15,17,1,9,17
15,17,1,7,17
15,17,0,14,16
15,17,0,14,3
15,17,0,14,8
15,17,0,14,13
15,17,1,11,17
15,17,0,14,16
15,17,0,14,11
15,17,1,11,17
15,17,1,10,17
15,17,0,14,10
15,17,1,12,17
15,17,0,14,11
15,17,0,14,14
15,17,1,12,17
15,17,0,14,13
15,17,0,14,8
15,17,0,14,13
15,17,0,14,15
15,17,0,14,14
15,17,0,14,12
15,17,0,14,12
15,17,0,14,13
15,17,0,14,10
15,17,1,6,17
15,17,1,8,17
15,17,1,9,17
15,17,0,14,9
15,17,1,4,17
15,17,1,12,17
15,17,1,6,17
15,17,1,9,17
15,17,0,14,13
15,17,0,14,14
15,17,0,14,13
15,17,0,14,14
15,17,1,4,17
15,17,0,14,13
15,17,0,14,14
15,17,0,14,12
15,17,0,14,13
15,17,1,8,17
15,17,1,8,17
15,17,1,7,17
15,17,0,14,16
15,17,1,10,17
15,17,0,14,12
15,17,0,14,9
15,17,0,14,9
15,17,0,14,8
15,17,0,14,15
15,17,0,14,11
15,17,1,4,17
15,17,0,14,13
15,17,1,9,17
15,17,0,14,13
15,17,1,3,17
15,17,0,14,14
15,17,0,14,8
15,17,0,14,8
15,17,0,14,8
15,17,0,14,13
15,17,0,14,4
15,17,0,14,13
15,17,1,11,17
15,17,0,14,10
15,17,0,14,7
15,18,0,14,10
15,18,1,11,18
15,18,1,5,18
15,18,0,14,5
15,18,0,14,16
15,18,0,14,10
15,18,0,14,13
15,18,0,14,12
15,18,0,14,10
15,18,0,14,16
15,18,0,14,8
15,18,1,9,18
15,18,0,14,11
15,18,1,11,18
15,18,0,14,12
15,18,0,14,16
15,18,1,8,18
15,18,1,8,18
15,18,0,14,16
15,18,0,14,13
15,18,1,11,18
15,18,0,14,14
15,18,0,14,15
15,18,1,11,18
15,18,0,14,8
15,18,0,14,4
15,18,0,14,5
15,18,1,13,18
15,18,0,14,14
15,18,0,14,13
15,18,0,14,16
15,18,0,14,16
15,18,1,7,18
15,18,1,12,18
15,18,1,10,18
15,18,0,14,6
15,18,0,14,10
15,18,0,14,5
15,18,0,14,6
15,18,1,7,18
15,18,1,9,18
15,18,0,14,13
15,18,0,14,16
15,18,0,14,16
15,18,1,7,18
15,18,0,14,14
15,18,1,9,18
15,18,0,14,16
15,18,0,14,6
15,18,0,14,13
15,18,1,12,18
15,18,1,7,18
15,18,0,14,11
15,18,0,14,15
15,18,0,14,16
15,18,1,11,18
15,18,0,14,15
15,18,0,14,11
15,18,1,13,18
15,18,1,6,18
15,18,0,14,13
15,18,0,14,11
15,18,1,13,18
15,18,0,14,16
15,18,1,9,18
15,18,0,14,8
15,18,0,14,16
15,18,0,14,16
15,18,0,14,9
15,18,1,12,18
15,18,0,14,10
15,18,0,14,16
15,18,0,14,11
15,18,1,11,18
15,18,0,14,11
15,18,1,12,18
15,18,1,11,18
15,18,0,14,9
15,18,0,14,13
15,18,0,14,6
15,18,0,14,12
15,18,0,14,17
15,18,0,14,12
15,18,0,14,15
15,18,0,14,13
15,18,0,14,1
15,18,0,14,13
15,18,0,14,11
15,18,0,14,12
15,18,0,14,13
15,18,0,14,16
15,18,0,14,12
15,18,0,14,16
15,18,0,14,11
15,18,0,14,7
15,18,0,14,15
15,18,1,11,18
15,18,1,6,18
15,18,0,14,14
15,18,0,14,11
15,19,0,14,6
15,19,0,14,12
15,19,0,14,12
15,19,0,14,17
15,19,0,14,11
15,19,0,14,10
15,19,0,14,7
15,19,0,14,17
15,19,0,14,5
15,19,0,14,18
15,19,1,12,19
15,19,0,14,11
15,19,0,14,15
15,19,0,14,13
15,19,0,14,6
15,19,0,14,11
15,19,0,14,13
15,19,0,14,6
15,19,0,14,14
15,19,1,8,19
15,19,0,14,8
15,19,0,14,15
15,19,0,14,17
15,19,0,14,12
15,19,1,8,19
15,19,0,14,16
15,19,0,14,17
15,19,0,14,17
15,19,1,9,19
15,19,1,4,19
15,19,1,6,19
15,19,0,14,14
15,19,0,14,10
15,19,1,11,19
15,19,0,14,11
15,19,0,14,13
15,19,0,14,3
15,19,1,13,19
15,19,0,14,16
15,19,0,14,10
15,19,0,14,9
15,19,0,14,9
15,19,0,14,15
15,19,0,14,10
15,19,0,14,11
15,19,1,7,19
15,19,0,14,12
15,19,1,11,19
15,19,0,14,12
15,19,0,14,8
15,19,1,6,19
15,19,1,6,19
15,19,0,14,10
15,19,0,14,15
15,19,1,9,19
15,19,0,14,12
15,19,0,14,16
15,19,0,14,5
15,19,1,6,19
15,19,0,14,14
15,19,0,14,8
15,19,0,14,9
15,19,0,14,9
15,19,0,14,13
15,19,0,14,8
15,19,0,14,9
15,19,0,14,15
15,19,0,14,15
15,19,0,14,15
15,19,0,14,14
15,19,1,7,19
15,19,0,14,10
15,19,0,14,14
15,19,1,11,19
15,19,0,14,5
15,19,1,11,19
15,19,0,14,10
15,19,0,14,11
15,19,0,14,11
15,19,0,14,15
15,19,1,9,19
15,19,0,14,9
15,19,1,9,19
15,19,1,12,19
15,19,1,10,19
15,19,0,14,10
15,19,0,14,15
15,19,0,14,15
15,19,0,14,15
15,19,1,11,19
15,19,0,14,14
15,19,0,14,14
15,19,1,9,19
15,19,1,10,19
15,19,0,14,13
15,19,0,14,15
15,19,1,9,19
15,19,0,14,13
15,19,0,14,14
15,19,1,12,19
15,20,0,14,9
15,20,0,14,12
15,20,0,14,12
15,20,0,14,14
15,20,1,12,20
15,20,1,9,20
15,20,1,7,20
15,20,0,14,6
15,20,0,14,9
15,20,0,14,7
15,20,0,14,12
15,20,0,14,6
15,20,0,14,12
15,20,0,14,16
15,20,0,14,17
15,20,1,13,20
15,20,1,13,20
15,20,1,12,20
15,20,0,14,19
15,20,1,10,20
15,20,1,8,20
15,20,1,10,20
15,20,0,14,6
15,20,0,14,14
15,20,0,14,8
15,20,0,14,14
15,20,0,14,13
15,20,0,14,17
15,20,1,8,20
15,20,0,14,12
15,20,0,14,8
15,20,1,11,20
15,20,0,14,13
15,20,0,14,13
15,20,0,14,12
15,20,1,11,20
15,20,0,14,6
15,20,0,14,12
15,20,0,14,5
15,20,1,11,20
15,20,0,14,10
15,20,0,14,14
15,20,0,14,11
15,20,0,14,14
15,20,0,14,15
15,20,0,14,11
15,20,0,14,15
15,20,0,14,16
15,20,0,14,4
15,20,0,14,15
15,20,0,14,15
15,20,0,14,18
15,20,0,14,11
15,20,0,14,7
15,20,0,14,12
15,20,0,14,11
15,20,0,14,13
15,20,0,14,9
15,20,0,14,14
15,20,0,14,6
15,20,1,10,20
15,20,0,14,19
15,20,0,14,17
15,20,0,14,9
15,20,0,14,6
15,20,1,11,20
15,20,0,14,10
15,20,1,12,20
15,20,0,14,10
15,20,0,14,18
15,20,1,13,20
15,20,0,14,15
15,20,0,14,10
15,20,0,14,17
15,20,1,7,20
15,20,0,14,18
15,20,0,14,13
15,20,0,14,16
15,20,0,14,15
15,20,0,14,16
15,20,0,14,8
15,20,0,14,13
15,20,0,14,11
15,20,0,14,19
15,20,0,14,9
15,20,0,14,19
15,20,0,14,16
15,20,0,14,5
15,20,0,14,6
15,20,0,14,16
15,20,0,14,17
15,20,0,14,5
15,20,1,11,20
15,20,0,14,13
15,20,0,14,17
15,20,0,14,18
15,20,0,14,16
15,20,0,14,14
15,20,1,7,20
15,20,1,8,20
16,1,1,0,1
16,1,1,0,1
16,1,1,0,1
16,1,1,0,1
16,1,1,1,1
16,1,1,0,1
16,1,1,1,1
16,1,1,0,1
16,1,1,1,1
16,1,1,0,1
16,1,1,1,1
16,1,1,0,1
16,1,1,1,1
16,1,1,2,1
16,1,1,3,1
16,1,1,1,1
16,1,1,1,1
16,1,1,0,1
16,1,1,0,1
16,1,1,0,1
16,1,1,1,1
16,1,1,0,1
16,1,1,1,1
16,1,1,0,1
16,1,1,2,1
16,1,1,0,1
16,1,1,0,1
16,1,1,1,1
16,1,1,1,1
16,1,1,2,1
16,1,1,1,1
16,1,1,0,1
16,1,1,0,1
16,1,1,4,1
16,1,1,0,1
16,1,1,1,1
16,1,1,1,1
16,1,1,1,1
16,1,1,0,1
16,1,1,0,1
16,1,1,0,1
16,1,1,0,1
16,1,1,1,1
16,1,1,0,1
16,1,1,1,1
16,1,1,0,1
16,1,1,0,1
16,1,1,1,1
16,1,1,1,1
16,1,1,0,1
16,1,1,0,1
16,1,1,0,1
16,1,1,2,1
16,1,1,0,1
16,1,1,2,1
16,1,1,0,1
16,1,1,0,1
16,1,1,0,1
16,1,1,0,1
16,1,1,0,1
16,1,1,0,1
16,1,1,0,1
16,1,1,0,1
16,1,1,0,1
16,1,1,0,1
16,1,1,2,1
16,1,1,2,1
16,1,1,0,1
16,1,1,0,1
16,1,1,0,1
16,1,1,1,1
16,1,1,1,1
16,1,1,0,1
16,1,1,0,1
16,1,1,0,1
16,1,1,0,1
16,1,1,1,1
16,1,1,0,1
16,1,1,0,1
16,1,1,0,1
16,1,1,0,1
16,1,1,0,1
16,1,1,0,1
16,1,1,1,1
16,1,1,0,1
16,1,1,0,1
16,1,1,1,1
16,1,1,0,1
16,1,1,1,1
16,1,1,1,1
16,1,1,0,1
16,1,1,1,1
16,1,1,3,1
16,1,1,0,1
16,1,1,0,1
16,1,1,0,1
16,1,1,0,1
16,1,1,0,1
16,1,1,2,1
16,1,1,3,1
16,2,1,0,2
16,2,1,4,2
16,2,1,1,2
16,2,1,2,2
16,2,1,1,2
16,2,1,0,2
16,2,1,4,2
16,2,1,2,2
16,2,1,2,2
16,2,1,2,2
16,2,1,0,2
16,2,1,1,2
16,2,1,2,2
16,2,1,1,2
16,2,1,4,2
16,2,1,0,2
16,2,1,1,2
16,2,1,1,2
16,2,1,4,2
16,2,1,0,2
16,2,1,2,2
16,2,1,1,2
16,2,1,1,2
16,2,1,1,2
16,2,1,5,2
16,2,1,3,2
16,2,1,2,2
16,2,1,2,2
16,2,1,3,2
16,2,1,0,2
16,2,1,0,2
16,2,1,0,2
16,2,1,1,2
16,2,1,2,2
16,2,1,2,2
16,2,1,1,2
16,2,1,2,2
16,2,1,0,2
16,2,1,6,2
16,2,1,0,2
16,2,1,4,2
16,2,1,1,2
16,2,1,1,2
16,2,1,0,2
16,2,1,0,2
16,2,1,6,2
16,2,1,1,2
16,2,1,3,2
16,2,1,2,2
16,2,1,2,2
16,2,1,3,2
16,2,1,7,2
16,2,1,1,2
16,2,1,0,2
16,2,1,3,2
16,2,1,0,2
16,2,1,0,2
16,2,1,0,2
16,2,1,0,2
16,2,1,2,2
16,2,1,1,2
16,2,1,0,2
16,2,1,1,2
16,2,1,2,2
16,2,1,0,2
16,2,1,0,2
16,2,1,0,2
16,2,1,1,2
16,2,1,2,2
16,2,1,0,2
16,2,1,2,2
16,2,1,1,2
16,2,1,2,2
16,2,1,3,2
16,2,1,1,2
16,2,1,1,2
16,2,1,2,2
16,2,1,0,2
16,2,1,0,2
16,2,1,1,2
16,2,1,2,2
16,2,1,2,2
16,2,1,4,2
16,2,1,1,2
16,2,1,1,2
16,2,1,4,2
16,2,1,0,2
16,2,1,4,2
16,2,1,1,2
16,2,1,1,2
16,2,1,1,2
16,2,1,0,2
16,2,1,1,2
16,2,1,1,2
16,2,1,0,2
16,2,1,0,2
16,2,1,0,2
16,2,1,0,2
16,2,1,3,2
16,2,1,3,2
16,3,1,0,3
16,3,1,5,3
16,3,1,0,3
16,3,1,0,3
16,3,1,0,3
16,3,1,4,3
16,3,1,3,3
16,3,1,1,3
16,3,1,2,3
16,3,1,3,3
16,3,1,2,3
16,3,1,0,3
16,3,1,1,3
16,3,1,9,3
16,3,1,1,3
16,3,1,6,3
16,3,1,2,3
16,3,1,2,3
16,3,1,4,3
16,3,1,11,3
16,3,1,1,3
16,3,1,2,3
16,3,1,4,3
16,3,1,3,3
16,3,1,0,3
16,3,1,2,3
16,3,1,1,3
16,3,1,3,3
16,3,1,3,3
16,3,1,6,3
16,3,1,2,3
16,3,1,2,3
16,3,1,3,3
16,3,1,0,3
16,3,1,1,3
16,3,1,0,3
16,3,1,0,3
16,3,1,0,3
16,3,1,3,3
16,3,1,3,3
16,3,1,5,3
16,3,1,0,3
16,3,1,3,3
16,3,1,2,3
16,3,1,4,3
16,3,1,0,3
16,3,1,1,3
16,3,1,0,3
16,3,1,0,3
16,3,1,0,3
16,3,1,1,3
16,3,1,2,3
16,3,1,2,3
16,3,1,2,3
16,3,1,2,3
16,3,1,1,3
16,3,1,0,3
16,3,1,8,3
16,3,1,0,3
16,3,1,2,3
16,3,1,6,3
16,3,1,0,3
16,3,1,4,3
16,3,1,1,3
16,3,1,4,3
16,3,1,3,3
16,3,1,3,3
16,3,1,0,3
16,3,1,0,3
16,3,1,5,3
16,3,1,0,3
16,3,1,6,3
16,3,1,4,3
16,3,1,0,3
16,3,1,3,3
16,3,1,0,3
16,3,1,2,3
16,3,1,7,3
16,3,1,1,3
16,3,1,4,3
16,3,1,6,3
16,3,1,2,3
16,3,1,2,3
16,3,1,0,3
16,3,1,3,3
16,3,1,4,3
16,3,1,1,3
16,3,1,4,3
16,3,1,3,3
16,3,1,2,3
16,3,1,0,3
16,3,1,4,3
16,3,1,0,3
16,3,1,0,3
16,3,1,2,3
16,3,1,2,3
16,3,1,3,3
16,3,1,0,3
16,3,1,0,3
16,3,1,1,3
16,4,1,2,4
16,4,1,2,4
16,4,1,3,4
16,4,1,3,4
16,4,1,0,4
16,4,1,7,4
16,4,1,2,4
16,4,1,1,4
16,4,1,2,4
16,4,1,1,4
16,4,1,1,4
16,4,1,4,4
16,4,1,5,4
16,4,1,6,4
16,4,1,1,4
16,4,1,2,4
16,4,1,2,4
16,4,1,3,4
16,4,1,14,4
16,4,1,5,4
16,4,1,1,4
16,4,1,6,4
16,4,1,4,4
16,4,1,8,4
16,4,1,14,4
16,4,1,4,4
16,4,1,7,4
16,4,1,0,4
16,4,1,5,4
16,4,1,7,4
16,4,1,4,4
16,4,1,5,4
16,4,1,5,4
16,4,1,4,4
16,4,1,5,4
16,4,1,5,4
16,4,1,6,4
16,4,1,1,4
16,4,1,8,4
16,4,1,2,4
16,4,1,0,4
16,4,1,4,4
16,4,1,3,4
16,4,1,2,4
16,4,1,0,4
16,4,1,1,4
16,4,1,4,4
16,4,1,3,4
16,4,1,4,4
16,4,1,9,4
16,4,1,1,4
16,4,1,3,4
16,4,1,10,4
16,4,1,2,4
16,4,1,2,4
16,4,1,12,4
16,4,1,8,4
16,4,1,1,4
16,4,1,3,4
16,4,1,3,4
16,4,1,1,4
16,4,1,0,4
16,4,1,1,4
16,4,1,3,4
16,4,1,6,4
16,4,1,10,4
16,4,1,14,4
16,4,1,5,4
16,4,1,1,4
16,4,1,1,4
16,4,1,1,4
16,4,1,8,4
16,4,1,4,4
16,4,1,10,4
16,4,1,0,4
16,4,1,1,4
16,4,1,0,4
16,4,1,0,4
16,4,1,2,4
16,4,1,2,4
16,4,1,4,4
16,4,1,7,4
16,4,1,1,4
16,4,1,1,4
16,4,1,1,4
16,4,1,4,4
16,4,1,10,4
16,4,1,2,4
16,4,1,0,4
16,4,1,0,4
16,4,1,1,4
16,4,1,1,4
16,4,1,5,4
16,4,1,1,4
16,4,1,0,4
16,4,1,0,4
16,4,1,0,4
16,4,1,2,4
16,4,1,2,4
16,4,1,6,4
16,5,1,9,5
16,5,1,4,5
16,5,1,3,5
16,5,1,1,5
16,5,1,0,5
16,5,1,9,5
16,5,1,6,5
16,5,1,7,5
16,5,1,2,5
16,5,1,4,5
16,5,1,5,5
16,5,1,0,5
16,5,1,2,5
16,5,1,8,5
16,5,1,5,5
16,5,1,6,5
16,5,1,5,5
16,5,1,6,5
16,5,1,3,5
16,5,1,0,5
16,5,1,2,5
16,5,1,2,5
16,5,1,4,5
16,5,1,9,5
16,5,1,0,5
16,5,1,9,5
16,5,1,3,5
16,5,1,2,5
16,5,1,8,5
16,5,1,1,5
16,5,1,0,5
16,5,1,8,5
16,5,1,0,5
16,5,1,5,5
16,5,1,1,5
16,5,1,6,5
16,5,1,6,5
16,5,1,2,5
16,5,1,4,5
16,5,1,5,5
16,5,1,7,5
16,5,1,3,5
16,5,1,4,5
16,5,1,3,5
16,5,1,1,5
16,5,1,3,5
16,5,1,8,5
16,5,1,3,5
16,5,1,2,5
16,5,1,7,5
16,5,1,3,5
16,5,1,1,5
16,5,1,4,5
16,5,1,5,5
16,5,1,3,5
16,5,1,5,5
16,5,1,5,5
16,5,1,1,5
16,5,1,0,5
16,5,1,8,5
16,5,1,3,5
16,5,1,5,5
16,5,1,1,5
16,5,1,5,5
16,5,1,3,5
16,5,1,5,5
16,5,1,1,5
16,5,1,6,5
16,5,1,2,5
16,5,1,2,5
16,5,1,3,5
16,5,1,4,5
16,5,1,7,5
16,5,1,0,5
16,5,1,4,5
16,5,1,2,5
16,5,1,5,5
16,5,1,4,5
16,5,1,6,5
16,5,1,6,5
16,5,1,6,5
16,5,1,1,5
16,5,1,2,5
16,5,1,3,5
16,5,1,3,5
16,5,1,2,5
16,5,1,2,5
16,5,1,1,5
16,5,1,2,5
16,5,1,6,5
16,5,1,2,5
16,5,1,4,5
16,5,1,5,5
16,5,1,4,5
16,5,1,2,5
16,5,1,3,5
16,5,1,4,5
16,5,1,3,5
16,5,1,0,5
16,5,1,13,5
16,6,1,7,6
16,6,1,8,6
16,6,1,3,6
16,6,1,1,6
16,6,1,4,6
16,6,1,2,6
16,6,1,2,6
16,6,1,6,6
16,6,1,7,6
16,6,1,10,6
16,6,1,8,6
16,6,1,6,6
16,6,1,7,6
16,6,1,3,6
16,6,0,15,2
16,6,1,7,6
16,6,1,3,6
16,6,1,2,6
16,6,1,2,6
16,6,1,9,6
16,6,1,0,6
16,6,1,8,6
16,6,1,0,6
16,6,1,1,6
16,6,1,8,6
16,6,1,5,6
16,6,1,1,6
16,6,1,2,6
16,6,1,11,6
16,6,1,11,6
16,6,1,1,6
16,6,1,3,6
16,6,1,3,6
16,6,1,5,6
16,6,1,7,6
16,6,1,5,6
16,6,1,2,6
16,6,1,4,6
16,6,1,4,6
16,6,1,6,6
16,6,1,8,6
16,6,0,15,4
16,6,1,1,6
16,6,0,15,5
16,6,1,3,6
16,6,1,3,6
16,6,1,2,6
16,6,1,0,6
16,6,1,2,6
16,6,1,2,6
16,6,1,6,6
16,6,1,8,6
16,6,1,3,6
16,6,1,3,6
16,6,1,2,6
16,6,1,4,6
16,6,1,4,6
16,6,1,6,6
16,6,1,4,6
16,6,1,2,6
16,6,1,1,6
16,6,1,4,6
16,6,1,2,6
16,6,1,4,6
16,6,1,8,6
16,6,1,9,6
16,6,1,1,6
16,6,1,5,6
16,6,1,2,6
16,6,1,5,6
16,6,1,4,6
16,6,1,6,6
16,6,1,7,6
16,6,1,8,6
16,6,1,2,6
16,6,1,4,6
16,6,1,2,6
16,6,1,1,6
16,6,1,6,6
16,6,1,4,6
16,6,0,15,5
16,6,1,2,6
16,6,1,2,6
16,6,1,3,6
16,6,1,4,6
16,6,1,6,6
16,6,1,9,6
16,6,1,3,6
16,6,1,8,6
16,6,1,3,6
16,6,1,2,6
16,6,1,2,6
16,6,1,9,6
16,6,1,6,6
16,6,1,3,6
16,6,1,8,6
16,6,1,7,6
16,6,1,2,6
16,6,1,2,6
16,6,1,6,6
16,7,1,5,7
16,7,1,5,7
16,7,1,5,7
16,7,1,7,7
16,7,1,10,7
16,7,1,3,7
16,7,1,2,7
16,7,1,7,7
16,7,1,0,7
16,7,1,11,7
16,7,1,7,7
16,7,1,0,7
16,7,1,1,7
16,7,1,9,7
16,7,1,5,7
16,7,1,4,7
16,7,1,4,7
16,7,1,4,7
16,7,1,7,7
16,7,1,4,7
16,7,1,6,7
16,7,1,4,7
16,7,1,3,7
16,7,1,5,7
16,7,1,2,7
16,7,1,6,7
16,7,1,6,7
16,7,1,7,7
16,7,1,3,7
16,7,1,7,7
16,7,1,1,7
16,7,1,1,7
16,7,1,3,7
16,7,1,9,7
16,7,1,8,7
16,7,1,2,7
16,7,1,5,7
16,7,1,8,7
16,7,1,2,7
16,7,0,15,5
16,7,1,9,7
16,7,1,14,7
16,7,1,5,7
16,7,1,5,7
16,7,1,12,7
16,7,1,5,7
16,7,1,10,7
16,7,1,5,7
16,7,1,2,7
16,7,1,3,7
16,7,1,8,7
16,7,1,5,7
16,7,1,6,7
16,7,1,10,7
16,7,1,3,7
16,7,1,3,7
16,7,1,1,7
16,7,1,7,7
16,7,1,4,7
16,7,1,10,7
16,7,1,4,7
16,7,0,15,6
16,7,1,6,7
16,7,1,10,7
16,7,1,2,7
16,7,1,5,7
16,7,1,7,7
16,7,1,7,7
16,7,1,9,7
16,7,1,8,7
16,7,1,10,7
16,7,1,3,7
16,7,1,1,7
16,7,1,9,7
16,7,1,3,7
16,7,1,8,7
16,7,0,15,4
16,7,1,9,7
16,7,1,4,7
16,7,1,4,7
16,7,1,3,7
16,7,1,3,7
16,7,1,1,7
16,7,1,6,7
16,7,1,1,7
16,7,1,6,7
16,7,0,15,6
16,7,1,2,7
16,7,1,3,7
16,7,1,4,7
16,7,1,2,7
16,7,1,10,7
16,7,1,1,7
16,7,1,7,7
16,7,1,6,7
16,7,1,1,7
16,7,1,10,7
16,7,1,3,7
16,7,1,4,7
16,7,1,2,7
16,8,1,8,8
16,8,1,4,8
16,8,1,5,8
16,8,1,4,8
16,8,1,4,8
16,8,1,11,8
16,8,1,7,8
16,8,0,15,7
16,8,0,15,2
16,8,1,13,8
16,8,1,5,8
16,8,1,12,8
16,8,1,2,8
16,8,0,15,6
16,8,0,15,6
16,8,1,8,8
16,8,1,13,8
16,8,1,13,8
16,8,1,14,8
16,8,1,4,8
16,8,1,1,8
16,8,1,0,8
16,8,1,10,8
16,8,1,11,8
16,8,1,10,8
16,8,1,5,8
16,8,1,8,8
16,8,1,9,8
16,8,1,2,8
16,8,1,11,8
16,8,1,9,8
16,8,1,4,8
16,8,1,12,8
16,8,0,15,5
16,8,1,4,8
16,8,1,3,8
16,8,1,9,8
16,8,1,9,8
16,8,1,10,8
16,8,1,2,8
16,8,0,15,7
16,8,1,5,8
16,8,1,5,8
16,8,1,10,8
16,8,0,15,6
16,8,1,2,8
16,8,1,6,8
16,8,1,4,8
16,8,1,2,8
16,8,1,3,8
16,8,1,6,8
16,8,1,9,8
16,8,1,2,8
16,8,1,5,8
16,8,1,3,8
16,8,1,4,8
16,8,1,2,8
16,8,1,6,8
16,8,1,7,8
16,8,1,5,8
16,8,1,4,8
16,8,1,3,8
16,8,1,4,8
16,8,1,6,8
16,8,1,12,8
16,8,1,12,8
16,8,1,10,8
16,8,1,7,8
16,8,1,3,8
16,8,1,8,8
16,8,1,3,8
16,8,1,7,8
16,8,1,1,8
16,8,1,13,8
16,8,1,10,8
16,8,1,4,8
16,8,1,4,8
16,8,0,15,7
16,8,1,4,8
16,8,1,0,8
16,8,1,9,8
16,8,1,10,8
16,8,1,4,8
16,8,1,9,8
16,8,1,7,8
16,8,1,12,8
16,8,1,12,8
16,8,1,3,8
16,8,1,9,8
16,8,1,4,8
16,8,1,4,8
16,8,1,9,8
16,8,1,2,8
16,8,1,8,8
16,8,1,2,8
16,8,1,4,8
16,8,1,12,8
16,8,1,6,8
16,8,1,11,8
16,8,1,12,8
16,9,1,10,9
16,9,1,8,9
16,9,1,3,9
16,9,1,1,9
16,9,1,5,9
16,9,1,6,9
16,9,1,3,9
16,9,1,5,9
16,9,1,7,9
16,9,1,10,9
16,9,1,2,9
16,9,1,7,9
16,9,1,10,9
16,9,1,1,9
16,9,1,0,9
16,9,1,3,9
16,9,1,9,9
16,9,1,12,9
16,9,1,7,9
16,9,1,3,9
16,9,1,1,9
16,9,1,10,9
16,9,1,8,9
16,9,1,3,9
16,9,1,5,9
16,9,1,4,9
16,9,1,2,9
16,9,0,15,6
16,9,1,13,9
16,9,1,13,9
16,9,1,9,9
16,9,1,8,9
16,9,1,7,9
16,9,1,8,9
16,9,1,1,9
16,9,1,5,9
16,9,1,7,9
16,9,1,2,9
16,9,0,15,4
16,9,1,6,9
16,9,0,15,7
16,9,1,7,9
16,9,1,11,9
16,9,1,10,9
16,9,1,5,9
16,9,0,15,5
16,9,1,4,9
16,9,1,10,9
16,9,1,14,9
16,9,1,6,9
16,9,1,5,9
16,9,1,7,9
16,9,1,2,9
16,9,1,7,9
16,9,1,9,9
16,9,1,2,9
16,9,1,4,9
16,9,1,0,9
16,9,1,5,9
16,9,1,8,9
16,9,1,6,9
16,9,1,8,9
16,9,1,8,9
16,9,1,4,9
16,9,1,4,9
16,9,0,15,4
16,9,1,6,9
16,9,1,1,9
16,9,1,9,9
16,9,1,6,9
16,9,1,11,9
16,9,1,2,9
16,9,1,5,9
16,9,1,10,9
16,9,1,12,9
16,9,1,5,9
16,9,1,1,9
16,9,1,6,9
16,9,1,11,9
16,9,1,4,9
16,9,1,6,9
16,9,1,7,9
16,9,1,4,9
16,9,1,4,9
16,9,1,5,9
16,9,1,12,9
16,9,0,15,2
16,9,1,9,9
16,9,1,13,9
16,9,1,4,9
16,9,1,7,9
16,9,1,6,9
16,9,1,1,9
16,9,1,6,9
16,9,1,5,9
16,9,0,15,8
16,9,1,9,9
16,9,0,15,7
16,9,1,0,9
16,9,1,3,9
16,10,1,7,10
16,10,1,11,10
16,10,1,2,10
16,10,1,3,10
16,10,1,9,10
16,10,1,2,10
16,10,1,5,10
16,10,0,15,6
16,10,1,6,10
16,10,0,15,7
16,10,0,15,5
16,10,1,4,10
16,10,1,9,10
16,10,1,5,10
16,10,1,12,10
16,10,1,12,10
16,10,1,6,10
16,10,1,12,10
16,10,1,9,10
16,10,1,8,10
16,10,1,3,10
16,10,1,5,10
16,10,1,2,10
16,10,1,6,10
16,10,1,12,10
16,10,1,3,10
16,10,1,5,10
16,10,1,3,10
16,10,1,3,10
16,10,1,4,10
16,10,0,15,9
16,10,1,12,10
16,10,1,4,10
16,10,1,3,10
16,10,1,2,10
16,10,1,8,10
16,10,1,7,10
16,10,1,3,10
16,10,1,11,10
16,10,1,2,10
16,10,1,6,10
16,10,1,1,10
16,10,1,7,10
16,10,0,15,9
16,10,1,14,10
16,10,1,5,10
16,10,1,4,10
16,10,0,15,4
16,10,1,10,10
16,10,1,7,10
16,10,1,5,10
16,10,1,7,10
16,10,1,6,10
16,10,1,12,10
16,10,1,6,10
16,10,1,7,10
16,10,1,3,10
16,10,1,13,10
16,10,1,10,10
16,10,1,4,10
16,10,1,11,10
16,10,0,15,3
16,10,1,8,10
16,10,1,7,10
16,10,1,2,10
16,10,1,13,10
16,10,0,15,2
16,10,1,3,10
16,10,1,13,10
16,10,1,4,10
16,10,1,12,10
16,10,1,5,10
16,10,1,7,10
16,10,1,3,10
16,10,1,9,10
16,10,1,5,10
16,10,1,13,10
16,10,0,15,6
16,10,1,2,10
16,10,1,11,10
16,10,1,9,10
16,10,1,7,10
16,10,0,15,7
16,10,1,8,10
16,10,1,7,10
16,10,1,7,10
16,10,1,5,10
16,10,1,3,10
16,10,1,5,10
16,10,1,8,10
16,10,1,3,10
16,10,1,4,10
16,10,1,8,10
16,10,1,8,10
16,10,1,8,10
16,10,1,5,10
16,10,1,6,10
16,10,1,9,10
16,10,1,6,10
16,10,1,14,10
16,11,1,11,11
16,11,0,15,8
16,11,1,13,11
16,11,1,8,11
16,11,1,10,11
16,11,0,15,10
16,11,1,12,11
16,11,1,11,11
16,11,1,3,11
16,11,1,5,11
16,11,1,13,11
16,11,1,8,11
16,11,1,6,11
16,11,1,2,11
16,11,1,9,11
16,11,1,10,11
16,11,1,3,11
16,11,0,15,9
16,11,1,1,11
16,11,1,3,11
16,11,0,15,6
16,11,1,13,11
16,11,1,7,11
16,11,0,15,10
16,11,0,15,3
16,11,1,6,11
16,11,1,10,11
16,11,1,7,11
16,11,1,6,11
16,11,1,8,11
16,11,1,4,11
16,11,1,8,11
16,11,1,7,11
16,11,1,4,11
16,11,1,5,11
16,11,1,11,11
16,11,1,3,11
16,11,1,6,11
16,11,1,7,11
16,11,1,9,11
16,11,1,9,11
16,11,1,5,11
16,11,1,8,11
16,11,1,9,11
16,11,1,5,11
16,11,1,8,11
16,11,1,5,11
16,11,0,15,9
16,11,1,14,11
16,11,1,6,11
16,11,1,13,11
16,11,1,6,11
16,11,1,4,11
16,11,1,3,11
16,11,1,6,11
16,11,1,12,11
16,11,1,7,11
16,11,1,3,11
16,11,1,8,11
16,11,1,7,11
16,11,0,15,9
16,11,1,9,11
16,11,1,9,11
16,11,1,7,11
16,11,1,10,11
16,11,1,9,11
16,11,1,6,11
16,11,1,2,11
16,11,0,15,6
16,11,1,7,11
16,11,0,15,8
16,11,1,7,11
16,11,0,15,8
16,11,1,7,11
16,11,1,6,11
16,11,0,15,7
16,11,1,5,11
16,11,1,8,11
16,11,1,4,11
16,11,1,4,11
16,11,1,13,11
16,11,1,5,11
16,11,0,15,9
16,11,1,12,11
16,11,1,8,11
16,11,1,7,11
16,11,1,5,11
16,11,1,3,11
16,11,1,11,11
16,11,1,5,11
16,11,1,7,11
16,11,1,10,11
16,11,1,6,11
16,11,1,6,11
16,11,1,4,11
16,11,1,11,11
16,11,1,13,11
16,11,0,15,9
16,11,1,8,11
16,11,1,10,11
16,12,1,5,12
16,12,1,10,12
16,12,0,15,8
16,12,1,9,12
16,12,1,3,12
16,12,1,9,12
16,12,1,7,12
16,12,1,8,12
16,12,1,12,12
16,12,1,10,12
16,12,1,11,12
16,12,1,8,12
16,12,1,7,12
16,12,1,8,12
16,12,1,9,12
16,12,1,9,12
16,12,1,7,12
16,12,1,9,12
16,12,1,9,12
16,12,1,13,12
16,12,1,2,12
16,12,1,8,12
16,12,1,1,12
16,12,1,9,12
16,12,1,6,12
16,12,1,6,12
16,12,1,12,12
16,12,1,14,12
16,12,1,14,12
16,12,1,4,12
16,12,1,13,12
16,12,1,12,12
16,12,1,12,12
16,12,1,13,12
16,12,1,7,12
16,12,1,12,12
16,12,0,15,8
16,12,1,7,12
16,12,1,13,12
16,12,1,12,12
16,12,1,11,12
16,12,1,7,12
16,12,1,6,12
16,12,1,13,12
16,12,0,15,8
16,12,1,1,12
16,12,1,6,12
16,12,1,7,12
16,12,1,6,12
16,12,0,15,5
16,12,1,5,12
16,12,1,10,12
16,12,0,15,10
16,12,1,10,12
16,12,1,7,12
16,12,1,10,12
16,12,1,11,12
16,12,1,2,12
16,12,1,14,12
16,12,1,2,12
16,12,1,7,12
16,12,1,8,12
16,12,0,15,9
16,12,1,13,12
16,12,1,8,12
16,12,1,6,12
16,12,1,10,12
16,12,1,6,12
16,12,0,15,11
16,12,0,15,7
16,12,1,2,12
16,12,1,8,12
16,12,1,9,12
16,12,1,9,12
16,12,0,15,8
16,12,1,6,12
16,12,0,15,10
16,12,0,15,8
16,12,1,8,12
16,12,0,15,9
16,12,1,10,12
16,12,0,15,10
16,12,0,15,9
16,12,1,10,12
16,12,1,7,12
16,12,1,10,12
16,12,1,7,12
16,12,1,11,12
16,12,1,8,12
16,12,1,8,12
16,12,1,11,12
16,12,1,3,12
16,12,1,13,12
16,12,1,6,12
16,12,1,12,12
16,12,1,9,12
16,12,1,11,12
16,12,1,10,12
16,12,0,15,8
16,12,1,4,12
16,13,1,3,13
16,13,0,15,5
16,13,1,3,13
16,13,0,15,12
16,13,1,10,13
16,13,1,8,13
16,13,1,9,13
16,13,1,5,13
16,13,1,8,13
16,13,1,8,13
16,13,1,10,13
16,13,1,9,13
16,13,0,15,10
16,13,1,6,13
16,13,1,7,13
16,13,1,12,13
16,13,1,9,13
16,13,0,15,10
16,13,1,9,13
16,13,1,5,13
16,13,1,8,13
16,13,0,15,3
16,13,0,15,5
16,13,1,4,13
16,13,0,15,7
16,13,1,2,13
16,13,0,15,12
16,13,1,13,13
16,13,0,15,10
16,13,1,10,13
16,13,1,4,13
16,13,1,2,13
16,13,1,12,13
16,13,1,1,13
16,13,1,13,13
16,13,1,5,13
16,13,1,12,13
16,13,0,15,5
16,13,1,6,13
16,13,0,15,7
16,13,1,11,13
16,13,1,7,13
16,13,1,12,13
16,13,1,14,13
16,13,1,10,13
16,13,1,5,13
16,13,0,15,7
16,13,1,11,13
16,13,0,15,6
16,13,1,8,13
16,13,1,7,13
16,13,1,6,13
16,13,0,15,8
16,13,0,15,8
16,13,0,15,8
16,13,1,11,13
16,13,1,9,13
16,13,0,15,11
16,13,0,15,11
16,13,0,15,11
16,13,0,15,11
16,13,1,11,13
16,13,1,8,13
16,13,1,9,13
16,13,0,15,9
16,13,1,4,13
16,13,0,15,10
16,13,1,4,13
16,13,1,11,13
16,13,1,2,13
16,13,1,14,13
16,13,0,15,12
16,13,1,8,13
16,13,0,15,10
16,13,1,5,13
16,13,1,9,13
16,13,1,12,13
16,13,1,5,13
16,13,1,8,13
16,13,1,11,13
16,13,1,10,13
16,13,1,12,13
16,13,1,12,13
16,13,1,7,13
16,13,1,7,13
16,13,1,4,13
16,13,0,15,5
16,13,1,9,13
16,13,1,6,13
16,13,1,9,13
16,13,1,13,13
16,13,0,15,11
16,13,1,10,13
16,13,1,7,13
16,13,1,9,13
16,13,1,13,13
16,13,1,8,13
16,13,1,9,13
16,13,0,15,6
16,13,1,9,13
16,14,0,15,7
16,14,1,12,14
16,14,1,5,14
16,14,1,14,14
16,14,1,13,14
16,14,1,4,14
16,14,1,8,14
16,14,1,7,14
16,14,1,12,14
16,14,1,6,14
16,14,1,3,14
16,14,0,15,11
16,14,1,13,14
16,14,1,11,14
16,14,0,15,8
16,14,1,11,14
16,14,1,12,14
16,14,1,13,14
16,14,0,15,11
16,14,1,8,14
16,14,0,15,11
16,14,1,6,14
16,14,0,15,8
16,14,1,7,14
16,14,0,15,11
16,14,1,11,14
16,14,1,10,14
16,14,0,15,7
16,14,0,15,9
16,14,1,13,14
16,14,1,12,14
16,14,0,15,12
16,14,0,15,12
16,14,0,15,12
16,14,1,5,14
16,14,1,6,14
16,14,1,7,14
16,14,0,15,11
16,14,0,15,10
16,14,0,15,8
16,14,0,15,9
16,14,0,15,7
16,14,1,10,14
16,14,0,15,13
16,14,1,8,14
16,14,1,9,14
16,14,1,5,14
16,14,1,10,14
16,14,0,15,6
16,14,1,9,14
16,14,1,11,14
16,14,0,15,13
16,14,0,15,10
16,14,1,6,14
16,14,0,15,9
16,14,0,15,10
16,14,0,15,6
16,14,1,14,14
16,14,1,7,14
16,14,1,11,14
16,14,1,7,14
16,14,1,7,14
16,14,1,13,14
16,14,0,15,8
16,14,1,8,14
16,14,0,15,10
16,14,0,15,12
16,14,0,15,10
16,14,1,11,14
16,14,0,15,12
16,14,1,10,14
16,14,1,10,14
16,14,1,11,14
16,14,0,15,12
16,14,0,15,10
16,14,1,11,14
16,14,1,7,14
16,14,1,6,14
16,14,0,15,8
16,14,0,15,9
16,14,1,9,14
16,14,1,10,14
16,14,0,15,9
16,14,0,15,11
16,14,1,4,14
16,14,1,10,14
16,14,1,5,14
16,14,1,12,14
16,14,1,5,14
16,14,0,15,8
16,14,1,8,14
16,14,1,9,14
16,14,0,15,12
16,14,1,8,14
16,14,1,11,14
16,14,1,12,14
16,14,0,15,13
16,14,0,15,8
16,14,1,13,14
16,14,0,15,8
16,15,1,8,15
16,15,0,15,8
16,15,1,11,15
16,15,0,15,9
16,15,1,10,15
16,15,0,15,8
16,15,1,8,15
16,15,1,9,15
16,15,1,10,15
16,15,1,10,15
16,15,1,6,15
16,15,0,15,13
16,15,0,15,12
16,15,1,8,15
16,15,0,15,8
16,15,0,15,10
16,15,1,5,15
16,15,0,15,11
16,15,1,11,15
16,15,1,3,15
16,15,1,12,15
16,15,1,7,15
16,15,1,4,15
16,15,1,8,15
16,15,0,15,9
16,15,1,11,15
16,15,1,8,15
16,15,1,1,15
16,15,1,8,15
16,15,1,13,15
16,15,1,10,15
16,15,0,15,6
16,15,1,8,15
16,15,0,15,14
16,15,1,5,15
16,15,1,11,15
16,15,0,15,13
16,15,1,2,15
16,15,0,15,7
16,15,1,5,15
16,15,1,10,15
16,15,0,15,8
16,15,1,11,15
16,15,1,12,15
16,15,0,15,6
16,15,1,9,15
16,15,0,15,13
16,15,1,13,15
16,15,1,14,15
16,15,1,4,15
16,15,0,15,4
16,15,0,15,12
16,15,1,11,15
16,15,1,13,15
16,15,0,15,6
16,15,0,15,7
16,15,0,15,9
16,15,0,15,9
16,15,1,11,15
16,15,1,4,15
16,15,1,8,15
16,15,1,12,15
16,15,0,15,13
16,15,0,15,3
16,15,0,15,11
16,15,1,13,15
16,15,0,15,9
16,15,1,6,15
16,15,0,15,13
16,15,1,7,15
16,15,1,10,15
16,15,1,12,15
16,15,1,10,15
16,15,0,15,10
16,15,1,8,15
16,15,1,9,15
16,15,0,15,11
16,15,0,15,12
16,15,0,15,13
16,15,1,10,15
16,15,0,15,10
16,15,1,6,15
16,15,1,10,15
16,15,0,15,11
16,15,1,7,15
16,15,0,15,3
16,15,1,14,15
16,15,1,9,15
16,15,1,9,15
16,15,1,10,15
16,15,0,15,13
16,15,0,15,11
16,15,0,15,10
16,15,1,7,15
16,15,1,11,15
16,15,1,8,15
16,15,1,8,15
16,15,1,5,15
16,15,1,9,15
16,15,1,5,15
16,16,0,15,5
16,16,1,10,16
16,16,1,3,16
16,16,0,15,14
16,16,1,12,16
16,16,0,15,8
16,16,0,15,12
16,16,0,15,3
16,16,1,7,16
16,16,1,9,16
16,16,1,11,16
16,16,0,15,10
16,16,1,8,16
16,16,0,15,9
16,16,1,7,16
16,16,0,15,12
16,16,1,2,16
16,16,0,15,13
16,16,1,14,16
16,16,1,2,16
16,16,1,10,16
16,16,0,15,10
16,16,0,15,11
16,16,1,6,16
16,16,0,15,7
16,16,0,15,15
16,16,1,4,16
16,16,1,12,16
16,16,1,2,16
16,16,1,12,16
16,16,0,15,7
16,16,0,15,11
16,16,1,11,16
16,16,1,12,16
16,16,0,15,8
16,16,0,15,13
16,16,0,15,15
16,16,0,15,14
16,16,0,15,5
16,16,1,14,16
16,16,1,14,16
16,16,1,6,16
16,16,1,10,16
16,16,1,10,16
16,16,1,2,16
16,16,1,11,16
16,16,0,15,12
16,16,1,11,16
16,16,1,10,16
16,16,0,15,15
16,16,0,15,13
16,16,1,10,16
16,16,1,14,16
16,16,0,15,13
16,16,1,12,16
16,16,0,15,14
16,16,0,15,15
16,16,0,15,14
16,16,1,7,16
16,16,0,15,13
16,16,0,15,9
16,16,1,12,16
16,16,1,10,16
16,16,0,15,10
16,16,1,9,16
16,16,1,10,16
16,16,0,15,14
16,16,0,15,8
16,16,1,11,16
16,16,0,15,13
16,16,0,15,6
16,16,0,15,12
16,16,0,15,15
16,16,1,5,16
16,16,0,15,9
16,16,1,6,16
16,16,1,10,16
16,16,0,15,8
16,16,1,10,16
16,16,0,15,12
16,16,0,15,8
16,16,1,11,16
16,16,0,15,7
16,16,0,15,14
16,16,1,7,16
16,16,0,15,12
16,16,0,15,10
16,16,1,11,16
16,16,0,15,15
16,16,0,15,11
16,16,0,15,4
16,16,0,15,11
16,16,1,9,16
16,16,0,15,10
16,16,1,9,16
16,16,1,8,16
16,16,0,15,14
16,16,1,6,16
16,16,0,15,2
16,16,1,8,16
16,17,0,15,14
16,17,0,15,14
16,17,0,15,15
16,17,0,15,11
16,17,1,9,17
16,17,1,13,17
16,17,0,15,12
16,17,0,15,15
16,17,0,15,9
16,17,0,15,14
16,17,1,6,17
16,17,1,4,17
16,17,1,10,17
16,17,1,12,17
16,17,0,15,9
16,17,0,15,8
16,17,0,15,9
16,17,0,15,10
16,17,0,15,13
16,17,1,13,17
16,17,0,15,7
16,17,1,9,17
16,17,0,15,14
16,17,0,15,12
16,17,1,12,17
16,17,0,15,16
16,17,1,14,17
16,17,0,15,13
16,17,1,8,17
16,17,0,15,12
16,17,0,15,12
16,17,1,10,17
16,17,0,15,12
16,17,1,10,17
16,17,1,8,17
16,17,1,8,17
16,17,1,9,17
16,17,0,15,15
16,17,0,15,11
16,17,1,9,17
16,17,1,11,17
16,17,1,5,17
16,17,1,10,17
16,17,0,15,11
16,17,1,8,17
16,17,0,15,13
16,17,0,15,8
16,17,1,6,17
16,17,1,7,17
16,17,1,8,17
16,17,1,10,17
16,17,1,8,17
16,17,0,15,10
16,17,1,8,17
16,17,0,15,13
16,17,1,13,17
16,17,1,11,17
16,17,0,15,9
16,17,1,12,17
16,17,1,7,17
16,17,1,13,17
16,17,1,13,17
16,17,0,15,15
16,17,1,7,17
16,17,1,11,17
16,17,1,9,17
16,17,1,9,17
16,17,0,15,15
16,17,0,15,13
16,17,0,15,15
16,17,1,13,17
16,17,1,11,17
16,17,1,9,17
16,17,0,15,7
16,17,0,15,16
16,17,1,8,17
16,17,1,12,17
16,17,1,14,17
16,17,0,15,8
16,17,0,15,15
16,17,1,10,17
16,17,1,14,17
16,17,1,8,17
16,17,1,3,17
16,17,0,15,10
16,17,1,9,17
16,17,0,15,6
16,17,1,8,17
16,17,0,15,12
16,17,0,15,12
16,17,1,12,17
16,17,0,15,6
16,17,0,15,12
16,17,1,7,17
16,17,0,15,11
16,17,1,13,17
16,17,0,15,12
16,17,1,11,17
16,17,0,15,12
16,17,0,15,6
16,18,0,15,10
16,18,0,15,16
16,18,0,15,16
16,18,0,15,15
16,18,0,15,10
16,18,1,13,18
16,18,0,15,6
16,18,0,15,11
16,18,0,15,13
16,18,1,13,18
16,18,1,14,18
16,18,1,10,18
16,18,0,15,11
16,18,1,8,18
16,18,1,10,18
16,18,1,10,18
16,18,0,15,15
16,18,1,7,18
16,18,0,15,10
16,18,0,15,12
16,18,1,12,18
16,18,0,15,12
16,18,0,15,13
16,18,0,15,15
16,18,0,15,15
16,18,0,15,14
16,18,1,7,18
16,18,0,15,15
16,18,1,13,18
16,18,0,15,10
16,18,0,15,7
16,18,0,15,13
16,18,1,10,18
16,18,0,15,10
16,18,0,15,13
16,18,0,15,12
16,18,0,15,15
16,18,1,9,18
16,18,1,10,18
16,18,1,12,18
16,18,1,10,18
16,18,0,15,7
16,18,0,15,6
16,18,1,10,18
16,18,0,15,10
16,18,1,9,18
16,18,1,12,18
16,18,0,15,14
16,18,1,12,18
16,18,1,10,18
16,18,0,15,14
16,18,1,9,18
16,18,0,15,13
16,18,0,15,6
16,18,0,15,14
16,18,0,15,8
16,18,0,15,13
16,18,0,15,13
16,18,1,12,18
16,18,0,15,7
16,18,1,12,18
16,18,1,12,18
16,18,0,15,16
16,18,0,15,13
16,18,0,15,11
16,18,0,15,8
16,18,1,6,18
16,18,0,15,13
16,18,0,15,15
16,18,1,14,18
16,18,0,15,15
16,18,0,15,10
16,18,0,15,16
16,18,1,9,18
16,18,0,15,12
16,18,0,15,16
16,18,0,15,4
16,18,0,15,14
16,18,0,15,16
16,18,0,15,15
16,18,1,9,18
16,18,0,15,10
16,18,1,3,18
16,18,0,15,10
16,18,0,15,12
16,18,1,9,18
16,18,0,15,16
16,18,0,15,16
16,18,1,12,18
16,18,1,12,18
16,18,0,15,9
16,18,0,15,13
16,18,0,15,12
16,18,0,15,15
16,18,1,11,18
16,18,1,11,18
16,18,0,15,17
16,18,0,15,16
16,18,0,15,13
16,18,1,12,18
16,19,0,15,14
16,19,0,15,17
16,19,1,11,19
16,19,0,15,11
16,19,1,12,19
16,19,0,15,16
16,19,0,15,9
16,19,1,10,19
16,19,1,12,19
16,19,0,15,12
16,19,0,15,8
16,19,0,15,8
16,19,1,12,19
16,19,0,15,15
16,19,1,10,19
16,19,1,12,19
16,19,1,10,19
16,19,1,12,19
16,19,0,15,13
16,19,0,15,11
16,19,0,15,7
16,19,0,15,11
16,19,0,15,17
16,19,1,10,19
16,19,0,15,9
16,19,0,15,13
16,19,0,15,6
16,19,0,15,17
16,19,0,15,13
16,19,0,15,9
16,19,1,8,19
16,19,1,14,19
16,19,0,15,11
16,19,0,15,7
16,19,1,10,19
16,19,1,8,19
16,19,0,15,11
16,19,0,15,9
16,19,0,15,16
16,19,0,15,16
16,19,0,15,14
16,19,0,15,9
16,19,0,15,8
16,19,1,9,19
16,19,0,15,10
16,19,0,15,15
16,19,1,5,19
16,19,0,15,15
16,19,0,15,7
16,19,0,15,15
16,19,1,5,19
16,19,0,15,11
16,19,0,15,9
16,19,1,9,19
16,19,1,12,19
16,19,0,15,16
16,19,0,15,14
16,19,0,15,16
16,19,0,15,9
16,19,0,15,14
16,19,0,15,12
16,19,0,15,18
16,19,0,15,13
16,19,1,9,19
16,19,0,15,14
16,19,1,13,19
16,19,1,10,19
16,19,0,15,12
16,19,1,10,19
16,19,0,15,18
16,19,1,11,19
16,19,0,15,11
16,19,0,15,17
16,19,1,10,19
16,19,0,15,2
16,19,0,15,5
16,19,1,11,19
16,19,1,11,19
16,19,0,15,10
16,19,1,10,19
16,19,0,15,6
16,19,1,12,19
16,19,1,12,19
16,19,1,8,19
16,19,1,8,19
16,19,0,15,8
16,19,0,15,13
16,19,0,15,13
16,19,0,15,17
16,19,0,15,15
16,19,1,14,19
16,19,0,15,6
16,19,1,11,19
16,19,0,15,17
16,19,0,15,18
16,19,0,15,11
16,19,0,15,15
16,19,0,15,12
16,19,0,15,4
16,19,0,15,17
16,20,1,13,20
16,20,1,7,20
16,20,1,10,20
16,20,0,15,10
16,20,1,13,20
16,20,1,9,20
16,20,0,15,15
16,20,0,15,12
16,20,0,15,12
16,20,1,10,20
16,20,1,5,20
16,20,0,15,15
16,20,0,15,18
16,20,0,15,18
16,20,1,12,20
16,20,0,15,11
16,20,0,15,11
16,20,1,9,20
16,20,1,13,20
16,20,1,8,20
16,20,0,15,19
16,20,0,15,9
16,20,1,7,20
16,20,0,15,11
16,20,0,15,11
16,20,1,8,20
16,20,0,15,15
16,20,0,15,15
16,20,1,9,20
16,20,0,15,19
16,20,0,15,15
16,20,1,14,20
16,20,0,15,14
16,20,0,15,8
16,20,0,15,8
16,20,0,15,10
16,20,1,11,20
16,20,1,11,20
16,20,0,15,13
16,20,0,15,15
16,20,0,15,18
16,20,1,12,20
16,20,0,15,7
16,20,0,15,8
16,20,0,15,18
16,20,1,13,20
16,20,0,15,3
16,20,0,15,10
16,20,1,10,20
16,20,1,7,20
16,20,1,6,20
16,20,0,15,8
16,20,0,15,18
16,20,1,11,20
16,20,0,15,18
16,20,1,9,20
16,20,1,5,20
16,20,1,10,20
16,20,0,15,13
16,20,0,15,18
16,20,1,10,20
16,20,1,10,20
16,20,1,13,20
16,20,0,15,9
16,20,1,12,20
16,20,0,15,5
16,20,0,15,17
16,20,0,15,15
16,20,0,15,13
16,20,1,12,20
16,20,0,15,17
16,20,1,8,20
16,20,0,15,6
16,20,0,15,15
16,20,0,15,13
16,20,0,15,13
16,20,0,15,9
16,20,0,15,12
16,20,0,15,15
16,20,0,15,11
16,20,0,15,19
16,20,0,15,12
16,20,0,15,10
16,20,0,15,18
16,20,0,15,11
16,20,1,13,20
16,20,1,13,20
16,20,1,8,20
16,20,0,15,12
16,20,1,9,20
16,20,1,11,20
16,20,0,15,15
16,20,0,15,13
16,20,0,15,8
16,20,1,12,20
16,20,0,15,9
16,20,0,15,10
16,20,0,15,17
16,20,0,15,11
16,20,0,15,9
17,1,1,0,1
17,1,1,0,1
17,1,1,0,1
17,1,1,0,1
17,1,1,0,1
17,1,1,1,1
17,1,1,0,1
17,1,1,1,1
17,1,1,0,1
17,1,1,1,1
17,1,1,0,1
17,1,1,0,1
17,1,1,0,1
17,1,1,0,1
17,1,1,1,1
17,1,1,1,1
17,1,1,0,1
17,1,1,2,1
17,1,1,0,1
17,1,1,0,1
17,1,1,0,1
17,1,1,1,1
17,1,1,0,1
17,1,1,1,1
17,1,1,0,1
17,1,1,0,1
17,1,1,1,1
17,1,1,0,1
17,1,1,0,1
17,1,1,0,1
17,1,1,0,1
17,1,1,0,1
17,1,1,0,1
17,1,1,0,1
17,1,1,0,1
17,1,1,0,1
17,1,1,1,1
17,1,1,0,1
17,1,1,1,1
17,1,1,0,1
17,1,1,2,1
17,1,1,2,1
17,1,1,2,1
17,1,1,0,1
17,1,1,1,1
17,1,1,0,1
17,1,1,1,1
17,1,1,0,1
17,1,1,0,1
17,1,1,1,1
17,1,1,0,1
17,1,1,0,1
17,1,1,0,1
17,1,1,0,1
17,1,1,0,1
17,1,1,0,1
17,1,1,0,1
17,1,1,0,1
17,1,1,2,1
17,1,1,0,1
17,1,1,1,1
17,1,1,0,1
17,1,1,0,1
17,1,1,1,1
17,1,1,0,1
17,1,1,0,1
17,1,1,0,1
17,1,1,1,1
17,1,1,0,1
17,1,1,0,1
17,1,1,0,1
17,1,1,0,1
17,1,1,0,1
17,1,1,1,1
17,1,1,0,1
17,1,1,2,1
17,1,1,0,1
17,1,1,0,1
17,1,1,0,1
17,1,1,0,1
17,1,1,0,1
17,1,1,1,1
17,1,1,0,1
17,1,1,0,1
17,1,1,0,1
17,1,1,0,1
17,1,1,1,1
17,1,1,0,1
17,1,1,0,1
17,1,1,0,1
17,1,1,0,1
17,1,1,0,1
17,1,1,0,1
17,1,1,0,1
17,1,1,1,1
17,1,1,0,1
17,1,1,1,1
17,1,1,0,1
17,1,1,0,1
17,1,1,0,1
17,2,1,6,2
17,2,1,1,2
17,2,1,2,2
17,2,1,1,2
17,2,1,0,2
17,2,1,3,2
17,2,1,0,2
17,2,1,0,2
17,2,1,1,2
17,2,1,0,2
17,2,1,1,2
17,2,1,3,2
17,2,1,0,2
17,2,1,0,2
17,2,1,0,2
17,2,1,0,2
17,2,1,1,2
17,2,1,2,2
17,2,1,0,2
17,2,1,2,2
17,2,1,0,2
17,2,1,6,2
17,2,1,0,2
17,2,1,8,2
17,2,1,0,2
17,2,1,1,2
17,2,1,2,2
17,2,1,0,2
17,2,1,1,2
17,2,1,1,2
17,2,1,0,2
17,2,1,0,2
17,2,1,0,2
17,2,1,2,2
17,2,1,1,2
17,2,1,1,2
17,2,1,1,2
17,2,1,1,2
17,2,1,1,2
17,2,1,0,2
17,2,1,0,2
17,2,1,3,2
17,2,1,7,2
17,2,1,0,2
17,2,1,0,2
17,2,1,6,2
17,2,1,3,2
17,2,1,4,2
17,2,1,1,2
17,2,1,0,2
17,2,1,3,2
17,2,1,2,2
17,2,1,2,2
17,2,1,2,2
17,2,1,0,2
17,2,1,1,2
17,2,1,5,2
17,2,1,2,2
17,2,1,2,2
17,2,1,2,2
17,2,1,0,2
17,2,1,0,2
17,2,1,1,2
17,2,1,1,2
17,2,1,0,2
17,2,1,1,2
17,2,1,3,2
17,2,1,1,2
17,2,1,1,2
17,2,1,1,2
17,2,1,4,2
17,2,1,0,2
17,2,1,0,2
17,2,1,0,2
17,2,1,0,2
17,2,1,2,2
17,2,1,1,2
17,2,1,3,2
17,2,1,0,2
17,2,1,2,2
17,2,1,1,2
17,2,1,1,2
17,2,1,1,2
17,2,1,5,2
17,2,1,0,2
17,2,1,5,2
17,2,1,4,2
17,2,1,2,2
17,2,1,0,2
17,2,1,0,2
17,2,1,0,2
17,2,1,1,2
17,2,1,1,2
17,2,1,6,2
17,2,1,2,2
17,2,1,0,2
17,2,1,3,2
17,2,1,0,2
17,2,1,0,2
17,2,1,3,2
17,3,1,0,3
17,3,1,2,3
17,3,1,2,3
17,3,1,3,3
17,3,1,1,3
17,3,1,0,3
17,3,1,0,3
17,3,1,0,3
17,3,1,11,3
17,3,1,4,3
17,3,1,2,3
17,3,1,3,3
17,3,1,4,3
17,3,1,6,3
17,3,1,2,3
17,3,1,0,3
17,3,1,1,3
17,3,1,1,3
17,3,1,1,3
17,3,1,8,3
17,3,1,6,3
17,3,1,2,3
17,3,1,0,3
17,3,1,0,3
17,3,1,1,3
17,3,1,1,3
17,3,1,1,3
17,3,1,0,3
17,3,1,0,3
17,3,1,2,3
17,3,1,0,3
17,3,1,0,3
17,3,1,6,3
17,3,1,8,3
17,3,1,0,3
17,3,1,3,3
17,3,1,0,3
17,3,1,0,3
17,3,1,0,3
17,3,1,0,3
17,3,1,1,3
17,3,1,3,3
17,3,1,2,3
17,3,1,2,3
17,3,1,8,3
17,3,1,2,3
17,3,1,2,3
17,3,1,4,3
17,3,1,1,3
17,3,1,8,3
17,3,1,8,3
17,3,1,0,3
17,3,1,5,3
17,3,1,3,3
17,3,1,2,3
17,3,1,0,3
17,3,1,1,3
17,3,1,6,3
17,3,1,1,3
17,3,1,0,3
17,3,1,8,3
17,3,1,0,3
17,3,1,2,3
17,3,1,4,3
17,3,1,3,3
17,3,1,2,3
17,3,1,6,3
17,3,1,4,3
17,3,1,0,3
17,3,1,6,3
17,3,1,4,3
17,3,1,4,3
17,3,1,9,3
17,3,1,0,3
17,3,1,1,3
17,3,1,6,3
17,3,1,0,3
17,3,1,0,3
17,3,1,3,3
17,3,1,2,3
17,3,1,7,3
17,3,1,1,3
17,3,1,1,3
17,3,1,4,3
17,3,1,6,3
17,3,1,5,3
17,3,1,1,3
17,3,1,0,3
17,3,1,3,3
17,3,1,6,3
17,3,1,1,3
17,3,1,1,3
17,3,1,2,3
17,3,1,0,3
17,3,1,6,3
17,3,1,0,3
17,3,1,2,3
17,3,1,1,3
17,3,1,5,3
17,3,1,0,3
17,4,1,5,4
17,4,1,5,4
17,4,1,4,4
17,4,1,4,4
17,4,1,3,4
17,4,1,1,4
17,4,1,5,4
17,4,1,1,4
17,4,1,1,4
17,4,1,7,4
17,4,1,0,4
17,4,1,0,4
17,4,1,2,4
17,4,1,0,4
17,4,1,2,4
17,4,1,5,4
17,4,1,5,4
17,4,1,1,4
17,4,1,2,4
17,4,1,5,4
17,4,1,5,4
17,4,1,2,4
17,4,1,1,4
17,4,1,0,4
17,4,1,1,4
17,4,1,10,4
17,4,1,5,4
17,4,1,7,4
17,4,1,4,4
17,4,1,4,4
17,4,1,5,4
17,4,1,0,4
17,4,1,0,4
17,4,1,1,4
17,4,1,4,4
17,4,1,2,4
17,4,1,0,4
17,4,1,2,4
17,4,1,5,4
17,4,1,3,4
17,4,1,8,4
17,4,1,2,4
17,4,1,6,4
17,4,1,5,4
17,4,1,0,4
17,4,1,3,4
17,4,1,3,4
17,4,1,2,4
17,4,1,1,4
17,4,1,6,4
17,4,1,5,4
17,4,1,3,4
17,4,1,6,4
17,4,1,2,4
17,4,1,3,4
17,4,1,0,4
17,4,1,2,4
17,4,1,10,4
17,4,1,2,4
17,4,1,9,4
17,4,1,3,4
17,4,1,1,4
17,4,1,3,4
17,4,1,4,4
17,4,1,1,4
17,4,1,1,4
17,4,1,3,4
17,4,1,2,4
17,4,1,2,4
17,4,1,1,4
17,4,1,3,4
17,4,1,2,4
17,4,1,0,4
17,4,1,0,4
17,4,1,4,4
17,4,1,0,4
17,4,1,2,4
17,4,1,8,4
17,4,1,0,4
17,4,1,2,4
17,4,1,4,4
17,4,1,4,4
17,4,1,2,4
17,4,1,0,4
17,4,1,0,4
17,4,1,6,4
17,4,1,2,4
17,4,1,2,4
17,4,1,1,4
17,4,1,0,4
17,4,1,9,4
17,4,1,0,4
17,4,1,0,4
17,4,1,3,4
17,4,1,4,4
17,4,1,4,4
17,4,1,5,4
17,4,1,1,4
17,4,1,1,4
17,4,1,4,4
17,5,1,3,5
17,5,1,5,5
17,5,1,1,5
17,5,1,6,5
17,5,1,5,5
17,5,1,3,5
17,5,1,4,5
17,5,1,2,5
17,5,1,1,5
17,5,1,2,5
17,5,1,5,5
17,5,1,3,5
17,5,1,4,5
17,5,1,0,5
17,5,1,7,5
17,5,1,2,5
17,5,1,9,5
17,5,1,7,5
17,5,1,3,5
17,5,1,12,5
17,5,1,5,5
17,5,1,2,5
17,5,1,3,5
17,5,1,10,5
17,5,1,5,5
17,5,1,8,5
17,5,1,7,5
17,5,1,3,5
17,5,1,8,5
17,5,1,2,5
17,5,1,2,5
17,5,1,7,5
17,5,1,3,5
17,5,1,3,5
17,5,1,9,5
17,5,1,2,5
17,5,1,1,5
17,5,1,8,5
17,5,1,9,5
17,5,1,6,5
17,5,1,2,5
17,5,1,7,5
17,5,1,3,5
17,5,1,4,5
17,5,1,2,5
17,5,1,3,5
17,5,1,1,5
17,5,1,9,5
17,5,1,2,5
17,5,1,7,5
17,5,1,7,5
17,5,1,0,5
17,5,1,4,5
17,5,1,2,5
17,5,1,3,5
17,5,1,5,5
17,5,1,5,5
17,5,1,1,5
17,5,1,1,5
17,5,1,2,5
17,5,1,2,5
17,5,1,5,5
17,5,1,12,5
17,5,1,6,5
17,5,1,0,5
17,5,1,6,5
17,5,1,4,5
17,5,1,0,5
17,5,1,1,5
17,5,1,1,5
17,5,1,1,5
17,5,1,1,5
17,5,1,1,5
17,5,1,4,5
17,5,1,1,5
17,5,1,7,5
17,5,1,8,5
17,5,1,7,5
17,5,1,5,5
17,5,1,4,5
17,5,1,6,5
17,5,1,5,5
17,5,1,1,5
17,5,1,7,5
17,5,1,2,5
17,5,1,2,5
17,5,1,0,5
17,5,1,6,5
17,5,1,5,5
17,5,1,7,5
17,5,1,5,5
17,5,1,3,5
17,5,1,10,5
17,5,1,5,5
17,5,1,2,5
17,5,1,4,5
17,5,1,9,5
17,5,1,0,5
17,5,1,8,5
17,5,1,0,5
17,6,1,7,6
17,6,1,2,6
17,6,1,0,6
17,6,1,6,6
17,6,1,10,6
17,6,1,1,6
17,6,1,5,6
17,6,1,3,6
17,6,1,4,6
17,6,1,7,6
17,6,1,7,6
17,6,1,4,6
17,6,1,4,6
17,6,1,3,6
17,6,1,7,6
17,6,1,2,6
17,6,1,6,6
17,6,1,4,6
17,6,1,3,6
17,6,1,7,6
17,6,1,6,6
17,6,1,2,6
17,6,1,1,6
17,6,1,2,6
17,6,1,5,6
17,6,1,3,6
17,6,1,2,6
17,6,1,5,6
17,6,1,7,6
17,6,1,10,6
17,6,1,4,6
17,6,1,11,6
17,6,1,8,6
17,6,1,4,6
17,6,1,6,6
17,6,1,7,6
17,6,1,10,6
17,6,1,4,6
17,6,1,7,6
17,6,1,6,6
17,6,1,3,6
17,6,1,8,6
17,6,1,3,6
17,6,1,6,6
17,6,1,2,6
17,6,1,7,6
17,6,1,1,6
17,6,1,0,6
17,6,1,4,6
17,6,1,4,6
17,6,1,6,6
17,6,1,8,6
17,6,1,3,6
17,6,1,13,6
17,6,1,10,6
17,6,1,8,6
17,6,1,5,6
17,6,1,0,6
17,6,1,2,6
17,6,1,8,6
17,6,1,1,6
17,6,1,4,6
17,6,1,1,6
17,6,1,7,6
17,6,1,13,6
17,6,1,6,6
17,6,1,6,6
17,6,1,3,6
17,6,0,16,4
17,6,1,1,6
17,6,1,14,6
17,6,1,0,6
17,6,1,1,6
17,6,1,13,6
17,6,1,6,6
17,6,1,2,6
17,6,1,5,6
17,6,1,2,6
17,6,1,5,6
17,6,1,2,6
17,6,1,6,6
17,6,1,0,6
17,6,1,6,6
17,6,1,8,6
17,6,1,2,6
17,6,1,5,6
17,6,1,12,6
17,6,1,2,6
17,6,1,5,6
17,6,1,9,6
17,6,1,1,6
17,6,1,8,6
17,6,1,3,6
17,6,1,5,6
17,6,1,2,6
17,6,1,12,6
17,6,1,1,6
17,6,1,4,6
17,6,1,3,6
17,6,1,6,6
17,7,1,8,7
17,7,1,2,7
17,7,1,8,7
17,7,1,5,7
17,7,1,4,7
17,7,1,7,7
17,7,1,5,7
17,7,1,2,7
17,7,1,8,7
17,7,1,6,7
17,7,1,6,7
17,7,1,7,7
17,7,1,8,7
17,7,0,16,5
17,7,1,5,7
17,7,1,4,7
17,7,1,6,7
17,7,1,6,7
17,7,1,6,7
17,7,1,9,7
17,7,1,5,7
17,7,1,1,7
17,7,1,2,7
17,7,1,7,7
17,7,1,5,7
17,7,1,8,7
17,7,1,6,7
17,7,1,7,7
17,7,1,5,7
17,7,1,0,7
17,7,1,8,7
17,7,1,9,7
17,7,1,5,7
17,7,1,1,7
17,7,1,4,7
17,7,1,0,7
17,7,1,1,7
17,7,1,6,7
17,7,1,6,7
17,7,1,12,7
17,7,0,16,6
17,7,1,2,7
17,7,1,7,7
17,7,1,11,7
17,7,1,8,7
17,7,1,4,7
17,7,1,6,7
17,7,0,16,3
17,7,1,0,7
17,7,1,2,7
17,7,1,9,7
17,7,1,8,7
17,7,1,4,7
17,7,1,1,7
17,7,1,4,7
17,7,1,4,7
17,7,1,2,7
17,7,1,6,7
17,7,1,8,7
17,7,1,2,7
17,7,1,5,7
17,7,1,7,7
17,7,1,1,7
17,7,1,5,7
17,7,1,5,7
17,7,1,2,7
17,7,1,7,7
17,7,1,11,7
17,7,1,1,7
17,7,1,6,7
17,7,1,9,7
17,7,1,5,7
17,7,1,5,7
17,7,1,3,7
17,7,1,12,7
17,7,1,11,7
17,7,1,8,7
17,7,1,7,7
17,7,1,0,7
17,7,1,5,7
17,7,1,8,7
17,7,1,5,7
17,7,1,7,7
17,7,1,3,7
17,7,1,5,7
17,7,1,9,7
17,7,1,0,7
17,7,1,7,7
17,7,1,4,7
17,7,1,6,7
17,7,1,5,7
17,7,1,6,7
17,7,1,9,7
17,7,1,7,7
17,7,1,1,7
17,7,1,2,7
17,7,1,3,7
17,7,1,6,7
17,7,1,2,7
17,7,1,2,7
17,8,1,8,8
17,8,1,6,8
17,8,1,3,8
17,8,1,6,8
17,8,1,13,8
17,8,1,7,8
17,8,1,7,8
17,8,1,7,8
17,8,1,7,8
17,8,1,10,8
17,8,1,4,8
17,8,1,7,8
17,8,1,3,8
17,8,0,16,7
17,8,1,13,8
17,8,1,4,8
17,8,1,0,8
17,8,1,5,8
17,8,1,2,8
17,8,1,14,8
17,8,1,3,8
17,8,1,7,8
17,8,1,12,8
17,8,1,9,8
17,8,1,6,8
17,8,1,5,8
17,8,1,8,8
17,8,1,5,8
17,8,1,8,8
17,8,1,5,8
17,8,1,3,8
17,8,1,8,8
17,8,1,9,8
17,8,1,9,8
17,8,1,8,8
17,8,1,4,8
17,8,1,5,8
17,8,1,3,8
17,8,1,9,8
17,8,1,9,8
17,8,1,4,8
17,8,1,4,8
17,8,1,4,8
17,8,1,3,8
17,8,1,5,8
17,8,1,4,8
17,8,1,0,8
17,8,1,9,8
17,8,1,7,8
17,8,0,16,7
17,8,0,16,6
17,8,1,5,8
17,8,1,2,8
17,8,1,9,8
17,8,1,3,8
17,8,1,1,8
17,8,1,4,8
17,8,1,5,8
17,8,1,1,8
17,8,1,3,8
17,8,1,5,8
17,8,1,7,8
17,8,1,7,8
17,8,1,10,8
17,8,1,3,8
17,8,1,5,8
17,8,1,2,8
17,8,1,10,8
17,8,1,6,8
17,8,1,8,8
17,8,1,8,8
17,8,1,10,8
17,8,0,16,4
17,8,1,8,8
17,8,1,6,8
17,8,1,1,8
17,8,1,12,8
17,8,1,10,8
17,8,1,3,8
17,8,1,7,8
17,8,0,16,6
17,8,1,3,8
17,8,1,9,8
17,8,1,2,8
17,8,1,9,8
17,8,1,3,8
17,8,1,3,8
17,8,1,11,8
17,8,1,7,8
17,8,1,5,8
17,8,1,0,8
17,8,1,8,8
17,8,1,9,8
17,8,1,7,8
17,8,1,8,8
17,8,1,4,8
17,8,1,11,8
17,8,1,5,8
17,8,1,8,8
17,8,1,10,8
17,9,1,5,9
17,9,1,3,9
17,9,1,13,9
17,9,1,11,9
17,9,1,14,9
17,9,1,3,9
17,9,0,16,3
17,9,1,11,9
17,9,1,12,9
17,9,1,8,9
17,9,1,13,9
17,9,1,10,9
17,9,0,16,8
17,9,1,6,9
17,9,1,9,9
17,9,1,8,9
17,9,0,16,6
17,9,1,3,9
17,9,1,10,9
17,9,1,10,9
17,9,1,1,9
17,9,1,4,9
17,9,1,4,9
17,9,1,4,9
17,9,1,14,9
17,9,1,6,9
17,9,1,4,9
17,9,1,14,9
17,9,1,11,9
17,9,1,6,9
17,9,1,8,9
17,9,1,5,9
17,9,1,4,9
17,9,1,8,9
17,9,1,1,9
17,9,1,7,9
17,9,1,5,9
17,9,1,6,9
17,9,1,3,9
17,9,1,5,9
17,9,1,5,9
17,9,1,10,9
17,9,1,8,9
17,9,1,12,9
17,9,1,5,9
17,9,1,3,9
17,9,1,2,9
17,9,1,3,9
17,9,1,3,9
17,9,1,2,9
17,9,1,3,9
17,9,1,3,9
17,9,1,3,9
17,9,1,6,9
17,9,1,9,9
17,9,1,8,9
17,9,1,11,9
17,9,1,10,9
17,9,1,13,9
17,9,1,5,9
17,9,1,6,9
17,9,1,9,9
17,9,1,11,9
17,9,1,8,9
17,9,1,0,9
17,9,1,8,9
17,9,1,4,9
17,9,1,10,9
17,9,1,5,9
17,9,1,7,9
17,9,1,7,9
17,9,1,4,9
17,9,1,11,9
17,9,1,4,9
17,9,1,7,9
17,9,1,7,9
17,9,1,12,9
17,9,1,10,9
17,9,1,4,9
17,9,1,3,9
17,9,0,16,8
17,9,1,6,9
17,9,1,10,9
17,9,1,15,9
17,9,1,13,9
17,9,1,1,9
17,9,1,8,9
17,9,1,4,9
17,9,1,7,9
17,9,1,5,9
17,9,1,14,9
17,9,0,16,7
17,9,1,0,9
17,9,1,7,9
17,9,1,9,9
17,9,1,8,9
17,9,1,9,9
17,9,1,10,9
17,9,1,13,9
17,9,1,7,9
17,10,1,5,10
17,10,1,14,10
17,10,1,3,10
17,10,1,9,10
17,10,1,8,10
17,10,1,7,10
17,10,1,15,10
17,10,1,8,10
17,10,1,11,10
17,10,1,6,10
17,10,1,13,10
17,10,1,7,10
17,10,1,5,10
17,10,1,8,10
17,10,1,4,10
17,10,1,1,10
17,10,1,6,10
17,10,1,5,10
17,10,1,13,10
17,10,1,8,10
17,10,1,4,10
17,10,1,10,10
17,10,1,8,10
17,10,1,10,10
17,10,1,6,10
17,10,1,9,10
17,10,1,12,10
17,10,1,4,10
17,10,1,12,10
17,10,1,4,10
17,10,1,12,10
17,10,1,4,10
17,10,1,4,10
17,10,1,6,10
17,10,1,6,10
17,10,1,10,10
17,10,1,1,10
17,10,1,6,10
17,10,1,7,10
17,10,1,13,10
17,10,1,6,10
17,10,1,13,10
17,10,1,3,10
17,10,1,8,10
17,10,0,16,8
17,10,1,8,10
17,10,1,11,10
17,10,1,8,10
17,10,1,11,10
17,10,1,2,10
17,10,1,6,10
17,10,1,5,10
17,10,1,13,10
17,10,1,7,10
17,10,1,11,10
17,10,1,0,10
17,10,1,6,10
17,10,1,12,10
17,10,1,8,10
17,10,1,6,10
17,10,1,13,10
17,10,0,16,8
17,10,1,12,10
17,10,1,6,10
17,10,1,10,10
17,10,1,8,10
17,10,1,13,10
17,10,1,8,10
17,10,1,11,10
17,10,0,16,9
17,10,1,3,10
17,10,1,8,10
17,10,1,6,10
17,10,1,6,10
17,10,1,13,10
17,10,1,8,10
17,10,1,6,10
17,10,1,14,10
17,10,1,10,10
17,10,1,2,10
17,10,1,6,10
17,10,1,6,10
17,10,1,6,10
17,10,1,4,10
17,10,1,12,10
17,10,1,4,10
17,10,0,16,9
17,10,1,9,10
17,10,1,10,10
17,10,1,4,10
17,10,1,8,10
17,10,1,6,10
17,10,1,14,10
17,10,1,2,10
17,10,1,4,10
17,10,1,9,10
17,10,1,15,10
17,10,1,9,10
17,10,1,12,10
17,10,1,1,10
17,11,1,13,11
17,11,1,11,11
17,11,1,14,11
17,11,1,5,11
17,11,0,16,10
17,11,1,15,11
17,11,1,12,11
17,11,1,9,11
17,11,1,12,11
17,11,1,7,11
17,11,1,2,11
17,11,1,11,11
17,11,1,9,11
17,11,1,3,11
17,11,1,8,11
17,11,1,10,11
17,11,1,6,11
17,11,0,16,8
17,11,1,5,11
17,11,1,7,11
17,11,1,4,11
17,11,0,16,10
17,11,1,8,11
17,11,1,5,11
17,11,1,12,11
17,11,1,3,11
17,11,1,8,11
17,11,0,16,9
17,11,1,5,11
17,11,1,8,11
17,11,1,4,11
17,11,0,16,5
17,11,1,11,11
17,11,1,8,11
17,11,0,16,10
17,11,1,5,11
17,11,1,10,11
17,11,0,16,10
17,11,1,3,11
17,11,1,12,11
17,11,1,4,11
17,11,0,16,7
17,11,1,12,11
17,11,1,6,11
17,11,1,12,11
17,11,0,16,9
17,11,1,9,11
17,11,1,6,11
17,11,1,12,11
17,11,1,9,11
17,11,1,14,11
17,11,1,6,11
17,11,1,12,11
17,11,0,16,9
17,11,1,10,11
17,11,1,4,11
17,11,1,12,11
17,11,1,9,11
17,11,1,9,11
17,11,1,7,11
17,11,1,6,11
17,11,1,11,11
17,11,1,12,11
17,11,1,8,11
17,11,1,5,11
17,11,1,7,11
17,11,1,12,11
17,11,1,4,11
17,11,1,10,11
17,11,1,4,11
17,11,1,6,11
17,11,0,16,10
17,11,0,16,6
17,11,0,16,9
17,11,1,3,11
17,11,1,6,11
17,11,1,5,11
17,11,1,10,11
17,11,1,9,11
17,11,1,11,11
17,11,0,16,7
17,11,1,4,11
17,11,1,5,11
17,11,1,3,11
17,11,1,6,11
17,11,0,16,7
17,11,1,9,11
17,11,1,6,11
17,11,1,4,11
17,11,1,5,11
17,11,1,1,11
17,11,1,8,11
17,11,0,16,7
17,11,1,10,11
17,11,1,7,11
17,11,0,16,7
17,11,1,9,11
17,11,1,8,11
17,11,1,15,11
17,11,1,2,11
17,12,0,16,6
17,12,0,16,8
17,12,1,12,12
17,12,1,7,12
17,12,0,16,9
17,12,0,16,1
17,12,0,16,8
17,12,1,10,12
17,12,1,8,12
17,12,1,6,12
17,12,1,3,12
17,12,1,9,12
17,12,0,16,8
17,12,1,6,12
17,12,1,10,12
17,12,1,7,12
17,12,1,8,12
17,12,1,4,12
17,12,1,13,12
17,12,1,9,12
17,12,0,16,9
17,12,1,7,12
17,12,1,6,12
17,12,1,10,12
17,12,0,16,8
17,12,1,3,12
17,12,1,12,12
17,12,0,16,10
17,12,0,16,5
17,12,1,8,12
17,12,0,16,10
17,12,1,3,12
17,12,1,2,12
17,12,1,12,12
17,12,1,7,12
17,12,0,16,8
17,12,1,6,12
17,12,1,11,12
17,12,1,7,12
17,12,1,7,12
17,12,1,11,12
17,12,1,4,12
17,12,1,10,12
17,12,1,6,12
17,12,1,13,12
17,12,1,7,12
17,12,1,6,12
17,12,1,10,12
17,12,1,13,12
17,12,1,11,12
17,12,1,10,12
17,12,1,6,12
17,12,1,5,12
17,12,1,9,12
17,12,1,11,12
17,12,1,14,12
17,12,1,7,12
17,12,1,3,12
17,12,0,16,9
17,12,1,2,12
17,12,1,9,12
17,12,1,8,12
17,12,0,16,11
17,12,1,12,12
17,12,1,14,12
17,12,1,13,12
17,12,1,8,12
17,12,1,6,12
17,12,1,8,12
17,12,1,10,12
17,12,1,7,12
17,12,1,3,12
17,12,1,13,12
17,12,1,6,12
17,12,0,16,11
17,12,1,6,12
17,12,0,16,7
17,12,1,11,12
17,12,1,7,12
17,12,1,8,12
17,12,1,9,12
17,12,0,16,9
17,12,1,11,12
17,12,0,16,8
17,12,1,9,12
17,12,0,16,6
17,12,1,10,12
17,12,0,16,7
17,12,1,9,12
17,12,1,12,12
17,12,1,10,12
17,12,1,5,12
17,12,1,12,12
17,12,1,7,12
17,12,0,16,10
17,12,1,2,12
17,12,1,13,12
17,12,1,11,12
17,12,0,16,1
17,12,1,9,12
17,13,1,13,13
17,13,1,10,13
17,13,1,7,13
17,13,1,11,13
17,13,1,7,13
17,13,1,8,13
17,13,1,7,13
17,13,0,16,11
17,13,1,6,13
17,13,1,4,13
17,13,1,9,13
17,13,1,10,13
17,13,1,15,13
17,13,1,5,13
17,13,1,8,13
17,13,1,9,13
17,13,1,9,13
17,13,1,10,13
17,13,1,9,13
17,13,1,11,13
17,13,1,5,13
17,13,0,16,11
17,13,1,7,13
17,13,1,8,13
17,13,1,11,13
17,13,1,10,13
17,13,0,16,4
17,13,1,6,13
17,13,1,12,13
17,13,1,6,13
17,13,1,13,13
17,13,1,7,13
17,13,1,8,13
17,13,1,14,13
17,13,1,12,13
17,13,1,13,13
17,13,1,11,13
17,13,1,11,13
17,13,1,11,13
17,13,1,6,13
17,13,1,7,13
17,13,1,8,13
17,13,0,16,3
17,13,1,11,13
17,13,1,9,13
17,13,1,8,13
17,13,1,10,13
17,13,1,6,13
17,13,1,5,13
17,13,1,6,13
17,13,1,11,13
17,13,0,16,10
17,13,1,4,13
17,13,1,10,13
17,13,1,11,13
17,13,1,10,13
17,13,1,6,13
17,13,0,16,11
17,13,1,6,13
17,13,1,8,13
17,13,1,11,13
17,13,0,16,11
17,13,1,11,13
17,13,1,11,13
17,13,1,9,13
17,13,0,16,6
17,13,1,7,13
17,13,1,14,13
17,13,1,8,13
17,13,1,10,13
17,13,1,5,13
17,13,1,9,13
17,13,1,11,13
17,13,0,16,11
17,13,1,10,13
17,13,1,4,13
17,13,1,11,13
17,13,1,5,13
17,13,0,16,7
17,13,1,4,13
17,13,0,16,10
17,13,1,13,13
17,13,1,7,13
17,13,0,16,7
17,13,1,1,13
17,13,1,12,13
17,13,1,11,13
17,13,1,2,13
17,13,1,3,13
17,13,1,2,13
17,13,1,7,13
17,13,1,8,13
17,13,0,16,7
17,13,1,6,13
17,13,1,12,13
17,13,1,13,13
17,13,1,13,13
17,13,1,7,13
17,13,0,16,11
17,13,1,11,13
17,14,1,10,14
17,14,0,16,10
17,14,1,9,14
17,14,0,16,8
17,14,1,11,14
17,14,1,11,14
17,14,0,16,6
17,14,1,10,14
17,14,1,9,14
17,14,1,8,14
17,14,1,11,14
17,14,1,10,14
17,14,1,8,14
17,14,0,16,10
17,14,1,3,14
17,14,1,13,14
17,14,1,3,14
17,14,1,12,14
17,14,0,16,10
17,14,1,10,14
17,14,1,9,14
17,14,1,6,14
17,14,1,6,14
17,14,1,8,14
17,14,0,16,5
17,14,1,15,14
17,14,1,9,14
17,14,0,16,6
17,14,1,6,14
17,14,1,9,14
17,14,1,11,14
17,14,1,5,14
17,14,0,16,12
17,14,0,16,7
17,14,1,8,14
17,14,1,13,14
17,14,1,1,14
17,14,0,16,8
17,14,1,12,14
17,14,1,9,14
17,14,1,4,14
17,14,1,9,14
17,14,1,12,14
17,14,1,7,14
17,14,0,16,9
17,14,1,12,14
17,14,1,10,14
17,14,1,8,14
17,14,0,16,9
17,14,1,14,14
17,14,1,1,14
17,14,0,16,5
17,14,1,11,14
17,14,1,10,14
17,14,1,14,14
17,14,1,11,14
17,14,1,7,14
17,14,1,10,14
17,14,1,9,14
17,14,0,16,9
17,14,1,5,14
17,14,0,16,7
17,14,1,13,14
17,14,1,8,14
17,14,1,11,14
17,14,1,13,14
17,14,1,10,14
17,14,0,16,12
17,14,0,16,10
17,14,1,13,14
17,14,1,5,14
17,14,1,13,14
17,14,1,10,14
17,14,0,16,6
17,14,1,8,14
17,14,1,11,14
17,14,0,16,13
17,14,1,8,14
17,14,1,12,14
17,14,1,5,14
17,14,1,13,14
17,14,1,6,14
17,14,1,9,14
17,14,1,9,14
17,14,1,10,14
17,14,1,12,14
17,14,1,12,14
17,14,1,6,14
17,14,1,13,14
17,14,1,3,14
17,14,0,16,9
17,14,1,4,14
17,14,0,16,12
17,14,1,4,14
17,14,1,13,14
17,14,1,15,14
17,14,0,16,3
17,14,1,7,14
17,14,0,16,12
17,14,1,12,14
17,15,1,12,15
17,15,0,16,9
17,15,1,7,15
17,15,1,9,15
17,15,0,16,10
17,15,1,9,15
17,15,1,10,15
17,15,1,10,15
17,15,1,7,15
17,15,0,16,13
17,15,1,10,15
17,15,0,16,11
17,15,1,4,15
17,15,1,11,15
17,15,1,12,15
17,15,1,7,15
17,15,0,16,13
17,15,0,16,12
17,15,0,16,13
17,15,0,16,10
17,15,1,7,15
17,15,1,12,15
17,15,0,16,9
17,15,1,13,15
17,15,1,6,15
17,15,0,16,9
17,15,1,9,15
17,15,0,16,12
17,15,1,6,15
17,15,1,6,15
17,15,1,13,15
17,15,1,8,15
17,15,1,15,15
17,15,0,16,14
17,15,1,14,15
17,15,1,11,15
17,15,1,13,15
17,15,1,14,15
17,15,1,10,15
17,15,0,16,10
17,15,0,16,13
17,15,0,16,13
17,15,1,11,15
17,15,1,13,15
17,15,0,16,11
17,15,1,14,15
17,15,1,10,15
17,15,0,16,14
17,15,1,6,15
17,15,1,6,15
17,15,1,9,15
17,15,1,11,15
17,15,1,11,15
17,15,1,10,15
17,15,0,16,12
17,15,0,16,13
17,15,1,13,15
17,15,0,16,8
17,15,1,12,15
17,15,1,1,15
17,15,1,13,15
17,15,1,11,15
17,15,1,1,15
17,15,0,16,11
17,15,1,7,15
17,15,0,16,9
17,15,0,16,12
17,15,0,16,5
17,15,0,16,9
17,15,1,10,15
17,15,0,16,12
17,15,1,12,15
17,15,1,7,15
17,15,1,10,15
17,15,1,7,15
17,15,0,16,12
17,15,1,9,15
17,15,0,16,9
17,15,1,11,15
17,15,1,12,15
17,15,1,12,15
17,15,0,16,6
17,15,1,15,15
17,15,1,4,15
17,15,0,16,8
17,15,1,9,15
17,15,1,14,15
17,15,1,8,15
17,15,0,16,3
17,15,1,3,15
17,15,1,13,15
17,15,1,12,15
17,15,0,16,13
17,15,1,11,15
17,15,1,9,15
17,15,1,12,15
17,15,0,16,13
17,15,0,16,12
17,15,1,12,15
17,15,0,16,14
17,16,1,9,16
17,16,1,6,16
17,16,0,16,9
17,16,1,11,16
17,16,1,7,16
17,16,0,16,14
17,16,0,16,13
17,16,1,15,16
17,16,1,14,16
17,16,1,10,16
17,16,1,12,16
17,16,1,11,16
17,16,1,11,16
17,16,0,16,10
17,16,1,6,16
17,16,0,16,14
17,16,1,12,16
17,16,1,8,16
17,16,0,16,10
17,16,1,6,16
17,16,1,10,16
17,16,1,10,16
17,16,1,6,16
17,16,1,11,16
17,16,1,9,16
17,16,1,9,16
17,16,0,16,7
17,16,1,11,16
17,16,1,6,16
17,16,0,16,13
17,16,1,4,16
17,16,0,16,12
17,16,1,4,16
17,16,1,10,16
17,16,1,11,16
17,16,0,16,10
17,16,1,7,16
17,16,1,13,16
17,16,0,16,12
17,16,0,16,14
17,16,0,16,11
17,16,0,16,14
17,16,0,16,11
17,16,1,8,16
17,16,1,10,16
17,16,1,11,16
17,16,1,6,16
17,16,1,8,16
17,16,0,16,9
17,16,1,7,16
17,16,0,16,11
17,16,1,13,16
17,16,0,16,7
17,16,1,14,16
17,16,1,8,16
17,16,1,15,16
17,16,0,16,13
17,16,0,16,11
17,16,1,13,16
17,16,1,10,16
17,16,0,16,8
17,16,1,10,16
17,16,0,16,13
17,16,0,16,13
17,16,1,8,16
17,16,0,16,14
17,16,0,16,10
17,16,1,10,16
17,16,0,16,14
17,16,0,16,13
17,16,1,11,16
17,16,1,12,16
17,16,0,16,15
17,16,1,10,16
17,16,1,13,16
17,16,1,5,16
17,16,0,16,11
17,16,0,16,8
17,16,0,16,4
17,16,0,16,9
17,16,1,10,16
17,16,1,12,16
17,16,1,10,16
17,16,1,10,16
17,16,0,16,12
17,16,0,16,12
17,16,1,10,16
17,16,1,7,16
17,16,1,4,16
17,16,0,16,14
17,16,1,9,16
17,16,0,16,13
17,16,1,14,16
17,16,1,10,16
17,16,1,9,16
17,16,1,12,16
17,16,1,6,16
17,16,1,7,16
17,16,1,10,16
17,16,1,13,16
17,17,0,16,13
17,17,1,14,17
17,17,1,10,17
17,17,0,16,15
17,17,0,16,16
17,17,1,15,17
17,17,1,2,17
17,17,1,14,17
17,17,1,7,17
17,17,0,16,10
17,17,1,13,17
17,17,1,5,17
17,17,0,16,14
17,17,1,14,17
17,17,0,16,11
17,17,0,16,10
17,17,0,16,5
17,17,1,12,17
17,17,0,16,11
17,17,0,16,14
17,17,1,10,17
17,17,1,13,17
17,17,0,16,11
17,17,1,13,17
17,17,1,5,17
17,17,0,16,13
17,17,1,4,17
17,17,0,16,15
17,17,1,8,17
17,17,1,8,17
17,17,1,6,17
17,17,0,16,12
17,17,0,16,13
17,17,1,11,17
17,17,0,16,14
17,17,0,16,14
17,17,1,15,17
17,17,0,16,12
17,17,1,14,17
17,17,1,9,17
17,17,1,11,17
17,17,1,7,17
17,17,0,16,11
17,17,1,7,17
17,17,0,16,5
17,17,0,16,8
17,17,1,8,17
17,17,1,6,17
17,17,1,6,17
17,17,1,10,17
17,17,0,16,8
17,17,1,12,17
17,17,1,15,17
17,17,1,6,17
17,17,1,14,17
17,17,1,14,17
17,17,1,6,17
17,17,0,16,15
17,17,1,13,17
17,17,1,12,17
17,17,0,16,14
17,17,0,16,11
17,17,1,11,17
17,17,0,16,12
17,17,0,16,11
17,17,1,4,17
17,17,1,12,17
17,17,1,13,17
17,17,1,5,17
17,17,0,16,10
17,17,1,7,17
17,17,1,8,17
17,17,0,16,14
17,17,1,12,17
17,17,1,14,17
17,17,1,6,17
17,17,0,16,7
17,17,0,16,15
17,17,0,16,1
17,17,0,16,14
17,17,1,5,17
17,17,1,6,17
17,17,0,16,13
17,17,0,16,14
17,17,0,16,11
17,17,1,9,17
17,17,1,7,17
17,17,1,3,17
17,17,0,16,7
17,17,1,7,17
17,17,0,16,11
17,17,0,16,15
17,17,1,14,17
17,17,1,10,17
17,17,0,16,9
17,17,1,14,17
17,17,0,16,7
17,17,1,12,17
17,17,1,13,17
17,17,1,13,17
17,18,1,9,18
17,18,0,16,13
17,18,0,16,13
17,18,1,13,18
17,18,0,16,14
17,18,1,11,18
17,18,1,10,18
17,18,0,16,10
17,18,0,16,14
17,18,0,16,15
17,18,0,16,13
17,18,0,16,17
17,18,1,15,18
17,18,1,12,18
17,18,0,16,11
17,18,1,9,18
17,18,0,16,7
17,18,0,16,5
17,18,0,16,14
17,18,1,11,18
17,18,0,16,10
17,18,1,4,18
17,18,1,13,18
17,18,0,16,8
17,18,1,13,18
17,18,1,13,18
17,18,1,10,18
17,18,0,16,9
17,18,0,16,16
17,18,0,16,8
17,18,1,12,18
17,18,0,16,5
17,18,0,16,12
17,18,1,15,18
17,18,0,16,14
17,18,0,16,10
17,18,0,16,8
17,18,0,16,8
17,18,0,16,16
17,18,0,16,14
17,18,0,16,9
17,18,1,13,18
17,18,1,11,18
17,18,0,16,13
17,18,1,7,18
17,18,0,16,14
17,18,0,16,16
17,18,1,7,18
17,18,1,5,18
17,18,0,16,15
17,18,0,16,12
17,18,1,14,18
17,18,1,14,18
17,18,1,10,18
17,18,0,16,17
17,18,1,5,18
17,18,0,16,14
17,18,1,11,18
17,18,1,13,18
17,18,0,16,12
17,18,0,16,12
17,18,1,10,18
17,18,0,16,14
17,18,0,16,15
17,18,1,14,18
17,18,1,8,18
17,18,1,12,18
17,18,0,16,17
17,18,0,16,12
17,18,0,16,11
17,18,1,10,18
17,18,1,14,18
17,18,1,10,18
17,18,1,7,18
17,18,0,16,15
17,18,1,4,18
17,18,0,16,10
17,18,1,7,18
17,18,0,16,13
17,18,1,8,18
17,18,1,14,18
17,18,0,16,2
17,18,0,16,16
17,18,1,12,18
17,18,0,16,10
17,18,1,14,18
17,18,1,9,18
17,18,0,16,10
17,18,1,5,18
17,18,0,16,12
17,18,1,9,18
17,18,1,11,18
17,18,0,16,10
17,18,1,11,18
17,18,1,9,18
17,18,0,16,16
17,18,0,16,16
17,18,0,16,12
17,18,0,16,17
17,18,1,11,18
17,19,0,16,6
17,19,0,16,10
17,19,1,15,19
17,19,0,16,11
17,19,0,16,11
17,19,0,16,10
17,19,0,16,9
17,19,1,13,19
17,19,0,16,10
17,19,1,12,19
17,19,0,16,18
17,19,1,11,19
17,19,1,7,19
17,19,0,16,9
17,19,0,16,6
17,19,1,10,19
17,19,1,8,19
17,19,0,16,13
17,19,1,13,19
17,19,1,14,19
17,19,0,16,9
17,19,1,13,19
17,19,1,11,19
17,19,1,9,19
17,19,1,6,19
17,19,0,16,12
17,19,1,9,19
17,19,0,16,17
17,19,0,16,4
17,19,1,8,19
17,19,0,16,9
17,19,1,10,19
17,19,0,16,10
17,19,0,16,17
17,19,1,9,19
17,19,1,14,19
17,19,0,16,14
17,19,1,8,19
17,19,0,16,16
17,19,1,13,19
17,19,0,16,15
17,19,0,16,7
17,19,0,16,14
17,19,0,16,17
17,19,1,8,19
17,19,1,10,19
17,19,0,16,13
17,19,0,16,11
17,19,0,16,12
17,19,0,16,16
17,19,0,16,12
17,19,0,16,5
17,19,0,16,13
17,19,0,16,11
17,19,1,8,19
17,19,1,10,19
17,19,0,16,11
17,19,0,16,15
17,19,1,6,19
17,19,0,16,10
17,19,0,16,11
17,19,0,16,10
17,19,0,16,13
17,19,0,16,18
17,19,0,16,18
17,19,0,16,14
17,19,0,16,8
17,19,1,13,19
17,19,1,12,19
17,19,0,16,13
17,19,1,10,19
17,19,0,16,17
17,19,0,16,16
17,19,1,13,19
17,19,1,10,19
17,19,1,15,19
17,19,0,16,16
17,19,0,16,9
17,19,0,16,11
17,19,1,11,19
17,19,0,16,16
17,19,0,16,16
17,19,1,5,19
17,19,0,16,16
17,19,1,9,19
17,19,0,16,11
17,19,1,13,19
17,19,1,11,19
17,19,0,16,14
17,19,0,16,16
17,19,0,16,12
17,19,1,13,19
17,19,0,16,10
17,19,0,16,16
17,19,0,16,13
17,19,1,12,19
17,19,0,16,15
17,19,0,16,9
17,19,0,16,18
17,19,0,16,15
17,20,0,16,12
17,20,1,11,20
17,20,0,16,10
17,20,1,9,20
17,20,0,16,16
17,20,0,16,11
17,20,1,7,20
17,20,0,16,16
17,20,0,16,17
17,20,0,16,11
17,20,1,9,20
17,20,0,16,13
17,20,1,14,20
17,20,1,13,20
17,20,1,12,20
17,20,0,16,16
17,20,1,8,20
17,20,0,16,14
17,20,0,16,13
17,20,1,8,20
17,20,1,11,20
17,20,1,14,20
17,20,0,16,7
17,20,0,16,17
17,20,0,16,18
17,20,1,8,20
17,20,1,11,20
17,20,0,16,16
17,20,1,11,20
17,20,0,16,12
17,20,0,16,8
17,20,0,16,11
17,20,0,16,10
17,20,1,7,20
17,20,0,16,7
17,20,0,16,14
17,20,0,16,14
17,20,1,10,20
17,20,0,16,17
17,20,1,9,20
17,20,0,16,18
17,20,1,5,20
17,20,1,10,20
17,20,0,16,14
17,20,1,11,20
17,20,0,16,9
17,20,1,11,20
17,20,0,16,6
17,20,1,13,20
17,20,0,16,13
17,20,1,11,20
17,20,0,16,12
17,20,0,16,13
17,20,1,8,20
17,20,0,16,11
17,20,0,16,8
17,20,0,16,13
17,20,1,12,20
17,20,0,16,13
17,20,0,16,18
17,20,1,11,20
17,20,1,7,20
17,20,0,16,11
17,20,1,12,20
17,20,1,8,20
17,20,1,13,20
17,20,1,8,20
17,20,0,16,15
17,20,0,16,18
17,20,1,14,20
17,20,0,16,16
17,20,1,9,20
17,20,0,16,15
17,20,1,14,20
17,20,1,12,20
17,20,1,13,20
17,20,1,10,20
17,20,0,16,4
17,20,0,16,15
17,20,1,3,20
17,20,1,10,20
17,20,0,16,14
17,20,1,6,20
17,20,0,16,16
17,20,0,16,9
17,20,1,11,20
17,20,1,11,20
17,20,0,16,9
17,20,0,16,18
17,20,0,16,14
17,20,0,16,16
17,20,1,15,20
17,20,1,15,20
17,20,0,16,7
17,20,1,12,20
17,20,0,16,10
17,20,0,16,18
17,20,0,16,14
17,20,1,14,20
17,20,0,16,6
18,1,1,1,1
18,1,1,0,1
18,1,1,0,1
18,1,1,0,1
18,1,1,1,1
18,1,1,0,1
18,1,1,0,1
18,1,1,0,1
18,1,1,0,1
18,1,1,1,1
18,1,1,0,1
18,1,1,0,1
18,1,1,0,1
18,1,1,2,1
18,1,1,0,1
18,1,1,0,1
18,1,1,0,1
18,1,1,2,1
18,1,1,1,1
18,1,1,0,1
18,1,1,0,1
18,1,1,0,1
18,1,1,0,1
18,1,1,0,1
18,1,1,0,1
18,1,1,0,1
18,1,1,0,1
18,1,1,1,1
18,1,1,2,1
18,1,1,0,1
18,1,1,1,1
18,1,1,0,1
18,1,1,0,1
18,1,1,0,1
18,1,1,0,1
18,1,1,2,1
18,1,1,0,1
18,1,1,1,1
18,1,1,1,1
18,1,1,0,1
18,1,1,1,1
18,1,1,0,1
18,1,1,0,1
18,1,1,0,1
18,1,1,0,1
18,1,1,0,1
18,1,1,1,1
18,1,1,1,1
18,1,1,1,1
18,1,1,1,1
18,1,1,1,1
18,1,1,2,1
18,1,1,0,1
18,1,1,0,1
18,1,1,3,1
18,1,1,0,1
18,1,1,3,1
18,1,1,0,1
18,1,1,0,1
18,1,1,0,1
18,1,1,3,1
18,1,1,1,1
18,1,1,2,1
18,1,1,0,1
18,1,1,0,1
18,1,1,0,1
18,1,1,1,1
18,1,1,0,1
18,1,1,0,1
18,1,1,0,1
18,1,1,0,1
18,1,1,0,1
18,1,1,1,1
18,1,1,0,1
18,1,1,1,1
18,1,1,0,1
18,1,1,0,1
18,1,1,0,1
18,1,1,0,1
18,1,1,1,1
18,1,1,0,1
18,1,1,0,1
18,1,1,1,1
18,1,1,0,1
18,1,1,0,1
18,1,1,0,1
18,1,1,0,1
18,1,1,0,1
18,1,1,0,1
18,1,1,0,1
18,1,1,0,1
18,1,1,0,1
18,1,1,0,1
18,1,1,0,1
18,1,1,2,1
18,1,1,0,1
18,1,1,1,1
18,1,1,4,1
18,1,1,0,1
18,1,1,0,1
18,2,1,0,2
18,2,1,1,2
18,2,1,0,2
18,2,1,0,2
18,2,1,5,2
18,2,1,2,2
18,2,1,2,2
18,2,1,0,2
18,2,1,0,2
18,2,1,2,2
18,2,1,1,2
18,2,1,0,2
18,2,1,1,2
18,2,1,0,2
18,2,1,4,2
18,2,1,4,2
18,2,1,4,2
18,2,1,2,2
18,2,1,0,2
18,2,1,0,2
18,2,1,0,2
18,2,1,0,2
18,2,1,0,2
18,2,1,1,2
18,2,1,2,2
18,2,1,3,2
18,2,1,3,2
18,2,1,3,2
18,2,1,1,2
18,2,1,2,2
18,2,1,0,2
18,2,1,1,2
18,2,1,1,2
18,2,1,0,2
18,2,1,2,2
18,2,1,0,2
18,2,1,0,2
18,2,1,0,2
18,2,1,0,2
18,2,1,0,2
18,2,1,0,2
18,2,1,2,2
18,2,1,2,2
18,2,1,4,2
18,2,1,0,2
18,2,1,1,2
18,2,1,4,2
18,2,1,0,2
18,2,1,0,2
18,2,1,2,2
18,2,1,4,2
18,2,1,3,2
18,2,1,0,2
18,2,1,4,2
18,2,1,0,2
18,2,1,0,2
18,2,1,2,2
18,2,1,0,2
18,2,1,3,2
18,2,1,1,2
18,2,1,0,2
18,2,1,5,2
18,2,1,2,2
18,2,1,1,2
18,2,1,2,2
18,2,1,1,2
18,2,1,4,2
18,2,1,2,2
18,2,1,1,2
18,2,1,2,2
18,2,1,0,2
18,2,1,4,2
18,2,1,1,2
18,2,1,0,2
18,2,1,0,2
18,2,1,4,2
18,2,1,0,2
18,2,1,1,2
18,2,1,1,2
18,2,1,0,2
18,2,1,0,2
18,2,1,6,2
18,2,1,0,2
18,2,1,0,2
18,2,1,0,2
18,2,1,0,2
18,2,1,0,2
18,2,1,1,2
18,2,1,0,2
18,2,1,2,2
18,2,1,1,2
18,2,1,0,2
18,2,1,0,2
18,2,1,2,2
18,2,1,5,2
18,2,1,8,2
18,2,1,2,2
18,2,1,2,2
18,2,1,0,2
18,2,1,6,2
18,3,1,1,3
18,3,1,2,3
18,3,1,2,3
18,3,1,2,3
18,3,1,4,3
18,3,1,9,3
18,3,1,0,3
18,3,1,10,3
18,3,1,2,3
18,3,1,6,3
18,3,1,5,3
18,3,1,1,3
18,3,1,6,3
18,3,1,6,3
18,3,1,3,3
18,3,1,5,3
18,3,1,3,3
18,3,1,3,3
18,3,1,0,3
18,3,1,1,3
18,3,1,1,3
18,3,1,0,3
18,3,1,0,3
18,3,1,3,3
18,3,1,0,3
18,3,1,0,3
18,3,1,3,3
18,3,1,0,3
18,3,1,6,3
18,3,1,7,3
18,3,1,3,3
18,3,1,0,3
18,3,1,5,3
18,3,1,1,3
18,3,1,1,3
18,3,1,0,3
18,3,1,0,3
18,3,1,1,3
18,3,1,1,3
18,3,1,3,3
18,3,1,3,3
18,3,1,2,3
18,3,1,1,3
18,3,1,2,3
18,3,1,2,3
18,3,1,4,3
18,3,1,0,3
18,3,1,0,3
18,3,1,5,3
18,3,1,2,3
18,3,1,2,3
18,3,1,5,3
18,3,1,2,3
18,3,1,1,3
18,3,1,1,3
18,3,1,3,3
18,3,1,0,3
18,3,1,9,3
18,3,1,4,3
18,3,1,1,3
18,3,1,0,3
18,3,1,2,3
18,3,1,5,3
18,3,1,1,3
18,3,1,0,3
18,3,1,0,3
18,3,1,0,3
18,3,1,2,3
18,3,1,10,3
18,3,1,0,3
18,3,1,3,3
18,3,1,3,3
18,3,1,0,3
18,3,1,6,3
18,3,1,5,3
18,3,1,0,3
18,3,1,0,3
18,3,1,2,3
18,3,1,7,3
18,3,1,2,3
18,3,1,7,3
18,3,1,6,3
18,3,1,2,3
18,3,1,1,3
18,3,1,4,3
18,3,1,0,3
18,3,1,3,3
18,3,1,1,3
18,3,1,0,3
18,3,1,1,3
18,3,1,0,3
18,3,1,2,3
18,3,1,5,3
18,3,1,0,3
18,3,1,0,3
18,3,1,1,3
18,3,1,3,3
18,3,1,0,3
18,3,1,3,3
18,3,1,1,3
18,4,1,5,4
18,4,1,0,4
18,4,1,9,4
18,4,1,0,4
18,4,1,2,4
18,4,1,3,4
18,4,1,1,4
18,4,1,2,4
18,4,1,4,4
18,4,1,1,4
18,4,1,4,4
18,4,1,3,4
18,4,1,1,4
18,4,1,5,4
18,4,1,1,4
18,4,1,8,4
18,4,1,4,4
18,4,1,6,4
18,4,1,3,4
18,4,1,5,4
18,4,1,2,4
18,4,1,0,4
18,4,1,1,4
18,4,1,5,4
18,4,1,2,4
18,4,1,2,4
18,4,1,3,4
18,4,1,3,4
18,4,1,1,4
18,4,1,10,4
18,4,1,0,4
18,4,1,4,4
18,4,1,6,4
18,4,1,1,4
18,4,1,1,4
18,4,1,1,4
18,4,1,4,4
18,4,1,2,4
18,4,1,0,4
18,4,1,1,4
18,4,1,8,4
18,4,1,1,4
18,4,1,1,4
18,4,1,2,4
18,4,1,0,4
18,4,1,3,4
18,4,1,3,4
18,4,1,0,4
18,4,1,2,4
18,4,1,2,4
18,4,1,4,4
18,4,1,8,4
18,4,1,1,4
18,4,1,4,4
18,4,1,2,4
18,4,1,0,4
18,4,1,5,4
18,4,1,6,4
18,4,1,6,4
18,4,1,2,4
18,4,1,0,4
18,4,1,4,4
18,4,1,1,4
18,4,1,1,4
18,4,1,1,4
18,4,1,3,4
18,4,1,1,4
18,4,1,1,4
18,4,1,1,4
18,4,1,6,4
18,4,1,2,4
18,4,1,0,4
18,4,1,2,4
18,4,1,2,4
18,4,1,6,4
18,4,1,6,4
18,4,1,6,4
18,4,1,3,4
18,4,1,2,4
18,4,1,7,4
18,4,1,1,4
18,4,1,0,4
18,4,1,7,4
18,4,1,4,4
18,4,1,1,4
18,4,1,0,4
18,4,1,8,4
18,4,1,4,4
18,4,1,6,4
18,4,1,2,4
18,4,1,4,4
18,4,1,2,4
18,4,1,6,4
18,4,1,1,4
18,4,1,2,4
18,4,1,0,4
18,4,1,2,4
18,4,1,1,4
18,4,1,1,4
18,4,1,2,4
18,5,1,7,5
18,5,1,10,5
18,5,1,4,5
18,5,1,1,5
18,5,1,4,5
18,5,1,2,5
18,5,1,5,5
18,5,1,3,5
18,5,1,5,5
18,5,1,3,5
18,5,1,3,5
18,5,1,1,5
18,5,1,0,5
18,5,1,2,5
18,5,1,4,5
18,5,1,0,5
18,5,1,2,5
18,5,1,2,5
18,5,1,3,5
18,5,1,3,5
18,5,1,8,5
18,5,1,0,5
18,5,1,3,5
18,5,1,2,5
18,5,1,0,5
18,5,1,3,5
18,5,1,5,5
18,5,1,4,5
18,5,1,5,5
18,5,1,1,5
18,5,1,7,5
18,5,1,7,5
18,5,1,2,5
18,5,1,7,5
18,5,1,9,5
18,5,1,4,5
18,5,1,11,5
18,5,0,17,4
18,5,1,4,5
18,5,1,2,5
18,5,1,1,5
18,5,1,1,5
18,5,1,3,5
18,5,1,0,5
18,5,1,1,5
18,5,1,7,5
18,5,1,8,5
18,5,1,6,5
18,5,1,4,5
18,5,1,4,5
18,5,1,5,5
18,5,1,0,5
18,5,1,6,5
18,5,1,0,5
18,5,1,3,5
18,5,1,4,5
18,5,1,1,5
18,5,1,5,5
18,5,1,0,5
18,5,1,2,5
18,5,1,2,5
18,5,1,2,5
18,5,1,6,5
18,5,1,2,5
18,5,1,4,5
18,5,1,2,5
18,5,1,2,5
18,5,1,11,5
18,5,1,1,5
18,5,1,1,5
18,5,1,3,5
18,5,1,4,5
18,5,1,0,5
18,5,1,2,5
18,5,1,9,5
18,5,1,3,5
18,5,1,4,5
18,5,1,2,5
18,5,1,6,5
18,5,1,3,5
18,5,1,0,5
18,5,1,8,5
18,5,1,5,5
18,5,1,9,5
18,5,1,2,5
18,5,1,5,5
18,5,1,6,5
18,5,1,7,5
18,5,1,1,5
18,5,1,11,5
18,5,1,0,5
18,5,1,5,5
18,5,1,1,5
18,5,1,3,5
18,5,1,7,5
18,5,1,12,5
18,5,1,4,5
18,5,1,0,5
18,5,1,8,5
18,5,1,8,5
18,6,1,9,6
18,6,1,7,6
18,6,1,1,6
18,6,1,4,6
18,6,1,5,6
18,6,1,9,6
18,6,1,13,6
18,6,1,3,6
18,6,1,3,6
18,6,1,8,6
18,6,1,3,6
18,6,1,7,6
18,6,1,8,6
18,6,1,3,6
18,6,1,3,6
18,6,1,3,6
18,6,1,8,6
18,6,0,17,3
18,6,1,5,6
18,6,1,4,6
18,6,1,4,6
18,6,1,15,6
18,6,1,0,6
18,6,1,10,6
18,6,1,8,6
18,6,1,5,6
18,6,1,6,6
18,6,1,8,6
18,6,1,3,6
18,6,1,7,6
18,6,1,8,6
18,6,1,1,6
18,6,1,9,6
18,6,1,5,6
18,6,1,3,6
18,6,1,5,6
18,6,1,8,6
18,6,1,4,6
18,6,1,5,6
18,6,1,3,6
18,6,1,4,6
18,6,1,1,6
18,6,1,2,6
18,6,1,6,6
18,6,1,5,6
18,6,1,11,6
18,6,1,5,6
18,6,1,5,6
18,6,1,4,6
18,6,1,6,6
18,6,1,6,6
18,6,1,2,6
18,6,1,4,6
18,6,1,5,6
18,6,1,7,6
18,6,1,2,6
18,6,1,10,6
18,6,1,5,6
18,6,1,1,6
18,6,1,8,6
18,6,1,3,6
18,6,1,3,6
18,6,1,3,6
18,6,1,3,6
18,6,1,2,6
18,6,1,6,6
18,6,1,8,6
18,6,1,3,6
18,6,1,8,6
18,6,1,1,6
18,6,1,3,6
18,6,1,6,6
18,6,1,8,6
18,6,1,4,6
18,6,1,8,6
18,6,1,9,6
18,6,1,3,6
18,6,1,2,6
18,6,1,3,6
18,6,1,2,6
18,6,1,5,6
18,6,1,4,6
18,6,1,4,6
18,6,1,0,6
18,6,1,3,6
18,6,1,3,6
18,6,1,7,6
18,6,1,3,6
18,6,1,6,6
18,6,1,3,6
18,6,1,0,6
18,6,1,5,6
18,6,1,5,6
18,6,1,3,6
18,6,1,3,6
18,6,1,10,6
18,6,1,3,6
18,6,1,8,6
18,6,1,2,6
18,6,1,5,6
18,7,1,6,7
18,7,1,5,7
18,7,1,7,7
18,7,1,6,7
18,7,1,8,7
18,7,1,4,7
18,7,1,9,7
18,7,1,9,7
18,7,1,3,7
18,7,1,3,7
18,7,1,5,7
18,7,1,2,7
18,7,1,8,7
18,7,1,2,7
18,7,1,7,7
18,7,1,5,7
18,7,1,3,7
18,7,1,2,7
18,7,1,10,7
18,7,1,9,7
18,7,1,7,7
18,7,1,3,7
18,7,1,7,7
18,7,1,2,7
18,7,1,2,7
18,7,1,11,7
18,7,1,6,7
18,7,1,9,7
18,7,1,7,7
18,7,1,5,7
18,7,1,6,7
18,7,1,4,7
18,7,1,7,7
18,7,1,10,7
18,7,1,0,7
18,7,1,3,7
18,7,1,8,7
18,7,1,8,7
18,7,1,8,7
18,7,1,9,7
18,7,1,7,7
18,7,1,4,7
18,7,1,3,7
18,7,1,1,7
18,7,1,5,7
18,7,1,3,7
18,7,1,2,7
18,7,0,17,5
18,7,1,4,7
18,7,1,15,7
18,7,1,6,7
18,7,1,4,7
18,7,1,4,7
18,7,1,4,7
18,7,1,11,7
18,7,1,4,7
18,7,1,5,7
18,7,1,4,7
18,7,1,3,7
18,7,1,3,7
18,7,1,7,7
18,7,1,7,7
18,7,1,0,7
18,7,1,3,7
18,7,1,8,7
18,7,1,4,7
18,7,1,8,7
18,7,1,5,7
18,7,1,4,7
18,7,1,1,7
18,7,1,13,7
18,7,0,17,5
18,7,1,5,7
18,7,1,8,7
18,7,1,1,7
18,7,0,17,6
18,7,1,2,7
18,7,1,0,7
18,7,1,12,7
18,7,1,6,7
18,7,1,1,7
18,7,1,4,7
18,7,1,6,7
18,7,1,4,7
18,7,1,6,7
18,7,1,6,7
18,7,1,4,7
18,7,1,8,7
18,7,1,6,7
18,7,1,7,7
18,7,1,9,7
18,7,1,3,7
18,7,1,5,7
18,7,1,10,7
18,7,1,3,7
18,7,1,6,7
18,7,1,3,7
18,7,1,7,7
18,7,1,10,7
18,7,1,6,7
18,8,1,1,8
18,8,1,3,8
18,8,1,1,8
18,8,1,8,8
18,8,1,7,8
18,8,1,6,8
18,8,1,8,8
18,8,0,17,5
18,8,1,3,8
18,8,1,6,8
18,8,1,6,8
18,8,1,0,8
18,8,1,4,8
18,8,1,4,8
18,8,1,11,8
18,8,1,8,8
18,8,1,0,8
18,8,1,3,8
18,8,1,5,8
18,8,1,11,8
18,8,1,8,8
18,8,1,12,8
18,8,1,2,8
18,8,1,6,8
18,8,1,4,8
18,8,1,7,8
18,8,1,6,8
18,8,1,11,8
18,8,1,9,8
18,8,1,8,8
18,8,1,6,8
18,8,1,1,8
18,8,1,1,8
18,8,1,5,8
18,8,1,6,8
18,8,1,10,8
18,8,1,4,8
18,8,0,17,5
18,8,1,13,8
18,8,1,13,8
18,8,1,7,8
18,8,1,4,8
18,8,1,8,8
18,8,1,9,8
18,8,1,2,8
18,8,1,7,8
18,8,1,9,8
18,8,1,6,8
18,8,1,2,8
18,8,1,8,8
18,8,1,7,8
18,8,1,9,8
18,8,1,3,8
18,8,1,1,8
18,8,1,6,8
18,8,1,8,8
18,8,1,10,8
18,8,1,2,8
18,8,1,8,8
18,8,1,4,8
18,8,1,1,8
18,8,1,7,8
18,8,1,9,8
18,8,1,10,8
18,8,1,3,8
18,8,1,7,8
18,8,1,9,8
18,8,0,17,6
18,8,1,10,8
18,8,1,9,8
18,8,1,8,8
18,8,1,9,8
18,8,1,1,8
18,8,1,7,8
18,8,1,10,8
18,8,1,10,8
18,8,1,4,8
18,8,1,4,8
18,8,1,7,8
18,8,1,0,8
18,8,1,6,8
18,8,1,2,8
18,8,1,3,8
18,8,1,3,8
18,8,1,11,8
18,8,1,8,8
18,8,1,10,8
18,8,1,8,8
18,8,1,7,8
18,8,1,9,8
18,8,1,0,8
18,8,1,4,8
18,8,1,3,8
18,8,0,17,7
18,8,1,10,8
18,8,1,2,8
18,8,1,6,8
18,8,0,17,5
18,8,1,10,8
18,8,1,3,8
18,9,1,7,9
18,9,1,3,9
18,9,1,4,9
18,9,1,5,9
18,9,1,7,9
18,9,1,3,9
18,9,1,7,9
18,9,1,2,9
18,9,1,8,9
18,9,1,4,9
18,9,1,1,9
18,9,1,3,9
18,9,1,5,9
18,9,1,6,9
18,9,1,9,9
18,9,1,10,9
18,9,1,13,9
18,9,1,4,9
18,9,1,8,9
18,9,1,7,9
18,9,1,9,9
18,9,1,6,9
18,9,1,11,9
18,9,1,7,9
18,9,1,7,9
18,9,1,9,9
18,9,1,2,9
18,9,1,8,9
18,9,1,6,9
18,9,1,4,9
18,9,1,4,9
18,9,1,6,9
18,9,1,7,9
18,9,1,5,9
18,9,1,4,9
18,9,1,8,9
18,9,0,17,7
18,9,1,2,9
18,9,1,12,9
18,9,1,3,9
18,9,1,3,9
18,9,1,2,9
18,9,1,10,9
18,9,1,12,9
18,9,1,7,9
18,9,1,8,9
18,9,1,11,9
18,9,1,5,9
18,9,1,8,9
18,9,1,4,9
18,9,1,1,9
18,9,1,8,9
18,9,1,8,9
18,9,1,7,9
18,9,1,3,9
18,9,1,9,9
18,9,1,7,9
18,9,1,13,9
18,9,1,6,9
18,9,1,3,9
18,9,1,15,9
18,9,1,7,9
18,9,1,3,9
18,9,1,7,9
18,9,0,17,7
18,9,1,3,9
18,9,1,5,9
18,9,1,4,9
18,9,1,6,9
18,9,1,8,9
18,9,1,7,9
18,9,1,8,9
18,9,1,9,9
18,9,1,4,9
18,9,1,13,9
18,9,1,8,9
18,9,1,8,9
18,9,0,17,6
18,9,1,9,9
18,9,1,6,9
18,9,1,7,9
18,9,1,4,9
18,9,1,6,9
18,9,1,8,9
18,9,1,8,9
18,9,1,1,9
18,9,1,12,9
18,9,1,5,9
18,9,1,4,9
18,9,1,11,9
18,9,1,4,9
18,9,1,4,9
18,9,0,17,7
18,9,1,9,9
18,9,1,5,9
18,9,1,0,9
18,9,1,8,9
18,9,0,17,8
18,9,1,14,9
18,9,1,8,9
18,10,1,5,10
18,10,1,11,10
18,10,1,16,10
18,10,1,8,10
18,10,1,10,10
18,10,1,7,10
18,10,1,7,10
18,10,1,8,10
18,10,1,8,10
18,10,1,6,10
18,10,1,10,10
18,10,1,8,10
18,10,1,8,10
18,10,1,7,10
18,10,1,4,10
18,10,1,14,10
18,10,1,11,10
18,10,1,9,10
18,10,1,3,10
18,10,1,11,10
18,10,1,2,10
18,10,1,7,10
18,10,1,4,10
18,10,1,5,10
18,10,1,6,10
18,10,1,6,10
18,10,1,9,10
18,10,1,7,10
18,10,1,11,10
18,10,0,17,8
18,10,1,4,10
18,10,1,6,10
18,10,1,5,10
18,10,1,11,10
18,10,1,12,10
18,10,1,1,10
18,10,1,4,10
18,10,1,4,10
18,10,1,9,10
18,10,1,8,10
18,10,1,9,10
18,10,1,1,10
18,10,1,7,10
18,10,1,2,10
18,10,1,1,10
18,10,1,9,10
18,10,1,12,10
18,10,1,12,10
18,10,1,7,10
18,10,1,9,10
18,10,1,6,10
18,10,0,17,8
18,10,1,3,10
18,10,1,8,10
18,10,1,8,10
18,10,1,2,10
18,10,1,9,10
18,10,1,6,10
18,10,1,10,10
18,10,1,12,10
18,10,1,9,10
18,10,0,17,9
18,10,0,17,8
18,10,1,6,10
18,10,1,14,10
18,10,1,13,10
18,10,1,6,10
18,10,1,14,10
18,10,1,2,10
18,10,1,3,10
18,10,1,12,10
18,10,1,9,10
18,10,1,9,10
18,10,1,1,10
18,10,1,9,10
18,10,1,11,10
18,10,1,5,10
18,10,1,3,10
18,10,1,13,10
18,10,1,10,10
18,10,1,2,10
18,10,1,4,10
18,10,1,10,10
18,10,1,9,10
18,10,1,6,10
18,10,1,9,10
18,10,1,5,10
18,10,0,17,8
18,10,1,4,10
18,10,1,8,10
18,10,0,17,9
18,10,1,16,10
18,10,1,1,10
18,10,1,6,10
18,10,1,1,10
18,10,1,10,10
18,10,1,4,10
18,10,1,4,10
18,10,1,8,10
18,10,1,14,10
18,11,1,4,11
18,11,1,15,11
18,11,1,9,11
18,11,1,14,11
18,11,1,11,11
18,11,1,11,11
18,11,1,12,11
18,11,1,7,11
18,11,1,10,11
18,11,1,4,11
18,11,0,17,6
18,11,1,5,11
18,11,1,9,11
18,11,1,10,11
18,11,1,10,11
18,11,0,17,9
18,11,1,6,11
18,11,1,5,11
18,11,1,6,11
18,11,1,7,11
18,11,1,2,11
18,11,1,12,11
18,11,1,13,11
18,11,1,4,11
18,11,1,6,11
18,11,1,7,11
18,11,1,16,11
18,11,1,2,11
18,11,0,17,8
18,11,1,6,11
18,11,1,15,11
18,11,1,15,11
18,11,1,2,11
18,11,1,9,11
18,11,1,12,11
18,11,1,11,11
18,11,1,11,11
18,11,1,14,11
18,11,1,8,11
18,11,0,17,8
18,11,1,12,11
18,11,1,10,11
18,11,1,4,11
18,11,0,17,9
18,11,1,2,11
18,11,1,9,11
18,11,1,8,11
18,11,1,4,11
18,11,1,6,11
18,11,1,12,11
18,11,1,5,11
18,11,1,3,11
18,11,1,14,11
18,11,1,14,11
18,11,1,7,11
18,11,1,6,11
18,11,1,5,11
18,11,1,11,11
18,11,1,11,11
18,11,1,4,11
18,11,1,6,11
18,11,1,11,11
18,11,1,16,11
18,11,1,6,11
18,11,0,17,6
18,11,1,11,11
18,11,1,1,11
18,11,1,16,11
18,11,1,5,11
18,11,1,10,11
18,11,1,2,11
18,11,1,9,11
18,11,1,8,11
18,11,1,5,11
18,11,1,11,11
18,11,1,4,11
18,11,1,11,11
18,11,1,12,11
18,11,1,10,11
18,11,1,4,11
18,11,1,9,11
18,11,1,8,11
18,11,1,8,11
18,11,1,13,11
18,11,1,11,11
18,11,1,8,11
18,11,1,8,11
18,11,1,11,11
18,11,0,17,8
18,11,1,8,11
18,11,1,9,11
18,11,1,5,11
18,11,1,11,11
18,11,1,12,11
18,11,1,8,11
18,11,1,12,11
18,11,1,5,11
18,11,1,12,11
18,11,1,5,11
18,11,1,4,11
18,12,1,9,12
18,12,1,13,12
18,12,0,17,9
18,12,1,7,12
18,12,0,17,11
18,12,1,7,12
18,12,1,8,12
18,12,1,5,12
18,12,1,16,12
18,12,1,13,12
18,12,1,12,12
18,12,1,11,12
18,12,1,12,12
18,12,1,7,12
18,12,0,17,8
18,12,1,10,12
18,12,1,7,12
18,12,1,6,12
18,12,0,17,5
18,12,0,17,5
18,12,1,11,12
18,12,1,2,12
18,12,1,5,12
18,12,1,14,12
18,12,1,9,12
18,12,1,9,12
18,12,1,14,12
18,12,1,6,12
18,12,1,15,12
18,12,1,8,12
18,12,1,7,12
18,12,1,4,12
18,12,1,12,12
18,12,1,7,12
18,12,1,2,12
18,12,1,10,12
18,12,1,2,12
18,12,1,3,12
18,12,1,2,12
18,12,1,10,12
18,12,1,7,12
18,12,1,9,12
18,12,1,7,12
18,12,1,4,12
18,12,1,14,12
18,12,1,8,12
18,12,1,5,12
18,12,1,6,12
18,12,1,13,12
18,12,1,8,12
18,12,1,4,12
18,12,1,4,12
18,12,0,17,8
18,12,1,6,12
18,12,1,7,12
18,12,1,8,12
18,12,1,11,12
18,12,0,17,9
18,12,1,15,12
18,12,0,17,8
18,12,1,10,12
18,12,1,3,12
18,12,1,3,12
18,12,1,11,12
18,12,1,9,12
18,12,1,6,12
18,12,1,7,12
18,12,1,10,12
18,12,1,5,12
18,12,1,5,12
18,12,1,12,12
18,12,1,8,12
18,12,0,17,9
18,12,1,6,12
18,12,1,7,12
18,12,0,17,10
18,12,0,17,5
18,12,1,10,12
18,12,1,13,12
18,12,1,9,12
18,12,1,12,12
18,12,1,4,12
18,12,1,6,12
18,12,1,5,12
18,12,1,6,12
18,12,1,4,12
18,12,1,10,12
18,12,1,13,12
18,12,1,9,12
18,12,1,13,12
18,12,1,6,12
18,12,1,14,12
18,12,1,12,12
18,12,1,13,12
18,12,1,9,12
18,12,1,5,12
18,12,1,5,12
18,12,1,3,12
18,12,1,10,12
18,12,1,10,12
18,13,1,6,13
18,13,1,10,13
18,13,0,17,11
18,13,1,12,13
18,13,1,10,13
18,13,1,6,13
18,13,1,4,13
18,13,1,12,13
18,13,0,17,7
18,13,1,14,13
18,13,0,17,11
18,13,0,17,4
18,13,0,17,12
18,13,1,12,13
18,13,0,17,11
18,13,0,17,12
18,13,1,9,13
18,13,1,13,13
18,13,1,5,13
18,13,0,17,10
18,13,1,1,13
18,13,1,10,13
18,13,1,2,13
18,13,1,6,13
18,13,0,17,3
18,13,1,7,13
18,13,0,17,9
18,13,0,17,7
18,13,1,14,13
18,13,1,11,13
18,13,1,4,13
18,13,1,10,13
18,13,1,14,13
18,13,0,17,11
18,13,1,8,13
18,13,1,10,13
18,13,0,17,11
18,13,1,15,13
18,13,1,8,13
18,13,1,10,13
18,13,0,17,11
18,13,1,11,13
18,13,1,11,13
18,13,1,5,13
18,13,1,12,13
18,13,1,4,13
18,13,1,7,13
18,13,1,13,13
18,13,1,12,13
18,13,1,12,13
18,13,0,17,12
18,13,1,5,13
18,13,1,11,13
18,13,1,8,13
18,13,1,14,13
18,13,1,7,13
18,13,1,6,13
18,13,1,9,13
18,13,1,8,13
18,13,1,13,13
18,13,0,17,10
18,13,1,10,13
18,13,1,8,13
18,13,1,7,13
18,13,1,15,13
18,13,1,9,13
18,13,1,4,13
18,13,1,13,13
18,13,1,14,13
18,13,1,7,13
18,13,1,13,13
18,13,1,15,13
18,13,1,2,13
18,13,1,11,13
18,13,1,11,13
18,13,1,9,13
18,13,0,17,11
18,13,1,12,13
18,13,1,11,13
18,13,1,7,13
18,13,1,12,13
18,13,1,7,13
18,13,1,9,13
18,13,1,9,13
18,13,1,7,13
18,13,1,10,13
18,13,1,4,13
18,13,1,12,13
18,13,1,5,13
18,13,0,17,11
18,13,1,10,13
18,13,1,4,13
18,13,1,9,13
18,13,1,3,13
18,13,1,6,13
18,13,1,8,13
18,13,1,6,13
18,13,1,13,13
18,13,1,2,13
18,13,1,13,13
18,14,1,6,14
18,14,1,11,14
18,14,1,11,14
18,14,1,10,14
18,14,1,14,14
18,14,1,6,14
18,14,1,11,14
18,14,1,7,14
18,14,1,13,14
18,14,0,17,10
18,14,1,8,14
18,14,1,3,14
18,14,1,5,14
18,14,1,14,14
18,14,1,10,14
18,14,1,11,14
18,14,1,15,14
18,14,1,5,14
18,14,0,17,6
18,14,1,7,14
18,14,1,5,14
18,14,0,17,4
18,14,1,13,14
18,14,1,14,14
18,14,1,13,14
18,14,1,9,14
18,14,1,7,14
18,14,1,9,14
18,14,0,17,7
18,14,0,17,12
18,14,1,12,14
18,14,1,15,14
18,14,1,9,14
18,14,1,13,14
18,14,0,17,11
18,14,0,17,12
18,14,0,17,9
18,14,0,17,12
18,14,1,9,14
18,14,0,17,12
18,14,1,10,14
18,14,0,17,12
18,14,1,4,14
18,14,1,5,14
18,14,1,7,14
18,14,1,7,14
18,14,0,17,8
18,14,1,4,14
18,14,0,17,12
18,14,1,8,14
18,14,1,2,14
18,14,1,14,14
18,14,1,8,14
18,14,1,6,14
18,14,1,12,14
18,14,1,5,14
18,14,1,7,14
18,14,1,8,14
18,14,1,8,14
18,14,0,17,12
18,14,0,17,10
18,14,1,8,14
18,14,1,7,14
18,14,1,9,14
18,14,1,4,14
18,14,1,12,14
18,14,1,12,14
18,14,1,10,14
18,14,1,15,14
18,14,1,12,14
18,14,0,17,9
18,14,0,17,6
18,14,1,15,14
18,14,0,17,12
18,14,1,13,14
18,14,1,8,14
18,14,0,17,8
18,14,1,15,14
18,14,1,15,14
18,14,1,6,14
18,14,1,11,14
18,14,1,12,14
18,14,1,5,14
18,14,0,17,13
18,14,1,12,14
18,14,1,7,14
18,14,1,12,14
18,14,0,17,4
18,14,0,17,8
18,14,1,8,14
18,14,0,17,11
18,14,1,3,14
18,14,1,6,14
18,14,0,17,7
18,14,1,6,14
18,14,1,13,14
18,14,0,17,11
18,14,1,7,14
18,14,0,17,10
18,14,1,8,14
18,15,1,7,15
18,15,0,17,13
18,15,1,4,15
18,15,0,17,14
18,15,0,17,9
18,15,0,17,12
18,15,0,17,9
18,15,1,12,15
18,15,1,10,15
18,15,0,17,14
18,15,1,10,15
18,15,0,17,10
18,15,1,6,15
18,15,1,10,15
18,15,1,10,15
18,15,0,17,9
18,15,1,4,15
18,15,1,12,15
18,15,0,17,13
18,15,0,17,13
18,15,1,11,15
18,15,0,17,12
18,15,0,17,14
18,15,0,17,13
18,15,1,12,15
18,15,1,5,15
18,15,1,6,15
18,15,0,17,9
18,15,1,11,15
18,15,0,17,10
18,15,1,12,15
18,15,1,14,15
18,15,1,5,15
18,15,1,4,15
18,15,0,17,5
18,15,1,13,15
18,15,1,11,15
18,15,1,10,15
18,15,1,7,15
18,15,0,17,13
18,15,0,17,11
18,15,1,8,15
18,15,1,6,15
18,15,1,9,15
18,15,1,8,15
18,15,1,9,15
18,15,1,7,15
18,15,1,12,15
18,15,0,17,12
18,15,1,9,15
18,15,1,6,15
18,15,1,5,15
18,15,1,9,15
18,15,1,9,15
18,15,1,10,15
18,15,1,10,15
18,15,1,16,15
18,15,1,15,15
18,15,1,9,15
18,15,1,12,15
18,15,1,9,15
18,15,1,12,15
18,15,1,13,15
18,15,0,17,12
18,15,1,16,15
18,15,0,17,13
18,15,0,17,14
18,15,1,12,15
18,15,1,9,15
18,15,1,9,15
18,15,0,17,9
18,15,1,9,15
18,15,1,12,15
18,15,1,11,15
18,15,1,9,15
18,15,1,8,15
18,15,1,1,15
18,15,0,17,4
18,15,1,9,15
18,15,0,17,8
18,15,1,7,15
18,15,1,15,15
18,15,0,17,10
18,15,1,10,15
18,15,0,17,10
18,15,1,8,15
18,15,1,8,15
18,15,1,16,15
18,15,0,17,9
18,15,1,5,15
18,15,0,17,5
18,15,1,4,15
18,15,0,17,13
18,15,1,6,15
18,15,1,12,15
18,15,1,6,15
18,15,1,0,15
18,15,0,17,12
18,15,1,9,15
18,15,1,16,15
18,16,1,15,16
18,16,1,10,16
18,16,1,12,16
18,16,1,13,16
18,16,1,15,16
18,16,1,10,16
18,16,0,17,8
18,16,0,17,9
18,16,1,7,16
18,16,0,17,13
18,16,1,10,16
18,16,1,9,16
18,16,1,9,16
18,16,1,8,16
18,16,0,17,6
18,16,1,10,16
18,16,1,10,16
18,16,1,9,16
18,16,0,17,8
18,16,1,11,16
18,16,1,9,16
18,16,1,11,16
18,16,1,13,16
18,16,1,9,16
18,16,1,13,16
18,16,0,17,12
18,16,0,17,10
18,16,1,7,16
18,16,1,12,16
18,16,1,12,16
18,16,0,17,14
18,16,1,8,16
18,16,1,5,16
18,16,1,7,16
18,16,1,13,16
18,16,0,17,14
18,16,1,9,16
18,16,1,8,16
18,16,0,17,6
18,16,1,16,16
18,16,0,17,11
18,16,1,12,16
18,16,0,17,5
18,16,1,6,16
18,16,1,6,16
18,16,1,8,16
18,16,1,2,16
18,16,1,16,16
18,16,1,9,16
18,16,0,17,12
18,16,1,12,16
18,16,1,10,16
18,16,0,17,14
18,16,0,17,8
18,16,1,14,16
18,16,1,13,16
18,16,0,17,10
18,16,1,8,16
18,16,1,12,16
18,16,1,11,16
18,16,1,6,16
18,16,0,17,11
18,16,1,14,16
18,16,1,8,16
18,16,0,17,11
18,16,0,17,10
18,16,1,8,16
18,16,0,17,9
18,16,1,16,16
18,16,0,17,6
18,16,0,17,11
18,16,0,17,11
18,16,1,13,16
18,16,0,17,12
18,16,0,17,14
18,16,1,14,16
18,16,0,17,12
18,16,1,11,16
18,16,0,17,13
18,16,1,10,16
18,16,1,8,16
18,16,0,17,14
18,16,1,14,16
18,16,0,17,14
18,16,1,9,16
18,16,1,15,16
18,16,1,4,16
18,16,0,17,9
18,16,0,17,15
18,16,0,17,10
18,16,1,2,16
18,16,1,5,16
18,16,0,17,13
18,16,1,15,16
18,16,1,11,16
18,16,1,12,16
18,16,0,17,13
18,16,1,14,16
18,16,1,9,16
18,16,1,15,16
18,17,1,13,17
18,17,0,17,14
18,17,0,17,13
18,17,1,13,17
18,17,1,16,17
18,17,0,17,8
18,17,1,16,17
18,17,0,17,15
18,17,0,17,7
18,17,0,17,12
18,17,1,11,17
18,17,1,7,17
18,17,1,9,17
18,17,1,13,17
18,17,0,17,13
18,17,0,17,15
18,17,0,17,15
18,17,0,17,15
18,17,0,17,15
18,17,1,12,17
18,17,0,17,13
18,17,1,13,17
18,17,1,14,17
18,17,0,17,12
18,17,1,11,17
18,17,1,14,17
18,17,0,17,9
18,17,1,13,17
18,17,0,17,12
18,17,1,5,17
18,17,1,13,17
18,17,0,17,8
18,17,0,17,13
18,17,0,17,10
18,17,0,17,9
18,17,0,17,9
18,17,1,13,17
18,17,1,13,17
18,17,1,14,17
18,17,1,10,17
18,17,0,17,11
18,17,1,14,17
18,17,1,10,17
18,17,0,17,11
18,17,1,7,17
18,17,0,17,6
18,17,1,10,17
18,17,0,17,9
18,17,1,12,17
18,17,0,17,16
18,17,0,17,15
18,17,0,17,14
18,17,0,17,14
18,17,0,17,9
18,17,0,17,12
18,17,0,17,9
18,17,1,14,17
18,17,0,17,15
18,17,1,10,17
18,17,0,17,9
18,17,1,10,17
18,17,1,13,17
18,17,1,7,17
18,17,1,6,17
18,17,1,7,17
18,17,1,10,17
18,17,0,17,14
18,17,0,17,11
18,17,0,17,16
18,17,0,17,14
18,17,1,13,17
18,17,1,5,17
18,17,1,8,17
18,17,1,11,17
18,17,0,17,11
18,17,1,6,17
18,17,1,9,17
18,17,0,17,14
18,17,1,10,17
18,17,1,14,17
18,17,1,11,17
18,17,0,17,11
18,17,1,13,17
18,17,0,17,13
18,17,1,6,17
18,17,0,17,9
18,17,0,17,14
18,17,0,17,15
18,17,0,17,14
18,17,1,14,17
18,17,1,15,17
18,17,1,16,17
18,17,0,17,5
18,17,1,6,17
18,17,0,17,12
18,17,1,7,17
18,17,0,17,13
18,17,0,17,15
18,17,1,13,17
18,17,0,17,15
18,18,1,11,18
18,18,1,10,18
18,18,0,17,15
18,18,1,10,18
18,18,1,13,18
18,18,0,17,17
18,18,0,17,12
18,18,1,10,18
18,18,1,14,18
18,18,0,17,15
18,18,0,17,13
18,18,1,13,18
18,18,1,11,18
18,18,1,8,18
18,18,1,12,18
18,18,1,7,18
18,18,0,17,12
18,18,0,17,16
18,18,0,17,5
18,18,0,17,14
18,18,0,17,15
18,18,0,17,15
18,18,0,17,10
18,18,0,17,15
18,18,1,14,18
18,18,0,17,14
18,18,1,4,18
18,18,1,13,18
18,18,1,9,18
18,18,0,17,10
18,18,0,17,16
18,18,1,13,18
18,18,0,17,12
18,18,1,7,18
18,18,1,11,18
18,18,0,17,14
18,18,1,6,18
18,18,1,6,18
18,18,0,17,16
18,18,1,13,18
18,18,0,17,11
18,18,1,5,18
18,18,0,17,11
18,18,1,14,18
18,18,1,9,18
18,18,1,7,18
18,18,0,17,14
18,18,1,14,18
18,18,0,17,7
18,18,0,17,6
18,18,1,9,18
18,18,1,11,18
18,18,0,17,11
18,18,0,17,8
18,18,0,17,15
18,18,0,17,8
18,18,1,8,18
18,18,0,17,13
18,18,1,11,18
18,18,1,7,18
18,18,0,17,17
18,18,0,17,4
18,18,1,7,18
18,18,0,17,11
18,18,0,17,17
18,18,1,10,18
18,18,1,8,18
18,18,1,9,18
18,18,0,17,10
18,18,1,7,18
18,18,1,8,18
18,18,1,10,18
18,18,1,8,18
18,18,0,17,13
18,18,1,10,18
18,18,1,5,18
18,18,1,10,18
18,18,1,9,18
18,18,1,15,18
18,18,0,17,12
18,18,1,11,18
18,18,1,14,18
18,18,1,14,18
18,18,0,17,10
18,18,0,17,15
18,18,1,14,18
18,18,1,9,18
18,18,0,17,15
18,18,0,17,13
18,18,0,17,8
18,18,1,10,18
18,18,1,14,18
18,18,1,16,18
18,18,1,16,18
18,18,0,17,17
18,18,1,7,18
18,18,1,12,18
18,18,0,17,17
18,18,1,10,18
18,18,1,10,18
18,19,1,9,19
18,19,0,17,16
18,19,0,17,18
18,19,1,10,19
18,19,0,17,15
18,19,1,15,19
18,19,1,10,19
18,19,0,17,6
18,19,0,17,15
18,19,1,11,19
18,19,1,7,19
18,19,0,17,11
18,19,0,17,13
18,19,1,10,19
18,19,0,17,5
18,19,1,11,19
18,19,1,9,19
18,19,0,17,18
18,19,1,12,19
18,19,1,11,19
18,19,0,17,7
18,19,0,17,14
18,19,0,17,11
18,19,1,12,19
18,19,1,13,19
18,19,1,12,19
18,19,1,13,19
18,19,1,15,19
18,19,1,8,19
18,19,0,17,14
18,19,1,16,19
18,19,0,17,13
18,19,0,17,14
18,19,0,17,13
18,19,1,9,19
18,19,1,15,19
18,19,1,11,19
18,19,1,15,19
18,19,1,15,19
18,19,0,17,18
18,19,0,17,7
18,19,0,17,15
18,19,0,17,15
18,19,1,9,19
18,19,0,17,9
18,19,1,10,19
18,19,0,17,7
18,19,0,17,7
18,19,1,3,19
18,19,0,17,11
18,19,1,10,19
18,19,1,10,19
18,19,1,8,19
18,19,1,12,19
18,19,0,17,16
18,19,1,13,19
18,19,1,10,19
18,19,0,17,17
18,19,0,17,15
18,19,0,17,18
18,19,0,17,15
18,19,0,17,12
18,19,0,17,14
18,19,1,13,19
18,19,1,14,19
18,19,1,8,19
18,19,0,17,18
18,19,1,13,19
18,19,0,17,17
18,19,0,17,11
18,19,0,17,11
18,19,1,7,19
18,19,1,14,19
18,19,0,17,16
18,19,0,17,16
18,19,1,14,19
18,19,0,17,17
18,19,0,17,11
18,19,1,8,19
18,19,0,17,11
18,19,0,17,18
18,19,1,10,19
18,19,0,17,16
18,19,1,10,19
18,19,1,10,19
18,19,1,10,19
18,19,0,17,13
18,19,0,17,17
18,19,0,17,13
18,19,1,12,19
18,19,1,7,19
18,19,1,14,19
18,19,1,13,19
18,19,0,17,11
18,19,1,7,19
18,19,1,12,19
18,19,0,17,11
18,19,0,17,13
18,19,0,17,17
18,19,1,11,19
18,20,0,17,19
18,20,0,17,17
18,20,0,17,14
18,20,1,14,20
18,20,1,12,20
18,20,0,17,8
18,20,0,17,18
18,20,0,17,13
18,20,1,11,20
18,20,0,17,17
18,20,0,17,9
18,20,0,17,13
18,20,0,17,12
18,20,0,17,14
18,20,1,13,20
18,20,1,12,20
18,20,1,8,20
18,20,0,17,13
18,20,0,17,16
18,20,1,7,20
18,20,1,12,20
18,20,1,8,20
18,20,1,13,20
18,20,1,13,20
18,20,0,17,14
18,20,1,11,20
18,20,0,17,17
18,20,1,12,20
18,20,0,17,10
18,20,1,12,20
18,20,0,17,19
18,20,0,17,11
18,20,1,13,20
18,20,1,13,20
18,20,1,11,20
18,20,0,17,16
18,20,0,17,15
18,20,1,15,20
18,20,0,17,15
18,20,1,14,20
18,20,0,17,8
18,20,1,16,20
18,20,0,17,15
18,20,0,17,11
18,20,0,17,18
18,20,0,17,19
18,20,1,14,20
18,20,0,17,17
18,20,1,11,20
18,20,0,17,15
18,20,0,17,16
18,20,0,17,18
18,20,0,17,7
18,20,1,15,20
18,20,0,17,15
18,20,0,17,10
18,20,0,17,11
18,20,0,17,18
18,20,1,15,20
18,20,0,17,19
18,20,0,17,18
18,20,0,17,11
18,20,0,17,16
18,20,0,17,16
18,20,1,11,20
18,20,0,17,4
18,20,1,13,20
18,20,0,17,12
18,20,0,17,11
18,20,0,17,19
18,20,0,17,13
18,20,1,7,20
18,20,1,14,20
18,20,0,17,9
18,20,1,15,20
18,20,0,17,15
18,20,0,17,17
18,20,0,17,12
18,20,0,17,17
18,20,0,17,18
18,20,1,10,20
18,20,1,14,20
18,20,0,17,14
18,20,0,17,17
18,20,1,12,20
18,20,1,7,20
18,20,1,6,20
18,20,1,7,20
18,20,0,17,15
18,20,0,17,18
18,20,0,17,10
18,20,0,17,17
18,20,1,13,20
18,20,1,13,20
18,20,1,12,20
18,20,1,13,20
18,20,0,17,8
18,20,0,17,19
18,20,1,11,20
18,20,1,14,20
19,1,1,5,1
19,1,1,1,1
19,1,1,0,1
19,1,1,0,1
19,1,1,0,1
19,1,1,0,1
19,1,1,2,1
19,1,1,0,1
19,1,1,0,1
19,1,1,0,1
19,1,1,6,1
19,1,1,6,1
19,1,1,0,1
19,1,1,0,1
19,1,1,1,1
19,1,1,2,1
19,1,1,1,1
19,1,1,0,1
19,1,1,0,1
19,1,1,2,1
19,1,1,0,1
19,1,1,2,1
19,1,1,1,1
19,1,1,0,1
19,1,1,0,1
19,1,1,0,1
19,1,1,0,1
19,1,1,0,1
19,1,1,0,1
19,1,1,0,1
19,1,1,1,1
19,1,1,0,1
19,1,1,1,1
19,1,1,0,1
19,1,1,0,1
19,1,1,0,1
19,1,1,0,1
19,1,1,0,1
19,1,1,1,1
19,1,1,0,1
19,1,1,0,1
19,1,1,0,1
19,1,1,0,1
19,1,1,0,1
19,1,1,0,1
19,1,1,0,1
19,1,1,0,1
19,1,1,1,1
19,1,1,0,1
19,1,1,0,1
19,1,1,0,1
19,1,1,0,1
19,1,1,0,1
19,1,1,0,1
19,1,1,1,1
19,1,1,1,1
19,1,1,1,1
19,1,1,1,1
19,1,1,1,1
19,1,1,0,1
19,1,1,0,1
19,1,1,2,1
19,1,1,1,1
19,1,1,0,1
19,1,1,0,1
19,1,1,1,1
19,1,1,0,1
19,1,1,0,1
19,1,1,0,1
19,1,1,0,1
19,1,1,0,1
19,1,1,2,1
19,1,1,0,1
19,1,1,2,1
19,1,1,0,1
19,1,1,1,1
19,1,1,3,1
19,1,1,0,1
19,1,1,0,1
19,1,1,1,1
19,1,1,2,1
19,1,1,2,1
19,1,1,0,1
19,1,1,1,1
19,1,1,0,1
19,1,1,2,1
19,1,1,1,1
19,1,1,2,1
19,1,1,1,1
19,1,1,0,1
19,1,1,4,1
19,1,1,1,1
19,1,1,0,1
19,1,1,0,1
19,1,1,4,1
19,1,1,0,1
19,1,1,0,1
19,1,1,0,1
19,1,1,0,1
19,1,1,3,1
19,2,1,0,2
19,2,1,0,2
19,2,1,0,2
19,2,1,3,2
19,2,1,1,2
19,2,1,0,2
19,2,1,0,2
19,2,1,2,2
19,2,1,0,2
19,2,1,3,2
19,2,1,1,2
19,2,1,3,2
19,2,1,0,2
19,2,1,1,2
19,2,1,0,2
19,2,1,2,2
19,2,1,0,2
19,2,1,0,2
19,2,1,0,2
19,2,1,2,2
19,2,1,0,2
19,2,1,0,2
19,2,1,2,2
19,2,1,0,2
19,2,1,1,2
19,2,1,0,2
19,2,1,4,2
19,2,1,1,2
19,2,1,2,2
19,2,1,0,2
19,2,1,0,2
19,2,1,0,2
19,2,1,0,2
19,2,1,0,2
19,2,1,2,2
19,2,1,0,2
19,2,1,1,2
19,2,1,0,2
19,2,1,6,2
19,2,1,2,2
19,2,1,2,2
19,2,1,0,2
19,2,1,2,2
19,2,1,2,2
19,2,1,8,2
19,2,1,0,2
19,2,1,1,2
19,2,1,1,2
19,2,1,0,2
19,2,1,6,2
19,2,1,3,2
19,2,1,3,2
19,2,1,1,2
19,2,1,0,2
19,2,1,5,2
19,2,1,3,2
19,2,1,0,2
19,2,1,0,2
19,2,1,1,2
19,2,1,0,2
19,2,1,0,2
19,2,1,1,2
19,2,1,0,2
19,2,1,1,2
19,2,1,1,2
19,2,1,0,2
19,2,1,1,2
19,2,1,7,2
19,2,1,1,2
19,2,1,0,2
19,2,1,2,2
19,2,1,1,2
19,2,1,6,2
19,2,1,1,2
19,2,1,0,2
19,2,1,0,2
19,2,1,2,2
19,2,1,1,2
19,2,1,3,2
19,2,1,1,2
19,2,1,1,2
19,2,1,0,2
19,2,1,4,2
19,2,1,0,2
19,2,1,1,2
19,2,1,0,2
19,2,1,3,2
19,2,1,5,2
19,2,1,4,2
19,2,1,3,2
19,2,1,1,2
19,2,1,0,2
19,2,1,0,2
19,2,1,0,2
19,2,1,0,2
19,2,1,1,2
19,2,1,1,2
19,2,1,0,2
19,2,1,0,2
19,2,1,1,2
19,3,1,0,3
19,3,1,0,3
19,3,1,1,3
19,3,1,5,3
19,3,1,3,3
19,3,1,3,3
19,3,1,0,3
19,3,1,9,3
19,3,1,4,3
19,3,1,0,3
19,3,1,2,3
19,3,1,0,3
19,3,1,0,3
19,3,1,3,3
19,3,1,2,3
19,3,1,0,3
19,3,1,4,3
19,3,1,3,3
19,3,1,0,3
19,3,1,3,3
19,3,1,8,3
19,3,1,1,3
19,3,1,2,3
19,3,1,4,3
19,3,1,1,3
19,3,1,3,3
19,3,1,0,3
19,3,1,6,3
19,3,1,2,3
19,3,1,2,3
19,3,1,1,3
19,3,1,3,3
19,3,1,2,3
19,3,1,8,3
19,3,1,5,3
19,3,1,0,3
19,3,1,2,3
19,3,1,1,3
19,3,1,6,3
19,3,1,9,3
19,3,1,8,3
19,3,1,1,3
19,3,1,2,3
19,3,1,3,3
19,3,1,1,3
19,3,1,5,3
19,3,1,3,3
19,3,1,3,3
19,3,1,5,3
19,3,1,5,3
19,3,1,3,3
19,3,1,0,3
19,3,1,3,3
19,3,1,4,3
19,3,1,2,3
19,3,1,0,3
19,3,1,1,3
19,3,1,6,3
19,3,1,4,3
19,3,1,1,3
19,3,1,1,3
19,3,1,0,3
19,3,1,3,3
19,3,1,1,3
19,3,1,0,3
19,3,1,1,3
19,3,1,2,3
19,3,1,3,3
19,3,1,4,3
19,3,1,4,3
19,3,1,0,3
19,3,1,4,3
19,3,1,4,3
19,3,1,3,3
19,3,1,6,3
19,3,1,0,3
19,3,1,0,3
19,3,1,2,3
19,3,1,0,3
19,3,1,1,3
19,3,1,0,3
19,3,1,2,3
19,3,1,9,3
19,3,1,3,3
19,3,1,4,3
19,3,1,0,3
19,3,1,0,3
19,3,1,3,3
19,3,1,3,3
19,3,1,2,3
19,3,1,2,3
19,3,1,3,3
19,3,1,2,3
19,3,1,0,3
19,3,1,15,3
19,3,1,0,3
19,3,1,0,3
19,3,1,0,3
19,3,1,1,3
19,3,1,1,3
19,4,1,4,4
19,4,1,4,4
19,4,1,9,4
19,4,1,2,4
19,4,1,0,4
19,4,1,5,4
19,4,1,3,4
19,4,1,3,4
19,4,1,4,4
19,4,1,0,4
19,4,1,2,4
19,4,1,1,4
19,4,1,1,4
19,4,1,2,4
19,4,1,4,4
19,4,1,2,4
19,4,1,5,4
19,4,1,7,4
19,4,1,6,4
19,4,1,1,4
19,4,1,1,4
19,4,1,3,4
19,4,1,6,4
19,4,1,5,4
19,4,1,8,4
19,4,1,2,4
19,4,1,6,4
19,4,1,0,4
19,4,1,2,4
19,4,1,5,4
19,4,1,7,4
19,4,1,4,4
19,4,1,4,4
19,4,1,5,4
19,4,1,1,4
19,4,1,0,4
19,4,1,10,4
19,4,1,0,4
19,4,1,6,4
19,4,1,3,4
19,4,1,11,4
19,4,1,14,4
19,4,1,5,4
19,4,1,1,4
19,4,1,0,4
19,4,1,11,4
19,4,1,4,4
19,4,1,4,4
19,4,1,6,4
19,4,1,2,4
19,4,1,5,4
19,4,1,4,4
19,4,1,3,4
19,4,1,1,4
19,4,1,2,4
19,4,1,2,4
19,4,1,0,4
19,4,1,0,4
19,4,1,5,4
19,4,1,5,4
19,4,1,6,4
19,4,1,1,4
19,4,1,10,4
19,4,1,7,4
19,4,1,4,4
19,4,1,1,4
19,4,1,2,4
19,4,1,4,4
19,4,1,0,4
19,4,1,0,4
19,4,1,1,4
19,4,1,2,4
19,4,1,2,4
19,4,1,2,4
19,4,1,2,4
19,4,1,0,4
19,4,1,2,4
19,4,1,2,4
19,4,1,7,4
19,4,1,5,4
19,4,1,6,4
19,4,1,9,4
19,4,1,6,4
19,4,1,0,4
19,4,1,5,4
19,4,1,3,4
19,4,1,0,4
19,4,1,4,4
19,4,1,7,4
19,4,1,0,4
19,4,1,7,4
19,4,1,3,4
19,4,1,2,4
19,4,1,2,4
19,4,1,0,4
19,4,1,1,4
19,4,1,3,4
19,4,1,0,4
19,4,1,4,4
19,4,1,3,4
19,5,1,7,5
19,5,1,9,5
19,5,1,8,5
19,5,1,6,5
19,5,1,2,5
19,5,1,2,5
19,5,1,2,5
19,5,1,2,5
19,5,1,3,5
19,5,1,3,5
19,5,1,4,5
19,5,1,6,5
19,5,1,7,5
19,5,1,6,5
19,5,1,7,5
19,5,1,0,5
19,5,1,4,5
19,5,1,7,5
19,5,1,5,5
19,5,1,4,5
19,5,1,0,5
19,5,1,8,5
19,5,1,7,5
19,5,1,1,5
19,5,1,0,5
19,5,1,4,5
19,5,1,12,5
19,5,1,4,5
19,5,1,5,5
19,5,1,3,5
19,5,1,4,5
19,5,1,5,5
19,5,1,0,5
19,5,1,2,5
19,5,1,4,5
19,5,1,3,5
19,5,1,6,5
19,5,1,9,5
19,5,1,5,5
19,5,1,5,5
19,5,1,0,5
19,5,1,8,5
19,5,1,3,5
19,5,1,14,5
19,5,1,1,5
19,5,1,8,5
19,5,1,2,5
19,5,1,3,5
19,5,1,6,5
19,5,1,9,5
19,5,1,5,5
19,5,1,1,5
19,5,1,4,5
19,5,1,7,5
19,5,1,2,5
19,5,1,4,5
19,5,1,5,5
19,5,1,6,5
19,5,1,3,5
19,5,1,3,5
19,5,1,4,5
19,5,1,1,5
19,5,1,0,5
19,5,1,7,5
19,5,1,3,5
19,5,1,7,5
19,5,1,0,5
19,5,0,18,2
19,5,1,2,5
19,5,1,4,5
19,5,1,3,5
19,5,1,2,5
19,5,1,2,5
19,5,1,0,5
19,5,1,5,5
19,5,1,2,5
19,5,1,5,5
19,5,1,8,5
19,5,1,3,5
19,5,1,4,5
19,5,1,3,5
19,5,1,1,5
19,5,1,1,5
19,5,1,1,5
19,5,1,1,5
19,5,1,1,5
19,5,1,2,5
19,5,1,0,5
19,5,1,2,5
19,5,1,11,5
19,5,1,13,5
19,5,1,4,5
19,5,1,5,5
19,5,1,4,5
19,5,1,8,5
19,5,1,0,5
19,5,1,4,5
19,5,1,3,5
19,5,1,9,5
19,5,1,4,5
19,6,1,3,6
19,6,1,10,6
19,6,1,4,6
19,6,1,8,6
19,6,1,7,6
19,6,1,7,6
19,6,1,3,6
19,6,1,3,6
19,6,1,0,6
19,6,1,1,6
19,6,1,6,6
19,6,1,2,6
19,6,1,2,6
19,6,1,5,6
19,6,1,6,6
19,6,1,11,6
19,6,1,5,6
19,6,1,1,6
19,6,1,8,6
19,6,1,1,6
19,6,1,6,6
19,6,1,6,6
19,6,1,8,6
19,6,1,1,6
19,6,1,6,6
19,6,1,2,6
19,6,1,6,6
19,6,1,7,6
19,6,1,4,6
19,6,1,11,6
19,6,1,10,6
19,6,1,2,6
19,6,1,4,6
19,6,1,3,6
19,6,1,4,6
19,6,1,5,6
19,6,1,8,6
19,6,1,1,6
19,6,1,1,6
19,6,1,1,6
19,6,1,0,6
19,6,1,10,6
19,6,1,6,6
19,6,1,0,6
19,6,1,7,6
19,6,1,8,6
19,6,1,3,6
19,6,1,5,6
19,6,1,11,6
19,6,1,11,6
19,6,1,7,6
19,6,1,10,6
19,6,1,4,6
19,6,1,3,6
19,6,1,8,6
19,6,1,8,6
19,6,1,3,6
19,6,0,18,3
19,6,1,13,6
19,6,1,3,6
19,6,1,5,6
19,6,1,4,6
19,6,1,0,6
19,6,1,2,6
19,6,1,7,6
19,6,1,5,6
19,6,1,9,6
19,6,1,0,6
19,6,1,9,6
19,6,1,4,6
19,6,0,18,5
19,6,1,13,6
19,6,1,2,6
19,6,1,3,6
19,6,1,6,6
19,6,1,6,6
19,6,1,14,6
19,6,1,6,6
19,6,0,18,3
19,6,1,3,6
19,6,1,1,6
19,6,1,15,6
19,6,1,2,6
19,6,1,2,6
19,6,1,2,6
19,6,1,11,6
19,6,1,1,6
19,6,1,6,6
19,6,1,1,6
19,6,1,4,6
19,6,1,3,6
19,6,1,4,6
19,6,1,0,6
19,6,1,4,6
19,6,1,3,6
19,6,1,2,6
19,6,1,1,6
19,6,1,1,6
19,6,1,2,6
19,6,1,1,6
19,7,1,3,7
19,7,1,4,7
19,7,1,4,7
19,7,1,6,7
19,7,1,6,7
19,7,1,2,7
19,7,1,3,7
19,7,1,14,7
19,7,1,1,7
19,7,1,5,7
19,7,1,7,7
19,7,1,7,7
19,7,1,5,7
19,7,1,11,7
19,7,1,2,7
19,7,1,4,7
19,7,1,8,7
19,7,1,5,7
19,7,1,5,7
19,7,1,8,7
19,7,1,2,7
19,7,1,4,7
19,7,1,6,7
19,7,1,2,7
19,7,1,7,7
19,7,1,3,7
19,7,1,6,7
19,7,1,6,7
19,7,1,2,7
19,7,1,4,7
19,7,1,5,7
19,7,1,6,7
19,7,1,1,7
19,7,1,15,7
19,7,1,3,7
19,7,1,3,7
19,7,1,13,7
19,7,1,0,7
19,7,1,14,7
19,7,1,3,7
19,7,1,3,7
19,7,1,7,7
19,7,1,3,7
19,7,1,10,7
19,7,1,4,7
19,7,1,4,7
19,7,1,3,7
19,7,1,5,7
19,7,1,5,7
19,7,1,9,7
19,7,1,4,7
19,7,1,3,7
19,7,1,3,7
19,7,1,6,7
19,7,1,5,7
19,7,1,6,7
19,7,1,5,7
19,7,1,0,7
19,7,1,5,7
19,7,1,14,7
19,7,1,5,7
19,7,1,5,7
19,7,1,5,7
19,7,1,2,7
19,7,1,0,7
19,7,1,5,7
19,7,1,2,7
19,7,1,7,7
19,7,1,7,7
19,7,1,2,7
19,7,1,11,7
19,7,1,0,7
19,7,1,0,7
19,7,1,4,7
19,7,1,7,7
19,7,1,6,7
19,7,1,6,7
19,7,1,7,7
19,7,1,8,7
19,7,1,3,7
19,7,1,13,7
19,7,1,3,7
19,7,1,0,7
19,7,1,5,7
19,7,1,5,7
19,7,1,9,7
19,7,1,12,7
19,7,1,1,7
19,7,1,13,7
19,7,1,5,7
19,7,1,5,7
19,7,1,5,7
19,7,1,2,7
19,7,1,4,7
19,7,1,1,7
19,7,1,8,7
19,7,1,2,7
19,7,1,3,7
19,7,1,7,7
19,7,1,8,7
19,8,1,6,8
19,8,1,8,8
19,8,1,3,8
19,8,1,5,8
19,8,1,10,8
19,8,1,8,8
19,8,1,8,8
19,8,1,4,8
19,8,1,2,8
19,8,1,6,8
19,8,1,7,8
19,8,1,7,8
19,8,1,8,8
19,8,1,3,8
19,8,1,8,8
19,8,1,7,8
19,8,1,2,8
19,8,1,12,8
19,8,1,3,8
19,8,1,8,8
19,8,1,1,8
19,8,1,11,8
19,8,1,2,8
19,8,1,2,8
19,8,1,7,8
19,8,1,4,8
19,8,1,7,8
19,8,1,4,8
19,8,1,7,8
19,8,1,5,8
19,8,1,7,8
19,8,1,2,8
19,8,1,8,8
19,8,1,6,8
19,8,1,6,8
19,8,1,8,8
19,8,1,4,8
19,8,1,4,8
19,8,1,3,8
19,8,1,8,8
19,8,1,6,8
19,8,1,4,8
19,8,1,6,8
19,8,1,6,8
19,8,1,8,8
19,8,1,8,8
19,8,1,9,8
19,8,1,14,8
19,8,1,5,8
19,8,1,3,8
19,8,1,15,8
19,8,1,3,8
19,8,1,4,8
19,8,1,5,8
19,8,1,6,8
19,8,1,6,8
19,8,1,4,8
19,8,1,10,8
19,8,1,3,8
19,8,1,5,8
19,8,1,2,8
19,8,1,10,8
19,8,1,6,8
19,8,1,5,8
19,8,1,2,8
19,8,1,3,8
19,8,1,8,8
19,8,1,2,8
19,8,1,6,8
19,8,1,11,8
19,8,1,6,8
19,8,1,3,8
19,8,1,8,8
19,8,1,12,8
19,8,1,0,8
19,8,1,5,8
19,8,1,7,8
19,8,1,5,8
19,8,1,4,8
19,8,1,13,8
19,8,1,13,8
19,8,1,4,8
19,8,1,2,8
19,8,1,3,8
19,8,1,12,8
19,8,1,5,8
19,8,1,9,8
19,8,1,6,8
19,8,1,4,8
19,8,1,4,8
19,8,1,8,8
19,8,1,7,8
19,8,1,12,8
19,8,1,2,8
19,8,1,7,8
19,8,1,7,8
19,8,1,7,8
19,8,1,3,8
19,8,1,8,8
19,8,1,3,8
19,9,1,7,9
19,9,1,4,9
19,9,1,13,9
19,9,1,10,9
19,9,1,5,9
19,9,1,8,9
19,9,1,12,9
19,9,1,8,9
19,9,1,9,9
19,9,1,16,9
19,9,0,18,8
19,9,1,9,9
19,9,1,7,9
19,9,1,8,9
19,9,1,5,9
19,9,1,3,9
19,9,1,10,9
19,9,1,6,9
19,9,1,9,9
19,9,1,5,9
19,9,1,13,9
19,9,1,7,9
19,9,1,7,9
19,9,1,7,9
19,9,1,3,9
19,9,1,3,9
19,9,1,7,9
19,9,1,11,9
19,9,1,8,9
19,9,1,5,9
19,9,1,9,9
19,9,1,6,9
19,9,1,8,9
19,9,1,7,9
19,9,1,8,9
19,9,1,4,9
19,9,1,7,9
19,9,1,8,9
19,9,1,9,9
19,9,1,12,9
19,9,1,9,9
19,9,1,13,9
19,9,1,16,9
19,9,1,5,9
19,9,1,10,9
19,9,1,9,9
19,9,1,8,9
19,9,1,5,9
19,9,1,3,9
19,9,1,3,9
19,9,1,7,9
19,9,1,9,9
19,9,1,4,9
19,9,1,1,9
19,9,1,8,9
19,9,1,8,9
19,9,1,5,9
19,9,1,6,9
19,9,1,5,9
19,9,1,4,9
19,9,1,12,9
19,9,1,11,9
19,9,1,2,9
19,9,1,10,9
19,9,1,9,9
19,9,1,8,9
19,9,1,9,9
19,9,1,3,9
19,9,1,9,9
19,9,1,3,9
19,9,1,1,9
19,9,1,4,9
19,9,1,4,9
19,9,1,3,9
19,9,1,6,9
19,9,1,6,9
19,9,1,13,9
19,9,1,3,9
19,9,1,7,9
19,9,1,9,9
19,9,1,4,9
19,9,1,4,9
19,9,1,6,9
19,9,1,9,9
19,9,1,2,9
19,9,1,11,9
19,9,1,13,9
19,9,1,5,9
19,9,1,9,9
19,9,1,7,9
19,9,1,7,9
19,9,1,0,9
19,9,1,8,9
19,9,1,4,9
19,9,1,10,9
19,9,0,18,8
19,9,1,1,9
19,9,1,3,9
19,9,1,5,9
19,9,1,8,9
19,10,1,11,10
19,10,1,2,10
19,10,1,7,10
19,10,1,6,10
19,10,1,8,10
19,10,1,12,10
19,10,1,14,10
19,10,1,6,10
19,10,1,6,10
19,10,1,7,10
19,10,1,7,10
19,10,1,10,10
19,10,1,12,10
19,10,1,6,10
19,10,1,4,10
19,10,0,18,8
19,10,1,4,10
19,10,1,8,10
19,10,1,10,10
19,10,1,12,10
19,10,1,4,10
19,10,1,8,10
19,10,1,4,10
19,10,1,9,10
19,10,1,4,10
19,10,1,6,10
19,10,1,5,10
19,10,1,6,10
19,10,1,3,10
19,10,1,12,10
19,10,1,6,10
19,10,0,18,9
19,10,1,10,10
19,10,1,13,10
19,10,1,4,10
19,10,1,14,10
19,10,1,6,10
19,10,1,2,10
19,10,1,5,10
19,10,1,9,10
19,10,1,11,10
19,10,1,4,10
19,10,1,13,10
19,10,1,9,10
19,10,1,4,10
19,10,1,4,10
19,10,1,7,10
19,10,1,8,10
19,10,1,8,10
19,10,1,12,10
19,10,1,8,10
19,10,1,7,10
19,10,1,12,10
19,10,1,3,10
19,10,1,10,10
19,10,1,15,10
19,10,1,15,10
19,10,1,5,10
19,10,1,4,10
19,10,1,6,10
19,10,1,5,10
19,10,1,3,10
19,10,1,7,10
19,10,1,5,10
19,10,1,13,10
19,10,1,14,10
19,10,1,6,10
19,10,1,8,10
19,10,1,10,10
19,10,1,5,10
19,10,1,14,10
19,10,1,12,10
19,10,1,3,10
19,10,0,18,6
19,10,1,8,10
19,10,1,9,10
19,10,1,0,10
19,10,1,10,10
19,10,1,10,10
19,10,1,8,10
19,10,1,9,10
19,10,1,3,10
19,10,1,14,10
19,10,1,6,10
19,10,1,6,10
19,10,1,10,10
19,10,1,5,10
19,10,1,5,10
19,10,1,11,10
19,10,1,7,10
19,10,1,11,10
19,10,1,9,10
19,10,1,4,10
19,10,1,13,10
19,10,1,11,10
19,10,1,8,10
19,10,1,11,10
19,10,1,7,10
19,10,1,6,10
19,10,1,1,10
19,11,1,3,11
19,11,0,18,6
19,11,0,18,7
19,11,1,13,11
19,11,1,7,11
19,11,1,15,11
19,11,1,10,11
19,11,1,12,11
19,11,1,4,11
19,11,1,4,11
19,11,1,15,11
19,11,1,10,11
19,11,1,13,11
19,11,1,4,11
19,11,1,7,11
19,11,1,5,11
19,11,1,12,11
19,11,1,1,11
19,11,1,5,11
19,11,1,11,11
19,11,1,11,11
19,11,1,6,11
19,11,1,5,11
19,11,1,5,11
19,11,1,6,11
19,11,1,13,11
19,11,0,18,9
19,11,1,10,11
19,11,1,16,11
19,11,1,13,11
19,11,1,14,11
19,11,1,4,11
19,11,1,10,11
19,11,1,2,11
19,11,1,13,11
19,11,0,18,5
19,11,1,6,11
19,11,0,18,9
19,11,1,14,11
19,11,1,14,11
19,11,1,12,11
19,11,1,1,11
19,11,1,11,11
19,11,1,7,11
19,11,1,10,11
19,11,1,10,11
19,11,1,12,11
19,11,1,9,11
19,11,1,15,11
19,11,1,13,11
19,11,0,18,10
19,11,1,8,11
19,11,1,14,11
19,11,1,11,11
19,11,1,8,11
19,11,1,13,11
19,11,1,13,11
19,11,1,10,11
19,11,1,10,11
19,11,1,8,11
19,11,1,9,11
19,11,1,4,11
19,11,1,10,11
19,11,1,8,11
19,11,1,3,11
19,11,0,18,8
19,11,1,7,11
19,11,1,8,11
19,11,1,2,11
19,11,1,7,11
19,11,1,8,11
19,11,1,9,11
19,11,1,14,11
19,11,1,15,11
19,11,1,13,11
19,11,1,16,11
19,11,1,2,11
19,11,1,10,11
19,11,1,15,11
19,11,1,10,11
19,11,1,4,11
19,11,1,6,11
19,11,1,4,11
19,11,1,9,11
19,11,1,6,11
19,11,1,13,11
19,11,1,14,11
19,11,1,10,11
19,11,1,6,11
19,11,1,3,11
19,11,1,11,11
19,11,1,14,11
19,11,1,15,11
19,11,1,7,11
19,11,1,7,11
19,11,0,18,6
19,11,1,5,11
19,11,1,15,11
19,11,1,2,11
19,11,1,4,11
19,12,1,10,12
19,12,1,11,12
19,12,1,7,12
19,12,1,10,12
19,12,1,9,12
19,12,0,18,10
19,12,1,9,12
19,12,1,5,12
19,12,1,9,12
19,12,1,9,12
19,12,1,8,12
19,12,0,18,10
19,12,0,18,10
19,12,1,2,12
19,12,1,8,12
19,12,1,8,12
19,12,1,14,12
19,12,1,9,12
19,12,1,7,12
19,12,1,11,12
19,12,1,5,12
19,12,0,18,9
19,12,1,11,12
19,12,1,13,12
19,12,1,2,12
19,12,1,9,12
19,12,1,5,12
19,12,0,18,7
19,12,1,10,12
19,12,1,0,12
19,12,1,4,12
19,12,1,5,12
19,12,0,18,10
19,12,1,14,12
19,12,1,10,12
19,12,1,3,12
19,12,0,18,10
19,12,1,6,12
19,12,1,12,12
19,12,1,6,12
19,12,1,12,12
19,12,1,8,12
19,12,1,6,12
19,12,1,6,12
19,12,1,9,12
19,12,1,17,12
19,12,0,18,8
19,12,1,4,12
19,12,1,7,12
19,12,1,13,12
19,12,1,10,12
19,12,1,10,12
19,12,1,4,12
19,12,1,8,12
19,12,1,10,12
19,12,1,6,12
19,12,1,7,12
19,12,1,14,12
19,12,1,13,12
19,12,1,15,12
19,12,1,8,12
19,12,1,10,12
19,12,1,11,12
19,12,1,7,12
19,12,0,18,10
19,12,1,6,12
19,12,1,9,12
19,12,1,11,12
19,12,1,9,12
19,12,1,10,12
19,12,1,7,12
19,12,1,3,12
19,12,1,3,12
19,12,1,14,12
19,12,1,9,12
19,12,1,9,12
19,12,1,16,12
19,12,1,14,12
19,12,1,14,12
19,12,1,4,12
19,12,1,5,12
19,12,1,2,12
19,12,1,9,12
19,12,1,6,12
19,12,1,9,12
19,12,1,13,12
19,12,1,7,12
19,12,1,15,12
19,12,1,14,12
19,12,0,18,9
19,12,1,17,12
19,12,1,9,12
19,12,1,2,12
19,12,1,9,12
19,12,1,10,12
19,12,1,2,12
19,12,1,13,12
19,12,1,6,12
19,12,1,8,12
19,12,0,18,8
19,13,1,11,13
19,13,1,7,13
19,13,1,11,13
19,13,1,13,13
19,13,0,18,9
19,13,1,14,13
19,13,0,18,10
19,13,1,11,13
19,13,1,6,13
19,13,1,13,13
19,13,1,14,13
19,13,1,6,13
19,13,1,7,13
19,13,1,8,13
19,13,1,13,13
19,13,1,3,13
19,13,1,7,13
19,13,1,7,13
19,13,1,8,13
19,13,0,18,9
19,13,1,9,13
19,13,1,12,13
19,13,1,11,13
19,13,1,12,13
19,13,1,15,13
19,13,1,13,13
19,13,1,11,13
19,13,1,11,13
19,13,1,13,13
19,13,0,18,10
19,13,1,5,13
19,13,1,5,13
19,13,1,7,13
19,13,1,14,13
19,13,1,12,13
19,13,1,8,13
19,13,1,14,13
19,13,1,14,13
19,13,0,18,9
19,13,1,6,13
19,13,1,9,13
19,13,1,7,13
19,13,1,8,13
19,13,1,7,13
19,13,1,12,13
19,13,1,11,13
19,13,1,11,13
19,13,1,3,13
19,13,1,15,13
19,13,0,18,10
19,13,0,18,10
19,13,1,9,13
19,13,1,9,13
19,13,1,15,13
19,13,1,6,13
19,13,1,11,13
19,13,1,3,13
19,13,1,14,13
19,13,1,15,13
19,13,1,16,13
19,13,0,18,6
19,13,1,8,13
19,13,1,3,13
19,13,1,6,13
19,13,1,10,13
19,13,1,13,13
19,13,1,14,13
19,13,1,14,13
19,13,1,6,13
19,13,0,18,12
19,13,1,10,13
19,13,1,11,13
19,13,1,3,13
19,13,0,18,8
19,13,1,6,13
19,13,1,8,13
19,13,1,14,13
19,13,1,12,13
19,13,1,1,13
19,13,1,11,13
19,13,1,12,13
19,13,1,6,13
19,13,1,12,13
19,13,1,10,13
19,13,1,12,13
19,13,0,18,6
19,13,1,6,13
19,13,1,10,13
19,13,1,12,13
19,13,1,9,13
19,13,1,1,13
19,13,1,6,13
19,13,1,10,13
19,13,1,16,13
19,13,1,5,13
19,13,1,17,13
19,13,1,10,13
19,13,1,10,13
19,13,1,10,13
19,13,1,7,13
19,14,1,12,14
19,14,1,13,14
19,14,0,18,8
19,14,1,4,14
19,14,1,5,14
19,14,1,8,14
19,14,0,18,12
19,14,1,11,14
19,14,1,10,14
19,14,1,11,14
19,14,1,15,14
19,14,0,18,13
19,14,1,3,14
19,14,1,8,14
19,14,1,9,14
19,14,1,14,14
19,14,0,18,9
19,14,1,14,14
19,14,1,10,14
19,14,1,10,14
19,14,0,18,13
19,14,1,14,14
19,14,1,11,14
19,14,1,12,14
19,14,1,17,14
19,14,1,10,14
19,14,0,18,10
19,14,1,9,14
19,14,1,5,14
19,14,1,8,14
19,14,1,15,14
19,14,1,6,14
19,14,1,8,14
19,14,1,13,14
19,14,1,15,14
19,14,1,6,14
19,14,1,14,14
19,14,0,18,10
19,14,1,11,14
19,14,1,8,14
19,14,1,13,14
19,14,1,14,14
19,14,1,12,14
19,14,0,18,3
19,14,1,8,14
19,14,1,7,14
19,14,1,8,14
19,14,1,15,14
19,14,1,6,14
19,14,1,10,14
19,14,0,18,9
19,14,1,13,14
19,14,1,11,14
19,14,1,10,14
19,14,1,2,14
19,14,0,18,8
19,14,1,7,14
19,14,1,10,14
19,14,1,8,14
19,14,1,7,14
19,14,1,11,14
19,14,0,18,11
19,14,1,7,14
19,14,1,12,14
19,14,1,11,14
19,14,1,12,14
19,14,1,6,14
19,14,1,13,14
19,14,0,18,10
19,14,1,9,14
19,14,1,9,14
19,14,1,6,14
19,14,1,13,14
19,14,1,10,14
19,14,1,10,14
19,14,1,9,14
19,14,1,3,14
19,14,1,15,14
19,14,1,5,14
19,14,1,13,14
19,14,0,18,13
19,14,0,18,9
19,14,1,12,14
19,14,1,11,14
19,14,0,18,13
19,14,1,16,14
19,14,1,11,14
19,14,1,5,14
19,14,1,9,14
19,14,1,11,14
19,14,1,12,14
19,14,1,9,14
19,14,1,8,14
19,14,0,18,11
19,14,1,7,14
19,14,1,10,14
19,14,1,8,14
19,14,0,18,12
19,14,1,12,14
19,14,1,10,14
19,15,1,12,15
19,15,1,9,15
19,15,0,18,11
19,15,1,2,15
19,15,1,5,15
19,15,1,13,15
19,15,0,18,4
19,15,1,8,15
19,15,1,13,15
19,15,1,10,15
19,15,0,18,8
19,15,1,6,15
19,15,1,14,15
19,15,1,9,15
19,15,1,15,15
19,15,1,12,15
19,15,1,10,15
19,15,0,18,12
19,15,1,11,15
19,15,1,9,15
19,15,1,9,15
19,15,1,12,15
19,15,1,11,15
19,15,1,4,15
19,15,0,18,8
19,15,1,16,15
19,15,1,6,15
19,15,0,18,13
19,15,1,13,15
19,15,1,8,15
19,15,1,16,15
19,15,1,11,15
19,15,1,15,15
19,15,1,12,15
19,15,0,18,12
19,15,1,11,15
19,15,1,15,15
19,15,1,11,15
19,15,1,16,15
19,15,1,5,15
19,15,1,13,15
19,15,1,11,15
19,15,1,3,15
19,15,1,7,15
19,15,0,18,13
19,15,1,9,15
19,15,1,5,15
19,15,0,18,13
19,15,1,15,15
19,15,1,4,15
19,15,1,9,15
19,15,0,18,14
19,15,0,18,12
19,15,1,15,15
19,15,1,13,15
19,15,1,7,15
19,15,0,18,11
19,15,1,7,15
19,15,1,14,15
19,15,1,14,15
19,15,1,10,15
19,15,1,9,15
19,15,1,13,15
19,15,0,18,11
19,15,0,18,10
19,15,1,8,15
19,15,1,12,15
19,15,1,12,15
19,15,1,7,15
19,15,1,12,15
19,15,1,8,15
19,15,1,9,15
19,15,0,18,6
19,15,1,4,15
19,15,1,12,15
19,15,1,14,15
19,15,1,13,15
19,15,0,18,8
19,15,1,8,15
19,15,1,8,15
19,15,1,11,15
19,15,1,9,15
19,15,1,15,15
19,15,0,18,8
19,15,1,9,15
19,15,1,11,15
19,15,1,9,15
19,15,1,17,15
19,15,0,18,11
19,15,1,8,15
19,15,0,18,13
19,15,1,11,15
19,15,1,5,15
19,15,1,6,15
19,15,1,4,15
19,15,1,8,15
19,15,0,18,11
19,15,1,13,15
19,15,1,16,15
19,15,0,18,11
19,16,1,12,16
19,16,1,11,16
19,16,1,12,16
19,16,1,5,16
19,16,0,18,12
19,16,1,12,16
19,16,1,7,16
19,16,1,12,16
19,16,1,6,16
19,16,1,8,16
19,16,1,11,16
19,16,1,10,16
19,16,1,7,16
19,16,0,18,13
19,16,0,18,13
19,16,1,8,16
19,16,1,17,16
19,16,1,6,16
19,16,1,13,16
19,16,1,9,16
19,16,1,9,16
19,16,0,18,12
19,16,1,4,16
19,16,0,18,14
19,16,1,17,16
19,16,1,11,16
19,16,0,18,4
19,16,1,14,16
19,16,1,13,16
19,16,0,18,12
19,16,1,14,16
19,16,0,18,13
19,16,1,15,16
19,16,1,10,16
19,16,1,11,16
19,16,0,18,13
19,16,1,10,16
19,16,1,13,16
19,16,0,18,14
19,16,1,11,16
19,16,1,8,16
19,16,1,11,16
19,16,1,11,16
19,16,1,13,16
19,16,1,14,16
19,16,1,12,16
19,16,1,12,16
19,16,1,5,16
19,16,1,12,16
19,16,1,13,16
19,16,1,9,16
19,16,1,14,16
19,16,1,10,16
19,16,1,10,16
19,16,0,18,10
19,16,1,7,16
19,16,1,8,16
19,16,1,9,16
19,16,0,18,14
19,16,1,8,16
19,16,1,8,16
19,16,0,18,8
19,16,1,8,16
19,16,1,14,16
19,16,1,17,16
19,16,1,7,16
19,16,0,18,12
19,16,0,18,11
19,16,1,8,16
19,16,1,17,16
19,16,1,11,16
19,16,0,18,6
19,16,1,15,16
19,16,1,16,16
19,16,1,4,16
19,16,1,13,16
19,16,1,16,16
19,16,1,11,16
19,16,0,18,14
19,16,1,13,16
19,16,0,18,5
19,16,0,18,15
19,16,0,18,10
19,16,1,6,16
19,16,1,12,16
19,16,1,12,16
19,16,1,13,16
19,16,1,11,16
19,16,1,12,16
19,16,1,13,16
19,16,1,12,16
19,16,0,18,10
19,16,0,18,13
19,16,1,13,16
19,16,1,12,16
19,16,0,18,15
19,16,1,14,16
19,16,0,18,7
19,16,1,13,16
19,16,1,8,16
19,17,1,16,17
19,17,1,15,17
19,17,1,12,17
19,17,0,18,10
19,17,1,11,17
19,17,1,10,17
19,17,0,18,6
19,17,1,11,17
19,17,0,18,13
19,17,1,5,17
19,17,0,18,15
19,17,0,18,12
19,17,1,7,17
19,17,1,12,17
19,17,0,18,10
19,17,1,12,17
19,17,0,18,10
19,17,1,13,17
19,17,1,11,17
19,17,0,18,12
19,17,0,18,15
19,17,1,7,17
19,17,0,18,11
19,17,1,11,17
19,17,1,10,17
19,17,1,11,17
19,17,1,8,17
19,17,1,10,17
19,17,1,13,17
19,17,0,18,14
19,17,1,13,17
19,17,1,14,17
19,17,1,7,17
19,17,0,18,6
19,17,1,13,17
19,17,1,12,17
19,17,1,17,17
19,17,0,18,15
19,17,0,18,7
19,17,1,11,17
19,17,1,14,17
19,17,0,18,12
19,17,1,12,17
19,17,1,14,17
19,17,0,18,14
19,17,1,16,17
19,17,1,14,17
19,17,1,17,17
19,17,1,13,17
19,17,1,11,17
19,17,1,10,17
19,17,1,7,17
19,17,0,18,12
19,17,1,11,17
19,17,1,14,17
19,17,1,11,17
19,17,1,14,17
19,17,1,14,17
19,17,1,17,17
19,17,1,10,17
19,17,1,7,17
19,17,0,18,11
19,17,1,17,17
19,17,1,12,17
19,17,0,18,6
19,17,1,15,17
19,17,1,12,17
19,17,1,5,17
19,17,1,13,17
19,17,0,18,15
19,17,0,18,6
19,17,1,8,17
19,17,1,13,17
19,17,1,13,17
19,17,1,15,17
19,17,1,14,17
19,17,1,5,17
19,17,0,18,15
19,17,1,13,17
19,17,0,18,13
19,17,1,10,17
19,17,1,12,17
19,17,1,14,17
19,17,1,10,17
19,17,1,14,17
19,17,1,5,17
19,17,1,9,17
19,17,1,8,17
19,17,1,17,17
19,17,1,5,17
19,17,1,14,17
19,17,1,12,17
19,17,1,11,17
19,17,0,18,11
19,17,1,11,17
19,17,1,16,17
19,17,1,3,17
19,17,1,13,17
19,17,1,16,17
19,17,1,5,17
19,18,1,11,18
19,18,0,18,16
19,18,1,12,18
19,18,1,12,18
19,18,1,12,18
19,18,1,12,18
19,18,1,13,18
19,18,0,18,16
19,18,1,14,18
19,18,1,15,18
19,18,0,18,11
19,18,1,16,18
19,18,1,10,18
19,18,0,18,14
19,18,1,13,18
19,18,0,18,15
19,18,0,18,14
19,18,0,18,15
19,18,0,18,11
19,18,1,15,18
19,18,1,13,18
19,18,0,18,12
19,18,0,18,15
19,18,0,18,11
19,18,1,14,18
19,18,1,11,18
19,18,1,14,18
19,18,1,8,18
19,18,0,18,17
19,18,1,12,18
19,18,0,18,15
19,18,1,6,18
19,18,1,10,18
19,18,1,12,18
19,18,0,18,15
19,18,1,15,18
19,18,1,12,18
19,18,1,9,18
19,18,1,10,18
19,18,0,18,12
19,18,1,15,18
19,18,0,18,15
19,18,1,10,18
19,18,1,12,18
19,18,1,13,18
19,18,1,15,18
19,18,0,18,15
19,18,1,12,18
19,18,1,9,18
19,18,1,12,18
19,18,0,18,15
19,18,0,18,15
19,18,1,14,18
19,18,1,4,18
19,18,1,10,18
19,18,0,18,16
19,18,1,15,18
19,18,1,11,18
19,18,1,12,18
19,18,1,10,18
19,18,0,18,8
19,18,0,18,9
19,18,0,18,16
19,18,1,14,18
19,18,1,3,18
19,18,1,10,18
19,18,1,12,18
19,18,0,18,15
19,18,0,18,10
19,18,0,18,14
19,18,1,6,18
19,18,0,18,13
19,18,0,18,13
19,18,1,11,18
19,18,1,10,18
19,18,1,10,18
19,18,0,18,16
19,18,0,18,10
19,18,1,11,18
19,18,1,11,18
19,18,0,18,6
19,18,1,10,18
19,18,1,9,18
19,18,0,18,15
19,18,1,4,18
19,18,1,12,18
19,18,0,18,15
19,18,0,18,17
19,18,1,16,18
19,18,1,12,18
19,18,1,14,18
19,18,0,18,15
19,18,1,6,18
19,18,0,18,14
19,18,1,8,18
19,18,0,18,13
19,18,0,18,14
19,18,0,18,17
19,18,0,18,13
19,18,1,13,18
19,19,0,18,16
19,19,0,18,16
19,19,0,18,8
19,19,1,11,19
19,19,0,18,12
19,19,0,18,15
19,19,1,11,19
19,19,1,14,19
19,19,0,18,13
19,19,1,11,19
19,19,1,15,19
19,19,1,8,19
19,19,1,12,19
19,19,0,18,3
19,19,1,7,19
19,19,1,14,19
19,19,1,12,19
19,19,1,14,19
19,19,1,9,19
19,19,1,15,19
19,19,0,18,16
19,19,0,18,17
19,19,0,18,18
19,19,0,18,16
19,19,1,17,19
19,19,1,8,19
19,19,0,18,15
19,19,0,18,14
19,19,1,5,19
19,19,0,18,10
19,19,0,18,16
19,19,1,11,19
19,19,1,5,19
19,19,1,14,19
19,19,1,12,19
19,19,0,18,15
19,19,1,7,19
19,19,0,18,14
19,19,1,9,19
19,19,1,16,19
19,19,0,18,16
19,19,0,18,14
19,19,1,15,19
19,19,0,18,12
19,19,1,16,19
19,19,0,18,16
19,19,0,18,17
19,19,1,9,19
19,19,1,7,19
19,19,0,18,11
19,19,1,8,19
19,19,0,18,17
19,19,1,13,19
19,19,1,14,19
19,19,0,18,12
19,19,1,12,19
19,19,0,18,15
19,19,1,15,19
19,19,1,11,19
19,19,1,12,19
19,19,1,15,19
19,19,1,13,19
19,19,0,18,11
19,19,0,18,12
19,19,1,14,19
19,19,0,18,10
19,19,1,11,19
19,19,1,16,19
19,19,1,11,19
19,19,1,14,19
19,19,0,18,16
19,19,0,18,5
19,19,1,13,19
19,19,1,11,19
19,19,1,11,19
19,19,1,15,19
19,19,0,18,17
19,19,0,18,1
19,19,0,18,15
19,19,1,11,19
19,19,1,17,19
19,19,0,18,10
19,19,0,18,11
19,19,0,18,18
19,19,1,10,19
19,19,1,12,19
19,19,0,18,13
19,19,0,18,12
19,19,0,18,17
19,19,1,10,19
19,19,0,18,18
19,19,1,13,19
19,19,1,16,19
19,19,1,9,19
19,19,0,18,8
19,19,1,14,19
19,19,1,11,19
19,19,0,18,16
19,19,1,15,19
19,19,0,18,10
19,20,0,18,8
19,20,0,18,12
19,20,1,7,20
19,20,0,18,18
19,20,0,18,14
19,20,0,18,3
19,20,1,6,20
19,20,1,14,20
19,20,0,18,19
19,20,1,5,20
19,20,1,14,20
19,20,1,14,20
19,20,1,16,20
19,20,1,13,20
19,20,1,7,20
19,20,1,12,20
19,20,0,18,16
19,20,0,18,12
19,20,0,18,15
19,20,0,18,12
19,20,0,18,13
19,20,1,5,20
19,20,0,18,16
19,20,1,6,20
19,20,0,18,4
19,20,0,18,16
19,20,1,15,20
19,20,1,16,20
19,20,1,14,20
19,20,0,18,17
19,20,1,16,20
19,20,0,18,8
19,20,0,18,14
19,20,1,13,20
19,20,0,18,16
19,20,1,13,20
19,20,1,9,20
19,20,0,18,12
19,20,0,18,16
19,20,1,10,20
19,20,1,12,20
19,20,0,18,18
19,20,1,15,20
19,20,0,18,13
19,20,0,18,15
19,20,1,17,20
19,20,0,18,17
19,20,0,18,10
19,20,1,13,20
19,20,0,18,16
19,20,0,18,16
19,20,0,18,14
19,20,0,18,11
19,20,1,9,20
19,20,1,14,20
19,20,1,16,20
19,20,1,14,20
19,20,0,18,15
19,20,0,18,16
19,20,0,18,14
19,20,1,12,20
19,20,0,18,10
19,20,0,18,18
19,20,0,18,15
19,20,0,18,17
19,20,0,18,19
19,20,1,15,20
19,20,0,18,10
19,20,0,18,12
19,20,1,17,20
19,20,1,11,20
19,20,0,18,15
19,20,0,18,11
19,20,0,18,18
19,20,1,15,20
19,20,1,4,20
19,20,0,18,15
19,20,0,18,15
19,20,1,11,20
19,20,1,15,20
19,20,1,14,20
19,20,1,11,20
19,20,0,18,18
19,20,0,18,18
19,20,0,18,13
19,20,1,11,20
19,20,0,18,19
19,20,1,7,20
19,20,1,17,20
19,20,1,5,20
19,20,1,8,20
19,20,0,18,7
19,20,1,17,20
19,20,0,18,16
19,20,0,18,13
19,20,1,14,20
19,20,1,13,20
19,20,0,18,7
19,20,1,12,20
19,20,1,15,20
20,1,1,0,1
20,1,1,0,1
20,1,1,0,1
20,1,1,1,1
20,1,1,0,1
20,1,1,2,1
20,1,1,1,1
20,1,1,0,1
20,1,1,0,1
20,1,1,1,1
20,1,1,0,1
20,1,1,0,1
20,1,1,0,1
20,1,1,0,1
20,1,1,1,1
20,1,1,0,1
20,1,1,0,1
20,1,1,0,1
20,1,1,0,1
20,1,1,0,1
20,1,1,0,1
20,1,1,0,1
20,1,1,0,1
20,1,1,0,1
20,1,1,1,1
20,1,1,0,1
20,1,1,0,1
20,1,1,1,1
20,1,1,2,1
20,1,1,0,1
20,1,1,0,1
20,1,1,0,1
20,1,1,0,1
20,1,1,1,1
20,1,1,1,1
20,1,1,2,1
20,1,1,3,1
20,1,1,0,1
20,1,1,1,1
20,1,1,0,1
20,1,1,0,1
20,1,1,1,1
20,1,1,0,1
20,1,1,2,1
20,1,1,0,1
20,1,1,2,1
20,1,1,1,1
20,1,1,2,1
20,1,1,1,1
20,1,1,0,1
20,1,1,1,1
20,1,1,0,1
20,1,1,0,1
20,1,1,0,1
20,1,1,0,1
20,1,1,0,1
20,1,1,1,1
20,1,1,0,1
20,1,1,1,1
20,1,1,1,1
20,1,1,0,1
20,1,1,1,1
20,1,1,0,1
20,1,1,1,1
20,1,1,0,1
20,1,1,1,1
20,1,1,0,1
20,1,1,1,1
20,1,1,0,1
20,1,1,1,1
20,1,1,1,1
20,1,1,0,1
20,1,1,1,1
20,1,1,1,1
20,1,1,1,1
20,1,1,1,1
20,1,1,0,1
20,1,1,4,1
20,1,1,0,1
20,1,1,0,1
20,1,1,0,1
20,1,1,0,1
20,1,1,0,1
20,1,1,0,1
20,1,1,0,1
20,1,1,0,1
20,1,1,0,1
20,1,1,2,1
20,1,1,0,1
20,1,1,0,1
20,1,1,2,1
20,1,1,1,1
20,1,1,0,1
20,1,1,0,1
20,1,1,0,1
20,1,1,0,1
20,1,1,0,1
20,1,1,0,1
20,1,1,2,1
20,1,1,0,1
20,2,1,3,2
20,2,1,1,2
20,2,1,2,2
20,2,1,5,2
20,2,1,1,2
20,2,1,0,2
20,2,1,0,2
20,2,1,0,2
20,2,1,0,2
20,2,1,0,2
20,2,1,1,2
20,2,1,0,2
20,2,1,0,2
20,2,1,2,2
20,2,1,0,2
20,2,1,0,2
20,2,1,4,2
20,2,1,0,2
20,2,1,1,2
20,2,1,1,2
20,2,1,0,2
20,2,1,4,2
20,2,1,0,2
20,2,1,2,2
20,2,1,2,2
20,2,1,1,2
20,2,1,0,2
20,2,1,0,2
20,2,1,1,2
20,2,1,0,2
20,2,1,4,2
20,2,1,0,2
20,2,1,2,2
20,2,1,4,2
20,2,1,1,2
20,2,1,2,2
20,2,1,0,2
20,2,1,2,2
20,2,1,4,2
20,2,1,1,2
20,2,1,5,2
20,2,1,5,2
20,2,1,2,2
20,2,1,4,2
20,2,1,2,2
20,2,1,2,2
20,2,1,0,2
20,2,1,0,2
20,2,1,1,2
20,2,1,5,2
20,2,1,1,2
20,2,1,1,2
20,2,1,3,2
20,2,1,4,2
20,2,1,4,2
20,2,1,0,2
20,2,1,4,2
20,2,1,1,2
20,2,1,0,2
20,2,1,0,2
20,2,1,2,2
20,2,1,2,2
20,2,1,1,2
20,2,1,2,2
20,2,1,4,2
20,2,1,3,2
20,2,1,1,2
20,2,1,4,2
20,2,1,0,2
20,2,1,0,2
20,2,1,2,2
20,2,1,2,2
20,2,1,1,2
20,2,1,3,2
20,2,1,0,2
20,2,1,0,2
20,2,1,1,2
20,2,1,2,2
20,2,1,0,2
20,2,1,0,2
20,2,1,1,2
20,2,1,3,2
20,2,1,0,2
20,2,1,0,2
20,2,1,0,2
20,2,1,6,2
20,2,1,0,2
20,2,1,5,2
20,2,1,1,2
20,2,1,0,2
20,2,1,0,2
20,2,1,0,2
20,2,1,2,2
20,2,1,2,2
20,2,1,0,2
20,2,1,9,2
20,2,1,0,2
20,2,1,0,2
20,2,1,2,2
20,2,1,0,2
20,3,1,0,3
20,3,1,4,3
20,3,1,0,3
20,3,1,2,3
20,3,1,2,3
20,3,1,0,3
20,3,1,5,3
20,3,1,0,3
20,3,1,5,3
20,3,1,1,3
20,3,1,0,3
20,3,1,0,3
20,3,1,2,3
20,3,1,3,3
20,3,1,1,3
20,3,1,1,3
20,3,1,6,3
20,3,1,1,3
20,3,1,7,3
20,3,1,1,3
20,3,1,3,3
20,3,1,2,3
20,3,1,3,3
20,3,1,0,3
20,3,1,3,3
20,3,1,1,3
20,3,1,8,3
20,3,1,5,3
20,3,1,0,3
20,3,1,5,3
20,3,1,2,3
20,3,1,1,3
20,3,1,0,3
20,3,1,0,3
20,3,1,1,3
20,3,1,1,3
20,3,1,1,3
20,3,1,2,3
20,3,1,6,3
20,3,1,2,3
20,3,1,0,3
20,3,1,2,3
20,3,1,1,3
20,3,1,1,3
20,3,1,0,3
20,3,1,0,3
20,3,1,7,3
20,3,1,3,3
20,3,1,0,3
20,3,1,4,3
20,3,1,3,3
20,3,1,0,3
20,3,1,2,3
20,3,1,2,3
20,3,1,0,3
20,3,1,1,3
20,3,1,0,3
20,3,1,3,3
20,3,1,2,3
20,3,1,0,3
20,3,1,7,3
20,3,1,0,3
20,3,1,3,3
20,3,1,1,3
20,3,1,1,3
20,3,1,0,3
20,3,1,0,3
20,3,1,1,3
20,3,1,0,3
20,3,1,2,3
20,3,1,5,3
20,3,1,4,3
20,3,1,7,3
20,3,1,3,3
20,3,1,3,3
20,3,1,1,3
20,3,1,0,3
20,3,1,3,3
20,3,1,3,3
20,3,1,2,3
20,3,1,1,3
20,3,1,0,3
20,3,1,3,3
20,3,1,3,3
20,3,1,2,3
20,3,1,1,3
20,3,1,0,3
20,3,1,0,3
20,3,1,1,3
20,3,1,6,3
20,3,1,2,3
20,3,1,6,3
20,3,1,2,3
20,3,1,0,3
20,3,1,3,3
20,3,1,0,3
20,3,1,3,3
20,3,1,11,3
20,3,1,9,3
20,3,1,10,3
20,4,1,7,4
20,4,1,9,4
20,4,1,3,4
20,4,1,9,4
20,4,1,1,4
20,4,1,0,4
20,4,1,2,4
20,4,1,1,4
20,4,1,0,4
20,4,1,3,4
20,4,1,4,4
20,4,1,4,4
20,4,1,3,4
20,4,1,5,4
20,4,1,2,4
20,4,1,5,4
20,4,1,4,4
20,4,1,2,4
20,4,1,1,4
20,4,1,1,4
20,4,1,5,4
20,4,1,3,4
20,4,1,4,4
20,4,1,2,4
20,4,1,0,4
20,4,1,6,4
20,4,1,1,4
20,4,1,5,4
20,4,1,2,4
20,4,1,0,4
20,4,1,2,4
20,4,1,0,4
20,4,1,2,4
20,4,1,6,4
20,4,1,1,4
20,4,1,7,4
20,4,1,1,4
20,4,1,3,4
20,4,1,1,4
20,4,1,5,4
20,4,1,6,4
20,4,1,1,4
20,4,1,1,4
20,4,1,6,4
20,4,1,1,4
20,4,1,1,4
20,4,1,1,4
20,4,1,14,4
20,4,1,0,4
20,4,1,8,4
20,4,1,6,4
20,4,1,2,4
20,4,1,9,4
20,4,1,4,4
20,4,1,0,4
20,4,1,4,4
20,4,1,10,4
20,4,1,6,4
20,4,1,3,4
20,4,1,8,4
20,4,1,7,4
20,4,1,4,4
20,4,1,2,4
20,4,1,1,4
20,4,1,1,4
20,4,1,4,4
20,4,1,2,4
20,4,1,4,4
20,4,1,0,4
20,4,1,3,4
20,4,1,3,4
20,4,1,3,4
20,4,1,2,4
20,4,1,3,4
20,4,1,1,4
20,4,1,8,4
20,4,1,6,4
20,4,1,1,4
20,4,1,4,4
20,4,1,0,4
20,4,1,2,4
20,4,1,7,4
20,4,1,3,4
20,4,1,11,4
20,4,1,4,4
20,4,1,4,4
20,4,1,0,4
20,4,1,11,4
20,4,1,2,4
20,4,1,0,4
20,4,1,2,4
20,4,1,1,4
20,4,1,4,4
20,4,1,1,4
20,4,1,0,4
20,4,1,3,4
20,4,1,1,4
20,4,1,3,4
20,4,1,9,4
20,4,1,4,4
20,5,1,2,5
20,5,1,2,5
20,5,1,1,5
20,5,1,0,5
20,5,1,1,5
20,5,1,1,5
20,5,1,0,5
20,5,1,2,5
20,5,1,1,5
20,5,1,4,5
20,5,1,2,5
20,5,1,2,5
20,5,1,3,5
20,5,1,3,5
20,5,1,2,5
20,5,1,2,5
20,5,1,4,5
20,5,1,2,5
20,5,1,5,5
20,5,1,17,5
20,5,1,6,5
20,5,1,2,5
20,5,1,9,5
20,5,1,2,5
20,5,1,1,5
20,5,1,2,5
20,5,1,8,5
20,5,1,9,5
20,5,1,0,5
20,5,1,6,5
20,5,1,5,5
20,5,1,2,5
20,5,1,12,5
20,5,1,6,5
20,5,1,4,5
20,5,1,2,5
20,5,1,0,5
20,5,1,7,5
20,5,1,5,5
20,5,1,8,5
20,5,1,10,5
20,5,1,2,5
20,5,1,3,5
20,5,1,8,5
20,5,1,6,5
20,5,1,7,5
20,5,1,6,5
20,5,1,1,5
20,5,1,5,5
20,5,1,3,5
20,5,1,1,5
20,5,1,4,5
20,5,1,2,5
20,5,1,1,5
20,5,1,3,5
20,5,1,5,5
20,5,1,2,5
20,5,1,6,5
20,5,1,8,5
20,5,1,4,5
20,5,1,3,5
20,5,1,5,5
20,5,1,5,5
20,5,1,1,5
20,5,1,7,5
20,5,1,7,5
20,5,1,6,5
20,5,1,7,5
20,5,1,9,5
20,5,1,8,5
20,5,1,3,5
20,5,1,3,5
20,5,1,13,5
20,5,1,2,5
20,5,1,8,5
20,5,1,4,5
20,5,1,10,5
20,5,1,4,5
20,5,1,3,5
20,5,1,9,5
20,5,1,2,5
20,5,1,4,5
20,5,1,1,5
20,5,1,2,5
20,5,1,0,5
20,5,1,1,5
20,5,1,0,5
20,5,1,3,5
20,5,1,9,5
20,5,1,3,5
20,5,1,0,5
20,5,1,2,5
20,5,1,8,5
20,5,1,7,5
20,5,1,8,5
20,5,1,8,5
20,5,1,2,5
20,5,1,3,5
20,5,1,2,5
20,5,1,0,5
20,6,1,2,6
20,6,1,2,6
20,6,1,8,6
20,6,1,9,6
20,6,1,7,6
20,6,1,6,6
20,6,1,5,6
20,6,1,9,6
20,6,1,1,6
20,6,1,3,6
20,6,1,9,6
20,6,1,6,6
20,6,1,9,6
20,6,1,2,6
20,6,1,2,6
20,6,1,1,6
20,6,1,12,6
20,6,1,4,6
20,6,1,5,6
20,6,1,6,6
20,6,1,3,6
20,6,1,6,6
20,6,1,1,6
20,6,1,3,6
20,6,1,2,6
20,6,1,2,6
20,6,1,2,6
20,6,1,4,6
20,6,1,8,6
20,6,1,5,6
20,6,1,3,6
20,6,1,6,6
20,6,1,3,6
20,6,1,4,6
20,6,1,7,6
20,6,1,4,6
20,6,1,8,6
20,6,1,5,6
20,6,1,3,6
20,6,1,2,6
20,6,1,2,6
20,6,1,6,6
20,6,1,3,6
20,6,0,19,4
20,6,1,8,6
20,6,1,8,6
20,6,1,6,6
20,6,1,4,6
20,6,1,3,6
20,6,1,5,6
20,6,1,7,6
20,6,1,4,6
20,6,1,5,6
20,6,1,4,6
20,6,1,4,6
20,6,1,7,6
20,6,1,4,6
20,6,1,2,6
20,6,1,2,6
20,6,1,1,6
20,6,0,19,3
20,6,1,10,6
20,6,1,4,6
20,6,1,10,6
20,6,1,4,6
20,6,1,4,6
20,6,1,5,6
20,6,1,0,6
20,6,1,4,6
20,6,1,1,6
20,6,1,10,6
20,6,1,10,6
20,6,1,8,6
20,6,1,8,6
20,6,1,5,6
20,6,1,0,6
20,6,1,2,6
20,6,1,0,6
20,6,1,18,6
20,6,1,5,6
20,6,1,0,6
20,6,1,6,6
20,6,1,1,6
20,6,1,2,6
20,6,1,3,6
20,6,1,2,6
20,6,1,5,6
20,6,1,6,6
20,6,1,2,6
20,6,1,5,6
20,6,1,8,6
20,6,1,4,6
20,6,1,3,6
20,6,1,13,6
20,6,1,3,6
20,6,1,5,6
20,6,1,10,6
20,6,1,3,6
20,6,1,3,6
20,6,1,13,6
20,7,1,11,7
20,7,1,6,7
20,7,1,8,7
20,7,1,5,7
20,7,1,5,7
20,7,1,0,7
20,7,1,8,7
20,7,1,12,7
20,7,1,7,7
20,7,1,8,7
20,7,1,4,7
20,7,1,6,7
20,7,1,8,7
20,7,1,8,7
20,7,1,7,7
20,7,1,8,7
20,7,1,11,7
20,7,1,5,7
20,7,1,5,7
20,7,1,2,7
20,7,1,4,7
20,7,1,5,7
20,7,1,4,7
20,7,1,1,7
20,7,1,3,7
20,7,1,10,7
20,7,1,1,7
20,7,1,1,7
20,7,1,2,7
20,7,1,9,7
20,7,1,8,7
20,7,1,3,7
20,7,1,14,7
20,7,1,13,7
20,7,1,3,7
20,7,1,6,7
20,7,1,10,7
20,7,1,3,7
20,7,1,3,7
20,7,1,3,7
20,7,1,4,7
20,7,1,1,7
20,7,1,4,7
20,7,1,6,7
20,7,1,3,7
20,7,1,1,7
20,7,1,12,7
20,7,1,3,7
20,7,1,6,7
20,7,1,5,7
20,7,1,12,7
20,7,1,6,7
20,7,1,2,7
20,7,1,4,7
20,7,1,6,7
20,7,1,5,7
20,7,1,9,7
20,7,1,3,7
20,7,1,5,7
20,7,1,5,7
20,7,1,11,7
20,7,1,14,7
20,7,1,2,7
20,7,1,4,7
20,7,1,0,7
20,7,1,3,7
20,7,1,0,7
20,7,1,2,7
20,7,1,1,7
20,7,1,3,7
20,7,1,5,7
20,7,1,8,7
20,7,1,5,7
20,7,1,1,7
20,7,1,5,7
20,7,1,13,7
20,7,1,2,7
20,7,1,2,7
20,7,1,7,7
20,7,1,7,7
20,7,1,11,7
20,7,1,3,7
20,7,1,4,7
20,7,1,15,7
20,7,1,16,7
20,7,1,12,7
20,7,1,5,7
20,7,1,11,7
20,7,1,3,7
20,7,1,2,7
20,7,1,3,7
20,7,1,5,7
20,7,1,11,7
20,7,1,13,7
20,7,1,11,7
20,7,1,0,7
20,7,1,11,7
20,7,1,8,7
20,7,1,7,7
20,7,1,5,7
20,8,1,10,8
20,8,1,6,8
20,8,1,8,8
20,8,1,2,8
20,8,1,6,8
20,8,1,7,8
20,8,1,11,8
20,8,1,3,8
20,8,0,19,6
20,8,1,5,8
20,8,1,0,8
20,8,1,7,8
20,8,1,11,8
20,8,1,11,8
20,8,1,6,8
20,8,1,10,8
20,8,1,7,8
20,8,1,11,8
20,8,1,2,8
20,8,1,4,8
20,8,1,4,8
20,8,1,5,8
20,8,1,8,8
20,8,1,6,8
20,8,0,19,6
20,8,1,6,8
20,8,1,7,8
20,8,1,9,8
20,8,1,9,8
20,8,1,4,8
20,8,1,2,8
20,8,1,7,8
20,8,1,16,8
20,8,1,5,8
20,8,1,11,8
20,8,1,2,8
20,8,1,2,8
20,8,1,14,8
20,8,1,8,8
20,8,1,3,8
20,8,1,4,8
20,8,1,4,8
20,8,1,2,8
20,8,1,7,8
20,8,1,16,8
20,8,1,9,8
20,8,1,2,8
20,8,1,1,8
20,8,1,8,8
20,8,1,7,8
20,8,1,9,8
20,8,1,5,8
20,8,1,9,8
20,8,1,7,8
20,8,1,12,8
20,8,1,9,8
20,8,1,8,8
20,8,1,11,8
20,8,1,17,8
20,8,1,7,8
20,8,1,5,8
20,8,1,4,8
20,8,1,1,8
20,8,1,10,8
20,8,1,9,8
20,8,1,4,8
20,8,1,4,8
20,8,1,3,8
20,8,1,11,8
20,8,1,1,8
20,8,1,4,8
20,8,1,3,8
20,8,1,4,8
20,8,1,4,8
20,8,1,8,8
20,8,1,8,8
20,8,1,6,8
20,8,1,0,8
20,8,1,5,8
20,8,1,14,8
20,8,1,2,8
20,8,1,9,8
20,8,1,10,8
20,8,1,9,8
20,8,1,2,8
20,8,1,5,8
20,8,1,4,8
20,8,1,2,8
20,8,1,9,8
20,8,1,9,8
20,8,1,6,8
20,8,1,11,8
20,8,1,11,8
20,8,1,10,8
20,8,1,4,8
20,8,1,8,8
20,8,1,6,8
20,8,1,8,8
20,8,1,2,8
20,8,1,5,8
20,9,1,7,9
20,9,1,2,9
20,9,1,10,9
20,9,1,5,9
20,9,1,9,9
20,9,1,5,9
20,9,1,6,9
20,9,1,13,9
20,9,1,13,9
20,9,1,4,9
20,9,1,11,9
20,9,1,12,9
20,9,1,6,9
20,9,1,6,9
20,9,0,19,8
20,9,1,8,9
20,9,1,4,9
20,9,1,10,9
20,9,1,6,9
20,9,1,8,9
20,9,1,11,9
20,9,1,12,9
20,9,1,15,9
20,9,1,6,9
20,9,1,13,9
20,9,1,7,9
20,9,1,6,9
20,9,1,8,9
20,9,1,1,9
20,9,1,6,9
20,9,1,14,9
20,9,1,11,9
20,9,1,7,9
20,9,1,4,9
20,9,1,8,9
20,9,1,7,9
20,9,1,5,9
20,9,0,19,5
20,9,1,6,9
20,9,1,5,9
20,9,1,7,9
20,9,1,5,9
20,9,1,5,9
20,9,1,1,9
20,9,1,5,9
20,9,1,3,9
20,9,1,5,9
20,9,1,11,9
20,9,1,4,9
20,9,1,3,9
20,9,1,3,9
20,9,1,4,9
20,9,1,10,9
20,9,1,4,9
20,9,1,14,9
20,9,1,10,9
20,9,1,10,9
20,9,1,12,9
20,9,1,12,9
20,9,1,9,9
20,9,1,10,9
20,9,1,10,9
20,9,1,11,9
20,9,1,7,9
20,9,1,10,9
20,9,1,2,9
20,9,1,4,9
20,9,1,9,9
20,9,1,5,9
20,9,1,4,9
20,9,1,3,9
20,9,1,5,9
20,9,1,4,9
20,9,1,9,9
20,9,1,7,9
20,9,1,9,9
20,9,1,1,9
20,9,1,6,9
20,9,1,7,9
20,9,1,9,9
20,9,1,4,9
20,9,1,4,9
20,9,1,11,9
20,9,1,2,9
20,9,1,4,9
20,9,1,2,9
20,9,1,7,9
20,9,1,11,9
20,9,1,2,9
20,9,1,3,9
20,9,1,12,9
20,9,1,0,9
20,9,1,9,9
20,9,1,6,9
20,9,1,8,9
20,9,1,10,9
20,9,0,19,3
20,9,1,12,9
20,9,1,1,9
20,9,1,5,9
20,10,1,7,10
20,10,1,1,10
20,10,1,2,10
20,10,1,3,10
20,10,1,8,10
20,10,1,7,10
20,10,1,11,10
20,10,1,9,10
20,10,1,6,10
20,10,1,8,10
20,10,1,10,10
20,10,0,19,9
20,10,1,6,10
20,10,1,8,10
20,10,1,9,10
20,10,1,12,10
20,10,1,7,10
20,10,1,7,10
20,10,1,8,10
20,10,1,11,10
20,10,1,5,10
20,10,1,9,10
20,10,1,7,10
20,10,1,11,10
20,10,1,5,10
20,10,1,9,10
20,10,1,10,10
20,10,1,6,10
20,10,1,7,10
20,10,1,10,10
20,10,1,5,10
20,10,1,16,10
20,10,1,13,10
20,10,1,2,10
20,10,1,10,10
20,10,1,7,10
20,10,1,10,10
20,10,1,9,10
20,10,1,11,10
20,10,1,10,10
20,10,1,7,10
20,10,1,7,10
20,10,1,2,10
20,10,1,5,10
20,10,1,16,10
20,10,1,12,10
20,10,1,9,10
20,10,1,6,10
20,10,1,7,10
20,10,1,14,10
20,10,1,6,10
20,10,1,5,10
20,10,1,6,10
20,10,0,19,8
20,10,1,10,10
20,10,1,5,10
20,10,1,10,10
20,10,1,6,10
20,10,1,5,10
20,10,1,3,10
20,10,1,12,10
20,10,1,11,10
20,10,1,10,10
20,10,1,7,10
20,10,1,1,10
20,10,1,6,10
20,10,1,10,10
20,10,1,8,10
20,10,1,8,10
20,10,1,5,10
20,10,1,10,10
20,10,1,6,10
20,10,1,12,10
20,10,1,13,10
20,10,1,7,10
20,10,1,6,10
20,10,1,2,10
20,10,1,16,10
20,10,1,1,10
20,10,0,19,5
20,10,1,0,10
20,10,1,6,10
20,10,1,6,10
20,10,1,14,10
20,10,1,7,10
20,10,1,9,10
20,10,1,4,10
20,10,1,10,10
20,10,1,7,10
20,10,1,4,10
20,10,1,4,10
20,10,1,5,10
20,10,1,0,10
20,10,1,5,10
20,10,1,2,10
20,10,1,8,10
20,10,1,7,10
20,10,1,9,10
20,10,1,2,10
20,10,1,4,10
20,11,1,14,11
20,11,1,8,11
20,11,1,10,11
20,11,1,0,11
20,11,1,8,11
20,11,1,5,11
20,11,1,3,11
20,11,1,4,11
20,11,1,9,11
20,11,1,7,11
20,11,1,4,11
20,11,1,10,11
20,11,1,6,11
20,11,1,6,11
20,11,1,14,11
20,11,1,9,11
20,11,1,13,11
20,11,1,14,11
20,11,1,0,11
20,11,1,7,11
20,11,1,9,11
20,11,1,9,11
20,11,1,8,11
20,11,1,13,11
20,11,1,8,11
20,11,1,8,11
20,11,1,9,11
20,11,1,10,11
20,11,1,12,11
20,11,1,5,11
20,11,1,15,11
20,11,1,4,11
20,11,1,2,11
20,11,1,6,11
20,11,1,5,11
20,11,1,8,11
20,11,1,7,11
20,11,0,19,7
20,11,1,6,11
20,11,1,7,11
20,11,1,13,11
20,11,1,18,11
20,11,1,13,11
20,11,1,12,11
20,11,1,7,11
20,11,1,7,11
20,11,1,6,11
20,11,1,5,11
20,11,1,16,11
20,11,1,9,11
20,11,1,8,11
20,11,1,6,11
20,11,1,8,11
20,11,1,7,11
20,11,1,4,11
20,11,1,13,11
20,11,1,11,11
20,11,1,3,11
20,11,1,4,11
20,11,1,5,11
20,11,1,15,11
20,11,1,2,11
20,11,1,10,11
20,11,1,15,11
20,11,1,11,11
20,11,1,9,11
20,11,1,9,11
20,11,1,16,11
20,11,1,16,11
20,11,1,12,11
20,11,1,4,11
20,11,1,5,11
20,11,1,5,11
20,11,1,12,11
20,11,1,5,11
20,11,1,9,11
20,11,1,4,11
20,11,1,7,11
20,11,1,13,11
20,11,1,9,11
20,11,1,10,11
20,11,1,14,11
20,11,1,7,11
20,11,0,19,9
20,11,1,2,11
20,11,1,4,11
20,11,1,8,11
20,11,1,4,11
20,11,1,9,11
20,11,1,9,11
20,11,1,4,11
20,11,1,16,11
20,11,1,5,11
20,11,1,14,11
20,11,1,5,11
20,11,1,7,11
20,11,0,19,8
20,11,1,3,11
20,11,1,7,11
20,11,1,1,11
20,12,1,5,12
20,12,1,5,12
20,12,1,15,12
20,12,0,19,8
20,12,1,15,12
20,12,0,19,8
20,12,1,2,12
20,12,1,13,12
20,12,0,19,6
20,12,1,11,12
20,12,1,4,12
20,12,1,5,12
20,12,1,14,12
20,12,1,11,12
20,12,1,10,12
20,12,1,11,12
20,12,1,12,12
20,12,1,3,12
20,12,1,8,12
20,12,1,6,12
20,12,1,15,12
20,12,1,5,12
20,12,1,18,12
20,12,1,2,12
20,12,1,10,12
20,12,1,2,12
20,12,1,11,12
20,12,0,19,8
20,12,1,8,12
20,12,1,9,12
20,12,1,15,12
20,12,1,2,12
20,12,1,7,12
20,12,1,11,12
20,12,1,12,12
20,12,0,19,6
20,12,1,6,12
20,12,1,16,12
20,12,1,10,12
20,12,1,7,12
20,12,1,5,12
20,12,1,13,12
20,12,1,8,12
20,12,1,9,12
20,12,1,10,12
20,12,0,19,10
20,12,1,7,12
20,12,1,8,12
20,12,1,2,12
20,12,1,9,12
20,12,1,11,12
20,12,1,5,12
20,12,1,6,12
20,12,1,8,12
20,12,1,11,12
20,12,1,10,12
20,12,1,7,12
20,12,1,7,12
20,12,1,8,12
20,12,1,10,12
20,12,1,4,12
20,12,0,19,9
20,12,0,19,10
20,12,1,10,12
20,12,1,8,12
20,12,1,15,12
20,12,1,8,12
20,12,1,10,12
20,12,1,11,12
20,12,1,8,12
20,12,1,7,12
20,12,1,13,12
20,12,1,6,12
20,12,1,8,12
20,12,1,4,12
20,12,1,10,12
20,12,1,4,12
20,12,1,12,12
20,12,1,5,12
20,12,0,19,8
20,12,1,1,12
20,12,1,2,12
20,12,1,13,12
20,12,1,10,12
20,12,1,8,12
20,12,1,12,12
20,12,1,10,12
20,12,1,17,12
20,12,1,7,12
20,12,1,16,12
20,12,1,6,12
20,12,1,6,12
20,12,1,4,12
20,12,1,3,12
20,12,1,8,12
20,12,1,5,12
20,12,1,10,12
20,12,1,9,12
20,12,1,5,12
20,12,1,11,12
20,13,1,6,13
20,13,1,11,13
20,13,1,12,13
20,13,1,14,13
20,13,1,9,13
20,13,1,11,13
20,13,1,11,13
20,13,1,11,13
20,13,1,14,13
20,13,1,11,13
20,13,1,11,13
20,13,0,19,11
20,13,1,11,13
20,13,1,8,13
20,13,1,14,13
20,13,1,6,13
20,13,1,6,13
20,13,0,19,7
20,13,1,9,13
20,13,1,18,13
20,13,1,8,13
20,13,1,14,13
20,13,1,6,13
20,13,1,7,13
20,13,1,5,13
20,13,1,6,13
20,13,1,11,13
20,13,0,19,10
20,13,1,9,13
20,13,1,7,13
20,13,1,5,13
20,13,1,5,13
20,13,1,2,13
20,13,1,16,13
20,13,1,9,13
20,13,1,10,13
20,13,1,4,13
20,13,1,7,13
20,13,1,14,13
20,13,1,12,13
20,13,1,14,13
20,13,1,11,13
20,13,1,11,13
20,13,1,15,13
20,13,1,16,13
20,13,1,8,13
20,13,1,10,13
20,13,1,6,13
20,13,1,10,13
20,13,1,8,13
20,13,1,8,13
20,13,1,6,13
20,13,1,9,13
20,13,1,12,13
20,13,1,17,13
20,13,1,15,13
20,13,1,10,13
20,13,1,10,13
20,13,1,13,13
20,13,1,11,13
20,13,1,13,13
20,13,1,11,13
20,13,1,10,13
20,13,1,13,13
20,13,1,7,13
20,13,1,9,13
20,13,1,14,13
20,13,1,11,13
20,13,1,9,13
20,13,1,8,13
20,13,1,9,13
20,13,1,11,13
20,13,0,19,9
20,13,1,10,13
20,13,1,8,13
20,13,1,3,13
20,13,1,9,13
20,13,1,8,13
20,13,1,9,13
20,13,1,11,13
20,13,1,11,13
20,13,1,12,13
20,13,0,19,9
20,13,1,4,13
20,13,1,7,13
20,13,1,3,13
20,13,0,19,11
20,13,1,15,13
20,13,1,15,13
20,13,1,13,13
20,13,1,5,13
20,13,1,18,13
20,13,1,8,13
20,13,1,5,13
20,13,1,10,13
20,13,1,12,13
20,13,1,5,13
20,13,1,5,13
20,13,1,16,13
20,13,1,15,13
20,14,1,12,14
20,14,1,12,14
20,14,0,19,12
20,14,1,11,14
20,14,1,16,14
20,14,1,6,14
20,14,1,8,14
20,14,1,12,14
20,14,1,12,14
20,14,1,10,14
20,14,0,19,11
20,14,1,7,14
20,14,1,11,14
20,14,1,5,14
20,14,1,11,14
20,14,1,18,14
20,14,1,5,14
20,14,1,11,14
20,14,1,9,14
20,14,1,5,14
20,14,1,13,14
20,14,1,9,14
20,14,1,12,14
20,14,1,9,14
20,14,1,7,14
20,14,1,17,14
20,14,1,6,14
20,14,0,19,11
20,14,1,14,14
20,14,1,11,14
20,14,1,12,14
20,14,1,3,14
20,14,1,8,14
20,14,1,10,14
20,14,1,14,14
20,14,1,15,14
20,14,1,16,14
20,14,1,8,14
20,14,1,14,14
20,14,1,12,14
20,14,1,10,14
20,14,1,17,14
20,14,1,14,14
20,14,1,11,14
20,14,1,9,14
20,14,1,17,14
20,14,0,19,12
20,14,0,19,12
20,14,1,11,14
20,14,1,11,14
20,14,1,8,14
20,14,1,9,14
20,14,1,13,14
20,14,1,11,14
20,14,1,16,14
20,14,1,5,14
20,14,1,14,14
20,14,1,2,14
20,14,1,12,14
20,14,1,8,14
20,14,1,10,14
20,14,1,13,14
20,14,1,8,14
20,14,1,2,14
20,14,1,15,14
20,14,0,19,11
20,14,1,14,14
20,14,1,14,14
20,14,1,12,14
20,14,1,14,14
20,14,1,17,14
20,14,0,19,4
20,14,1,7,14
20,14,1,8,14
20,14,1,15,14
20,14,0,19,13
20,14,1,7,14
20,14,0,19,12
20,14,1,11,14
20,14,1,17,14
20,14,1,10,14
20,14,1,11,14
20,14,0,19,10
20,14,0,19,7
20,14,1,16,14
20,14,0,19,12
20,14,1,12,14
20,14,1,16,14
20,14,0,19,11
20,14,1,13,14
20,14,1,14,14
20,14,1,6,14
20,14,1,13,14
20,14,1,7,14
20,14,1,11,14
20,14,1,17,14
20,14,1,10,14
20,14,0,19,7
20,14,1,16,14
20,14,1,13,14
20,15,1,10,15
20,15,1,3,15
20,15,1,18,15
20,15,1,14,15
20,15,0,19,14
20,15,1,8,15
20,15,1,16,15
20,15,1,14,15
20,15,1,13,15
20,15,1,10,15
20,15,1,8,15
20,15,0,19,13
20,15,1,4,15
20,15,1,12,15
20,15,1,11,15
20,15,1,8,15
20,15,1,8,15
20,15,1,8,15
20,15,0,19,11
20,15,0,19,12
20,15,0,19,11
20,15,1,12,15
20,15,0,19,11
20,15,1,14,15
20,15,1,12,15
20,15,0,19,12
20,15,0,19,12
20,15,1,6,15
20,15,1,8,15
20,15,1,11,15
20,15,0,19,14
20,15,1,17,15
20,15,1,5,15
20,15,0,19,13
20,15,0,19,13
20,15,1,2,15
20,15,1,13,15
20,15,1,2,15
20,15,1,4,15
20,15,1,11,15
20,15,0,19,13
20,15,1,10,15
20,15,1,10,15
20,15,1,6,15
20,15,1,12,15
20,15,1,11,15
20,15,0,19,14
20,15,0,19,8
20,15,1,12,15
20,15,0,19,10
20,15,0,19,9
20,15,1,1,15
20,15,1,16,15
20,15,0,19,5
20,15,0,19,10
20,15,1,15,15
20,15,1,7,15
20,15,0,19,9
20,15,1,14,15
20,15,1,8,15
20,15,1,11,15
20,15,1,9,15
20,15,1,6,15
20,15,1,7,15
20,15,1,18,15
20,15,1,14,15
20,15,0,19,7
20,15,1,8,15
20,15,1,5,15
20,15,1,10,15
20,15,1,15,15
20,15,0,19,13
20,15,1,12,15
20,15,1,8,15
20,15,0,19,11
20,15,0,19,13
20,15,1,13,15
20,15,1,9,15
20,15,0,19,13
20,15,0,19,12
20,15,0,19,12
20,15,1,16,15
20,15,0,19,9
20,15,1,9,15
20,15,1,10,15
20,15,1,13,15
20,15,1,11,15
20,15,1,3,15
20,15,1,8,15
20,15,1,11,15
20,15,0,19,13
20,15,1,12,15
20,15,0,19,14
20,15,1,13,15
20,15,0,19,11
20,15,1,11,15
20,15,0,19,11
20,15,0,19,12
20,15,1,5,15
20,15,1,11,15
20,16,0,19,14
20,16,1,10,16
20,16,1,5,16
20,16,1,15,16
20,16,1,13,16
20,16,1,10,16
20,16,0,19,14
20,16,0,19,13
20,16,0,19,14
20,16,1,5,16
20,16,1,13,16
20,16,0,19,14
20,16,1,10,16
20,16,1,15,16
20,16,0,19,13
20,16,1,10,16
20,16,1,11,16
20,16,1,13,16
20,16,1,15,16
20,16,1,7,16
20,16,1,15,16
20,16,1,8,16
20,16,1,7,16
20,16,1,3,16
20,16,1,10,16
20,16,0,19,13
20,16,1,13,16
20,16,1,6,16
20,16,1,9,16
20,16,0,19,13
20,16,0,19,10
20,16,1,18,16
20,16,1,10,16
20,16,0,19,14
20,16,1,13,16
20,16,0,19,8
20,16,1,14,16
20,16,1,8,16
20,16,1,14,16
20,16,1,6,16
20,16,1,7,16
20,16,1,11,16
20,16,1,5,16
20,16,1,6,16
20,16,1,15,16
20,16,0,19,14
20,16,1,15,16
20,16,1,13,16
20,16,0,19,15
20,16,1,14,16
20,16,1,15,16
20,16,1,16,16
20,16,0,19,11
20,16,0,19,13
20,16,1,8,16
20,16,1,13,16
20,16,1,12,16
20,16,0,19,10
20,16,1,13,16
20,16,1,11,16
20,16,1,14,16
20,16,1,9,16
20,16,1,7,16
20,16,1,17,16
20,16,1,17,16
20,16,1,14,16
20,16,1,14,16
20,16,1,13,16
20,16,1,9,16
20,16,1,9,16
20,16,1,10,16
20,16,1,11,16
20,16,0,19,10
20,16,1,8,16
20,16,0,19,11
20,16,1,5,16
20,16,1,13,16
20,16,1,12,16
20,16,0,19,11
20,16,1,11,16
20,16,0,19,11
20,16,1,17,16
20,16,1,6,16
20,16,0,19,13
20,16,1,16,16
20,16,1,15,16
20,16,1,14,16
20,16,1,7,16
20,16,1,10,16
20,16,1,10,16
20,16,1,16,16
20,16,1,15,16
20,16,1,11,16
20,16,1,8,16
20,16,1,5,16
20,16,0,19,10
20,16,1,6,16
20,16,1,11,16
20,16,1,16,16
20,16,0,19,7
20,17,1,18,17
20,17,1,10,17
20,17,0,19,9
20,17,0,19,11
20,17,1,12,17
20,17,0,19,15
20,17,0,19,10
20,17,1,12,17
20,17,1,4,17
20,17,1,13,17
20,17,0,19,9
20,17,0,19,14
20,17,0,19,11
20,17,1,14,17
20,17,1,9,17
20,17,0,19,13
20,17,0,19,9
20,17,0,19,14
20,17,1,3,17
20,17,0,19,7
20,17,1,9,17
20,17,0,19,11
20,17,1,12,17
20,17,1,4,17
20,17,1,6,17
20,17,1,9,17
20,17,1,17,17
20,17,1,17,17
20,17,1,16,17
20,17,1,11,17
20,17,0,19,9
20,17,1,12,17
20,17,1,16,17
20,17,1,13,17
20,17,1,10,17
20,17,1,9,17
20,17,1,9,17
20,17,1,9,17
20,17,0,19,9
20,17,1,11,17
20,17,0,19,16
20,17,1,16,17
20,17,1,13,17
20,17,0,19,16
20,17,1,15,17
20,17,1,15,17
20,17,1,15,17
20,17,1,13,17
20,17,1,9,17
20,17,1,15,17
20,17,1,10,17
20,17,0,19,15
20,17,1,10,17
20,17,0,19,9
20,17,1,7,17
20,17,1,11,17
20,17,0,19,7
20,17,1,16,17
20,17,1,12,17
20,17,1,13,17
20,17,0,19,11
20,17,1,16,17
20,17,1,12,17
20,17,1,15,17
20,17,1,13,17
20,17,1,7,17
20,17,0,19,15
20,17,1,12,17
20,17,1,10,17
20,17,1,12,17
20,17,1,17,17
20,17,1,11,17
20,17,1,8,17
20,17,1,3,17
20,17,1,9,17
20,17,1,15,17
20,17,1,15,17
20,17,1,9,17
20,17,1,11,17
20,17,0,19,15
20,17,1,17,17
20,17,1,10,17
20,17,1,7,17
20,17,1,15,17
20,17,1,8,17
20,17,1,9,17
20,17,1,13,17
20,17,0,19,10
20,17,1,10,17
20,17,1,14,17
20,17,1,14,17
20,17,1,12,17
20,17,0,19,12
20,17,1,17,17
20,17,1,13,17
20,17,1,15,17
20,17,0,19,16
20,17,0,19,9
20,17,1,15,17
20,17,1,14,17
20,18,1,8,18
20,18,0,19,15
20,18,1,14,18
20,18,1,11,18
20,18,0,19,15
20,18,0,19,13
20,18,0,19,17
20,18,1,10,18
20,18,1,17,18
20,18,1,5,18
20,18,0,19,13
20,18,0,19,13
20,18,0,19,13
20,18,0,19,16
20,18,1,14,18
20,18,0,19,17
20,18,1,6,18
20,18,1,18,18
20,18,0,19,7
20,18,0,19,15
20,18,1,8,18
20,18,1,10,18
20,18,1,14,18
20,18,1,12,18
20,18,1,13,18
20,18,1,12,18
20,18,1,9,18
20,18,1,15,18
20,18,1,18,18
20,18,1,12,18
20,18,1,16,18
20,18,1,13,18
20,18,0,19,16
20,18,1,8,18
20,18,1,8,18
20,18,1,10,18
20,18,0,19,14
20,18,1,15,18
20,18,1,17,18
20,18,1,14,18
20,18,1,5,18
20,18,1,4,18
20,18,1,12,18
20,18,1,12,18
20,18,1,14,18
20,18,0,19,14
20,18,0,19,11
20,18,0,19,15
20,18,0,19,16
20,18,1,8,18
20,18,1,14,18
20,18,1,14,18
20,18,1,7,18
20,18,1,10,18
20,18,1,18,18
20,18,1,13,18
20,18,0,19,10
20,18,1,8,18
20,18,1,9,18
20,18,0,19,15
20,18,1,9,18
20,18,0,19,12
20,18,0,19,17
20,18,0,19,12
20,18,0,19,11
20,18,1,12,18
20,18,1,12,18
20,18,1,13,18
20,18,1,10,18
20,18,1,13,18
20,18,1,14,18
20,18,1,13,18
20,18,1,15,18
20,18,1,10,18
20,18,1,14,18
20,18,1,13,18
20,18,0,19,16
20,18,1,8,18
20,18,0,19,11
20,18,0,19,13
20,18,1,10,18
20,18,1,11,18
20,18,1,13,18
20,18,0,19,15
20,18,1,11,18
20,18,1,8,18
20,18,1,15,18
20,18,0,19,14
20,18,0,19,15
20,18,1,12,18
20,18,1,13,18
20,18,1,18,18
20,18,0,19,9
20,18,0,19,9
20,18,1,14,18
20,18,1,17,18
20,18,1,17,18
20,18,1,7,18
20,18,1,10,18
20,18,1,6,18
20,19,1,8,19
20,19,1,8,19
20,19,1,13,19
20,19,1,16,19
20,19,0,19,16
20,19,0,19,15
20,19,1,17,19
20,19,1,12,19
20,19,0,19,13
20,19,1,9,19
20,19,0,19,12
20,19,0,19,14
20,19,1,13,19
20,19,1,4,19
20,19,0,19,16
20,19,1,16,19
20,19,0,19,18
20,19,1,18,19
20,19,1,13,19
20,19,1,16,19
20,19,1,13,19
20,19,0,19,13
20,19,0,19,10
20,19,1,4,19
20,19,0,19,15
20,19,1,15,19
20,19,0,19,12
20,19,1,13,19
20,19,1,9,19
20,19,0,19,11
20,19,0,19,18
20,19,1,9,19
20,19,0,19,17
20,19,0,19,14
20,19,0,19,16
20,19,0,19,17
20,19,1,15,19
20,19,0,19,14
20,19,0,19,15
20,19,0,19,12
20,19,1,12,19
20,19,1,15,19
20,19,0,19,9
20,19,1,17,19
20,19,1,11,19
20,19,1,6,19
20,19,0,19,12
20,19,1,11,19
20,19,1,16,19
20,19,0,19,14
20,19,1,11,19
20,19,0,19,16
20,19,1,13,19
20,19,1,9,19
20,19,1,12,19
20,19,1,11,19
20,19,1,12,19
20,19,1,12,19
20,19,0,19,5
20,19,1,10,19
20,19,1,10,19
20,19,1,12,19
20,19,1,15,19
20,19,0,19,18
20,19,1,17,19
20,19,1,14,19
20,19,0,19,11
20,19,1,14,19
20,19,1,16,19
20,19,0,19,17
20,19,0,19,10
20,19,1,12,19
20,19,1,8,19
20,19,1,16,19
20,19,1,7,19
20,19,0,19,15
20,19,0,19,11
20,19,1,5,19
20,19,0,19,9
20,19,1,12,19
20,19,1,6,19
20,19,1,13,19
20,19,1,18,19
20,19,1,18,19
20,19,1,7,19
20,19,0,19,11
20,19,0,19,15
20,19,0,19,17
20,19,0,19,10
20,19,0,19,16
20,19,0,19,14
20,19,1,14,19
20,19,1,15,19
20,19,1,17,19
20,19,0,19,12
20,19,1,12,19
20,19,1,14,19
20,19,1,9,19
20,19,0,19,11
20,19,1,7,19
20,20,1,7,20
20,20,1,16,20
20,20,0,19,18
20,20,0,19,19
20,20,1,17,20
20,20,1,11,20
20,20,1,8,20
20,20,1,14,20
20,20,1,14,20
20,20,1,8,20
20,20,0,19,16
20,20,1,16,20
20,20,1,16,20
20,20,1,10,20
20,20,0,19,14
20,20,1,17,20
20,20,0,19,17
20,20,0,19,17
20,20,0,19,13
20,20,1,14,20
20,20,1,13,20
20,20,1,7,20
20,20,1,6,20
20,20,0,19,12
20,20,1,16,20
20,20,1,15,20
20,20,1,13,20
20,20,0,19,8
20,20,0,19,15
20,20,1,12,20
20,20,1,10,20
20,20,1,16,20
20,20,1,12,20
20,20,1,17,20
20,20,1,16,20
20,20,0,19,17
20,20,0,19,18
20,20,1,16,20
20,20,1,16,20
20,20,1,16,20
20,20,0,19,12
20,20,1,14,20
20,20,1,15,20
20,20,0,19,12
20,20,0,19,16
20,20,1,13,20
20,20,1,16,20
20,20,0,19,16
20,20,1,6,20
20,20,1,16,20
20,20,1,15,20
20,20,0,19,16
20,20,0,19,12
20,20,1,13,20
20,20,1,12,20
20,20,0,19,13
20,20,0,19,10
20,20,1,5,20
20,20,1,6,20
20,20,1,15,20
20,20,0,19,15
20,20,1,16,20
20,20,1,8,20
20,20,0,19,15
20,20,1,12,20
20,20,0,19,11
20,20,1,17,20
20,20,0,19,18
20,20,0,19,15
20,20,1,16,20
20,20,1,7,20
20,20,1,11,20
20,20,0,19,18
20,20,1,17,20
20,20,0,19,9
20,20,1,11,20
20,20,1,18,20
20,20,1,16,20
20,20,1,12,20
20,20,1,12,20
20,20,0,19,14
20,20,1,11,20
20,20,0,19,15
20,20,1,16,20
20,20,1,14,20
20,20,0,19,17
20,20,0,19,16
20,20,1,10,20
20,20,0,19,19
20,20,1,12,20
20,20,1,13,20
20,20,0,19,15
20,20,0,19,13
20,20,0,19,11
20,20,1,12,20
20,20,0,19,12
20,20,0,19,17
20,20,0,19,10
20,20,1,16,20
20,20,1,8,20
21,1,1,2,1
21,1,1,0,1
21,1,1,3,1
21,1,1,0,1
21,1,1,1,1
21,1,1,0,1
21,1,1,0,1
21,1,1,0,1
21,1,1,0,1
21,1,1,0,1
21,1,1,0,1
21,1,1,1,1
21,1,1,0,1
21,1,1,0,1
21,1,1,1,1
21,1,1,0,1
21,1,1,0,1
21,1,1,0,1
21,1,1,0,1
21,1,1,0,1
21,1,1,0,1
21,1,1,0,1
21,1,1,0,1
21,1,1,0,1
21,1,1,3,1
21,1,1,1,1
21,1,1,0,1
21,1,1,0,1
21,1,1,0,1
21,1,1,0,1
21,1,1,0,1
21,1,1,1,1
21,1,1,0,1
21,1,1,0,1
21,1,1,1,1
21,1,1,0,1
21,1,1,0,1
21,1,1,0,1
21,1,1,0,1
21,1,1,0,1
21,1,1,2,1
21,1,1,0,1
21,1,1,0,1
21,1,1,0,1
21,1,1,0,1
21,1,1,0,1
21,1,1,0,1
21,1,1,0,1
21,1,1,1,1
21,1,1,0,1
21,1,1,0,1
21,1,1,1,1
21,1,1,0,1
21,1,1,0,1
21,1,1,0,1
21,1,1,0,1
21,1,1,1,1
21,1,1,0,1
21,1,1,0,1
21,1,1,1,1
21,1,1,0,1
21,1,1,0,1
21,1,1,0,1
21,1,1,0,1
21,1,1,0,1
21,1,1,0,1
21,1,1,0,1
21,1,1,1,1
21,1,1,0,1
21,1,1,1,1
21,1,1,1,1
21,1,1,0,1
21,1,1,0,1
21,1,1,0,1
21,1,1,0,1
21,1,1,0,1
21,1,1,0,1
21,1,1,0,1
21,1,1,1,1
21,1,1,0,1
21,1,1,0,1
21,1,1,2,1
21,1,1,0,1
21,1,1,0,1
21,1,1,0,1
21,1,1,0,1
21,1,1,0,1
21,1,1,0,1
21,1,1,1,1
21,1,1,0,1
21,1,1,0,1
21,1,1,0,1
21,1,1,1,1
21,1,1,4,1
21,1,1,0,1
21,1,1,0,1
21,1,1,0,1
21,1,1,1,1
21,1,1,2,1
21,1,1,2,1
21,2,1,2,2
21,2,1,1,2
21,2,1,1,2
21,2,1,0,2
21,2,1,1,2
21,2,1,1,2
21,2,1,9,2
21,2,1,0,2
21,2,1,0,2
21,2,1,1,2
21,2,1,0,2
21,2,1,1,2
21,2,1,1,2
21,2,1,0,2
21,2,1,2,2
21,2,1,0,2
21,2,1,0,2
21,2,1,1,2
21,2,1,4,2
21,2,1,2,2
21,2,1,0,2
21,2,1,2,2
21,2,1,1,2
21,2,1,1,2
21,2,1,0,2
21,2,1,2,2
21,2,1,2,2
21,2,1,4,2
21,2,1,2,2
21,2,1,1,2
21,2,1,3,2
21,2,1,0,2
21,2,1,0,2
21,2,1,3,2
21,2,1,0,2
21,2,1,5,2
21,2,1,0,2
21,2,1,0,2
21,2,1,0,2
21,2,1,2,2
21,2,1,2,2
21,2,1,0,2
21,2,1,0,2
21,2,1,0,2
21,2,1,0,2
21,2,1,0,2
21,2,1,3,2
21,2,1,2,2
21,2,1,1,2
21,2,1,0,2
21,2,1,1,2
21,2,1,0,2
21,2,1,4,2
21,2,1,0,2
21,2,1,0,2
21,2,1,4,2
21,2,1,0,2
21,2,1,2,2
21,2,1,1,2
21,2,1,1,2
21,2,1,1,2
21,2,1,1,2
21,2,1,2,2
21,2,1,0,2
21,2,1,1,2
21,2,1,2,2
21,2,1,4,2
21,2,1,0,2
21,2,1,3,2
21,2,1,2,2
21,2,1,1,2
21,2,1,1,2
21,2,1,0,2
21,2,1,1,2
21,2,1,0,2
21,2,1,6,2
21,2,1,0,2
21,2,1,0,2
21,2,1,0,2
21,2,1,1,2
21,2,1,0,2
21,2,1,2,2
21,2,1,0,2
21,2,1,0,2
21,2,1,0,2
21,2,1,2,2
21,2,1,0,2
21,2,1,5,2
21,2,1,1,2
21,2,1,0,2
21,2,1,8,2
21,2,1,0,2
21,2,1,0,2
21,2,1,1,2
21,2,1,1,2
21,2,1,0,2
21,2,1,1,2
21,2,1,1,2
21,2,1,0,2
21,2,1,1,2
21,3,1,2,3
21,3,1,5,3
21,3,1,0,3
21,3,1,5,3
21,3,1,0,3
21,3,1,0,3
21,3,1,0,3
21,3,1,5,3
21,3,1,1,3
21,3,1,0,3
21,3,1,6,3
21,3,1,1,3
21,3,1,1,3
21,3,1,0,3
21,3,1,3,3
21,3,1,0,3
21,3,1,2,3
21,3,1,3,3
21,3,1,2,3
21,3,1,2,3
21,3,1,0,3
21,3,1,0,3
21,3,1,0,3
21,3,1,2,3
21,3,1,2,3
21,3,1,11,3
21,3,1,3,3
21,3,1,1,3
21,3,1,1,3
21,3,1,1,3
21,3,1,1,3
21,3,1,0,3
21,3,1,17,3
21,3,1,2,3
21,3,1,3,3
21,3,1,0,3
21,3,1,0,3
21,3,1,5,3
21,3,1,4,3
21,3,1,0,3
21,3,1,2,3
21,3,1,2,3
21,3,1,1,3
21,3,1,0,3
21,3,1,3,3
21,3,1,0,3
21,3,1,0,3
21,3,1,4,3
21,3,1,0,3
21,3,1,5,3
21,3,1,0,3
21,3,1,1,3
21,3,1,2,3
21,3,1,1,3
21,3,1,2,3
21,3,1,8,3
21,3,1,0,3
21,3,1,5,3
21,3,1,0,3
21,3,1,2,3
21,3,1,0,3
21,3,1,3,3
21,3,1,2,3
21,3,1,0,3
21,3,1,1,3
21,3,1,5,3
21,3,1,2,3
21,3,1,1,3
21,3,1,1,3
21,3,1,0,3
21,3,1,3,3
21,3,1,1,3
21,3,1,1,3
21,3,1,1,3
21,3,1,6,3
21,3,1,2,3
21,3,1,5,3
21,3,1,3,3
21,3,1,2,3
21,3,1,2,3
21,3,1,1,3
21,3,1,2,3
21,3,1,6,3
21,3,1,6,3
21,3,1,4,3
21,3,1,1,3
21,3,1,3,3
21,3,1,6,3
21,3,1,1,3
21,3,1,5,3
21,3,1,1,3
21,3,1,1,3
21,3,1,0,3
21,3,1,2,3
21,3,1,0,3
21,3,1,0,3
21,3,1,3,3
21,3,1,1,3
21,3,1,0,3
21,3,1,5,3
21,4,1,6,4
21,4,1,1,4
21,4,1,1,4
21,4,1,4,4
21,4,1,6,4
21,4,1,1,4
21,4,1,1,4
21,4,1,9,4
21,4,1,2,4
21,4,1,0,4
21,4,1,7,4
21,4,1,8,4
21,4,1,1,4
21,4,1,3,4
21,4,1,0,4
21,4,1,11,4
21,4,1,0,4
21,4,1,0,4
21,4,1,0,4
21,4,1,1,4
21,4,1,2,4
21,4,1,6,4
21,4,1,7,4
21,4,1,1,4
21,4,1,1,4
21,4,1,2,4
21,4,1,2,4
21,4,1,6,4
21,4,1,3,4
21,4,1,5,4
21,4,1,1,4
21,4,1,7,4
21,4,1,3,4
21,4,1,10,4
21,4,1,2,4
21,4,1,3,4
21,4,1,7,4
21,4,1,3,4
21,4,1,2,4
21,4,1,6,4
21,4,1,6,4
21,4,1,9,4
21,4,1,1,4
21,4,1,0,4
21,4,1,3,4
21,4,1,1,4
21,4,1,2,4
21,4,1,3,4
21,4,1,5,4
21,4,1,6,4
21,4,1,0,4
21,4,1,10,4
21,4,1,5,4
21,4,1,0,4
21,4,1,5,4
21,4,1,5,4
21,4,1,5,4
21,4,1,5,4
21,4,1,6,4
21,4,1,0,4
21,4,1,6,4
21,4,1,4,4
21,4,1,0,4
21,4,1,0,4
21,4,1,2,4
21,4,1,4,4
21,4,1,3,4
21,4,1,3,4
21,4,1,3,4
21,4,1,2,4
21,4,1,3,4
21,4,1,2,4
21,4,1,1,4
21,4,1,2,4
21,4,1,5,4
21,4,1,4,4
21,4,1,0,4
21,4,1,1,4
21,4,1,4,4
21,4,1,2,4
21,4,1,1,4
21,4,1,7,4
21,4,1,1,4
21,4,1,3,4
21,4,1,4,4
21,4,1,3,4
21,4,1,0,4
21,4,1,0,4
21,4,1,0,4
21,4,1,5,4
21,4,1,0,4
21,4,1,0,4
21,4,1,3,4
21,4,1,3,4
21,4,1,2,4
21,4,1,2,4
21,4,1,4,4
21,4,1,2,4
21,4,1,2,4
21,4,1,8,4
21,5,1,1,5
21,5,1,1,5
21,5,1,6,5
21,5,1,4,5
21,5,1,0,5
21,5,1,3,5
21,5,1,4,5
21,5,1,0,5
21,5,1,0,5
21,5,1,6,5
21,5,1,5,5
21,5,1,5,5
21,5,1,6,5
21,5,1,2,5
21,5,1,1,5
21,5,1,3,5
21,5,1,3,5
21,5,1,1,5
21,5,1,0,5
21,5,1,6,5
21,5,1,3,5
21,5,1,7,5
21,5,1,2,5
21,5,1,1,5
21,5,1,2,5
21,5,1,4,5
21,5,1,6,5
21,5,1,4,5
21,5,1,4,5
21,5,1,10,5
21,5,1,11,5
21,5,1,3,5
21,5,1,6,5
21,5,1,4,5
21,5,1,3,5
21,5,1,4,5
21,5,1,10,5
21,5,1,2,5
21,5,1,7,5
21,5,1,4,5
21,5,1,0,5
21,5,1,5,5
21,5,1,3,5
21,5,1,1,5
21,5,1,1,5
21,5,1,1,5
21,5,1,2,5
21,5,1,6,5
21,5,1,1,5
21,5,1,7,5
21,5,1,2,5
21,5,1,2,5
21,5,1,4,5
21,5,1,0,5
21,5,1,3,5
21,5,1,3,5
21,5,1,4,5
21,5,1,8,5
21,5,1,11,5
21,5,1,3,5
21,5,1,9,5
21,5,1,6,5
21,5,1,7,5
21,5,1,9,5
21,5,1,5,5
21,5,1,5,5
21,5,1,2,5
21,5,1,3,5
21,5,1,4,5
21,5,1,7,5
21,5,1,1,5
21,5,1,4,5
21,5,1,5,5
21,5,1,2,5
21,5,1,5,5
21,5,1,3,5
21,5,1,6,5
21,5,1,4,5
21,5,1,7,5
21,5,1,4,5
21,5,1,1,5
21,5,1,0,5
21,5,1,1,5
21,5,1,0,5
21,5,1,3,5
21,5,1,3,5
21,5,1,1,5
21,5,1,3,5
21,5,1,3,5
21,5,1,4,5
21,5,1,3,5
21,5,1,1,5
21,5,1,1,5
21,5,1,8,5
21,5,1,6,5
21,5,1,6,5
21,5,1,5,5
21,5,1,3,5
21,5,1,3,5
21,5,1,1,5
21,6,1,4,6
21,6,1,4,6
21,6,1,0,6
21,6,1,5,6
21,6,1,6,6
21,6,1,3,6
21,6,1,2,6
21,6,1,9,6
21,6,1,3,6
21,6,1,6,6
21,6,1,9,6
21,6,1,12,6
21,6,1,0,6
21,6,1,8,6
21,6,1,5,6
21,6,1,4,6
21,6,1,5,6
21,6,1,5,6
21,6,1,5,6
21,6,1,7,6
21,6,1,2,6
21,6,1,10,6
21,6,1,4,6
21,6,1,8,6
21,6,1,4,6
21,6,1,8,6
21,6,1,6,6
21,6,1,1,6
21,6,1,5,6
21,6,1,4,6
21,6,1,4,6
21,6,1,5,6
21,6,1,14,6
21,6,1,9,6
21,6,1,3,6
21,6,1,5,6
21,6,1,6,6
21,6,1,3,6
21,6,1,3,6
21,6,1,4,6
21,6,1,3,6
21,6,1,4,6
21,6,1,6,6
21,6,1,6,6
21,6,1,8,6
21,6,1,1,6
21,6,1,5,6
21,6,1,3,6
21,6,1,10,6
21,6,1,2,6
21,6,1,6,6
21,6,1,3,6
21,6,1,4,6
21,6,1,2,6
21,6,1,17,6
21,6,1,6,6
21,6,1,3,6
21,6,1,2,6
21,6,1,8,6
21,6,1,2,6
21,6,1,1,6
21,6,1,6,6
21,6,1,8,6
21,6,1,6,6
21,6,1,3,6
21,6,1,8,6
21,6,1,12,6
21,6,1,4,6
21,6,1,3,6
21,6,1,1,6
21,6,1,3,6
21,6,1,10,6
21,6,1,1,6
21,6,1,5,6
21,6,1,4,6
21,6,1,1,6
21,6,1,6,6
21,6,1,1,6
21,6,1,5,6
21,6,1,4,6
21,6,1,4,6
21,6,1,3,6
21,6,1,0,6
21,6,1,4,6
21,6,1,4,6
21,6,1,3,6
21,6,1,14,6
21,6,1,7,6
21,6,1,3,6
21,6,1,3,6
21,6,1,1,6
21,6,1,1,6
21,6,1,12,6
21,6,1,4,6
21,6,1,5,6
21,6,1,8,6
21,6,1,4,6
21,6,1,10,6
21,6,1,11,6
21,6,1,6,6
21,7,1,3,7
21,7,1,6,7
21,7,1,6,7
21,7,1,6,7
21,7,1,11,7
21,7,1,1,7
21,7,1,8,7
21,7,1,10,7
21,7,1,3,7
21,7,1,0,7
21,7,1,5,7
21,7,1,3,7
21,7,1,7,7
21,7,1,2,7
21,7,1,4,7
21,7,1,11,7
21,7,1,2,7
21,7,1,2,7
21,7,1,7,7
21,7,1,8,7
21,7,1,4,7
21,7,1,5,7
21,7,1,6,7
21,7,1,2,7
21,7,1,3,7
21,7,1,5,7
21,7,1,6,7
21,7,1,3,7
21,7,1,2,7
21,7,1,2,7
21,7,1,4,7
21,7,1,7,7
21,7,1,10,7
21,7,1,4,7
21,7,1,9,7
21,7,1,3,7
21,7,1,4,7
21,7,1,5,7
21,7,1,11,7
21,7,1,7,7
21,7,1,2,7
21,7,1,1,7
21,7,1,2,7
21,7,1,10,7
21,7,1,3,7
21,7,1,10,7
21,7,1,1,7
21,7,1,4,7
21,7,1,3,7
21,7,1,2,7
21,7,1,6,7
21,7,1,13,7
21,7,1,2,7
21,7,1,2,7
21,7,1,3,7
21,7,1,8,7
21,7,1,6,7
21,7,1,6,7
21,7,1,3,7
21,7,1,3,7
21,7,1,2,7
21,7,1,9,7
21,7,1,9,7
21,7,1,2,7
21,7,1,4,7
21,7,1,5,7
21,7,1,3,7
21,7,1,5,7
21,7,1,4,7
21,7,1,0,7
21,7,1,4,7
21,7,1,14,7
21,7,1,8,7
21,7,1,7,7
21,7,1,7,7
21,7,1,6,7
21,7,1,5,7
21,7,1,0,7
21,7,1,4,7
21,7,1,13,7
21,7,1,5,7
21,7,1,3,7
21,7,1,6,7
21,7,1,14,7
21,7,1,4,7
21,7,1,8,7
21,7,1,3,7
21,7,1,10,7
21,7,1,3,7
21,7,1,6,7
21,7,1,2,7
21,7,1,1,7
21,7,1,2,7
21,7,1,16,7
21,7,1,12,7
21,7,1,7,7
21,7,1,3,7
21,7,1,10,7
21,7,1,10,7
21,7,1,4,7
21,8,1,1,8
21,8,1,8,8
21,8,1,11,8
21,8,1,5,8
21,8,1,6,8
21,8,1,4,8
21,8,1,9,8
21,8,1,8,8
21,8,1,9,8
21,8,1,3,8
21,8,1,13,8
21,8,1,5,8
21,8,1,11,8
21,8,1,6,8
21,8,1,1,8
21,8,1,12,8
21,8,1,2,8
21,8,1,14,8
21,8,1,6,8
21,8,1,3,8
21,8,1,2,8
21,8,1,4,8
21,8,1,5,8
21,8,1,7,8
21,8,1,8,8
21,8,1,6,8
21,8,1,4,8
21,8,1,7,8
21,8,1,5,8
21,8,1,7,8
21,8,1,5,8
21,8,1,11,8
21,8,1,3,8
21,8,1,2,8
21,8,1,8,8
21,8,1,3,8
21,8,1,3,8
21,8,1,5,8
21,8,1,7,8
21,8,1,6,8
21,8,1,4,8
21,8,1,1,8
21,8,1,7,8
21,8,1,3,8
21,8,1,8,8
21,8,1,1,8
21,8,1,3,8
21,8,1,5,8
21,8,1,8,8
21,8,1,5,8
21,8,1,4,8
21,8,1,9,8
21,8,1,6,8
21,8,1,5,8
21,8,1,14,8
21,8,1,17,8
21,8,1,1,8
21,8,1,10,8
21,8,1,5,8
21,8,1,3,8
21,8,1,5,8
21,8,1,3,8
21,8,1,18,8
21,8,1,3,8
21,8,1,3,8
21,8,1,3,8
21,8,1,9,8
21,8,1,10,8
21,8,1,1,8
21,8,1,8,8
21,8,1,8,8
21,8,1,14,8
21,8,1,4,8
21,8,1,5,8
21,8,1,3,8
21,8,1,5,8
21,8,1,5,8
21,8,1,8,8
21,8,1,12,8
21,8,1,6,8
21,8,1,7,8
21,8,1,3,8
21,8,1,8,8
21,8,1,6,8
21,8,1,10,8
21,8,1,2,8
21,8,1,10,8
21,8,1,12,8
21,8,1,10,8
21,8,1,4,8
21,8,1,2,8
21,8,1,2,8
21,8,1,5,8
21,8,1,2,8
21,8,1,4,8
21,8,1,7,8
21,8,1,11,8
21,8,1,9,8
21,8,1,10,8
21,8,1,6,8
21,9,1,3,9
21,9,1,4,9
21,9,1,12,9
21,9,1,6,9
21,9,1,2,9
21,9,1,5,9
21,9,1,7,9
21,9,1,1,9
21,9,1,14,9
21,9,1,6,9
21,9,1,11,9
21,9,1,8,9
21,9,1,3,9
21,9,1,2,9
21,9,1,9,9
21,9,1,0,9
21,9,1,2,9
21,9,1,1,9
21,9,1,10,9
21,9,1,3,9
21,9,1,7,9
21,9,1,2,9
21,9,1,7,9
21,9,1,3,9
21,9,1,1,9
21,9,1,14,9
21,9,1,5,9
21,9,1,10,9
21,9,1,9,9
21,9,1,9,9
21,9,1,5,9
21,9,1,9,9
21,9,1,5,9
21,9,1,13,9
21,9,1,9,9
21,9,1,8,9
21,9,1,7,9
21,9,1,15,9
21,9,1,3,9
21,9,1,14,9
21,9,1,7,9
21,9,1,2,9
21,9,1,10,9
21,9,1,13,9
21,9,1,16,9
21,9,1,11,9
21,9,1,11,9
21,9,1,10,9
21,9,1,6,9
21,9,1,15,9
21,9,1,13,9
21,9,1,11,9
21,9,1,4,9
21,9,1,2,9
21,9,1,5,9
21,9,1,9,9
21,9,1,7,9
21,9,1,9,9
21,9,1,8,9
21,9,1,5,9
21,9,1,4,9
21,9,0,20,7
21,9,1,9,9
21,9,1,5,9
21,9,1,8,9
21,9,1,9,9
21,9,1,5,9
21,9,1,6,9
21,9,1,11,9
21,9,1,11,9
21,9,1,5,9
21,9,1,13,9
21,9,1,8,9
21,9,1,4,9
21,9,1,11,9
21,9,1,0,9
21,9,1,2,9
21,9,1,12,9
21,9,1,3,9
21,9,1,4,9
21,9,1,11,9
21,9,1,1,9
21,9,1,2,9
21,9,1,11,9
21,9,1,7,9
21,9,1,12,9
21,9,1,12,9
21,9,1,12,9
21,9,1,18,9
21,9,1,6,9
21,9,1,7,9
21,9,1,7,9
21,9,1,5,9
21,9,1,9,9
21,9,1,15,9
21,9,1,6,9
21,9,1,8,9
21,9,1,2,9
21,9,1,2,9
21,9,1,8,9
21,10,1,3,10
21,10,1,6,10
21,10,1,4,10
21,10,1,3,10
21,10,0,20,8
21,10,1,14,10
21,10,1,5,10
21,10,1,6,10
21,10,1,11,10
21,10,1,4,10
21,10,1,4,10
21,10,1,5,10
21,10,1,9,10
21,10,1,12,10
21,10,1,9,10
21,10,1,4,10
21,10,1,3,10
21,10,1,9,10
21,10,1,4,10
21,10,1,13,10
21,10,1,7,10
21,10,1,7,10
21,10,1,7,10
21,10,1,6,10
21,10,1,9,10
21,10,1,8,10
21,10,1,9,10
21,10,1,6,10
21,10,1,11,10
21,10,1,2,10
21,10,1,5,10
21,10,1,14,10
21,10,1,6,10
21,10,1,6,10
21,10,1,5,10
21,10,1,6,10
21,10,1,3,10
21,10,1,6,10
21,10,1,5,10
21,10,1,16,10
21,10,1,5,10
21,10,1,6,10
21,10,1,9,10
21,10,1,6,10
21,10,1,6,10
21,10,1,4,10
21,10,1,7,10
21,10,1,10,10
21,10,1,11,10
21,10,1,10,10
21,10,1,9,10
21,10,1,14,10
21,10,1,14,10
21,10,1,5,10
21,10,1,5,10
21,10,1,3,10
21,10,1,5,10
21,10,1,3,10
21,10,1,9,10
21,10,1,6,10
21,10,1,9,10
21,10,1,4,10
21,10,1,8,10
21,10,1,5,10
21,10,1,9,10
21,10,1,17,10
21,10,1,9,10
21,10,1,9,10
21,10,1,5,10
21,10,1,2,10
21,10,1,7,10
21,10,1,12,10
21,10,1,4,10
21,10,1,9,10
21,10,1,10,10
21,10,1,9,10
21,10,1,13,10
21,10,1,9,10
21,10,1,13,10
21,10,1,10,10
21,10,1,4,10
21,10,1,4,10
21,10,1,7,10
21,10,1,1,10
21,10,1,15,10
21,10,1,8,10
21,10,1,4,10
21,10,1,7,10
21,10,1,12,10
21,10,1,6,10
21,10,1,9,10
21,10,1,18,10
21,10,1,8,10
21,10,1,6,10
21,10,1,3,10
21,10,1,14,10
21,10,1,8,10
21,10,1,3,10
21,10,1,11,10
21,10,1,9,10
21,11,1,12,11
21,11,1,8,11
21,11,1,2,11
21,11,1,15,11
21,11,0,20,8
21,11,1,8,11
21,11,1,7,11
21,11,1,14,11
21,11,1,2,11
21,11,1,8,11
21,11,1,7,11
21,11,1,10,11
21,11,1,12,11
21,11,1,8,11
21,11,1,15,11
21,11,1,5,11
21,11,1,19,11
21,11,1,3,11
21,11,0,20,9
21,11,1,2,11
21,11,1,4,11
21,11,1,10,11
21,11,1,7,11
21,11,1,9,11
21,11,1,6,11
21,11,1,10,11
21,11,1,8,11
21,11,1,11,11
21,11,1,17,11
21,11,1,10,11
21,11,0,20,9
21,11,1,1,11
21,11,1,11,11
21,11,1,5,11
21,11,1,12,11
21,11,1,14,11
21,11,1,9,11
21,11,1,14,11
21,11,1,14,11
21,11,1,9,11
21,11,1,10,11
21,11,1,13,11
21,11,1,17,11
21,11,1,16,11
21,11,1,13,11
21,11,1,14,11
21,11,1,10,11
21,11,1,9,11
21,11,1,7,11
21,11,1,4,11
21,11,1,5,11
21,11,1,8,11
21,11,1,11,11
21,11,1,17,11
21,11,1,15,11
21,11,1,10,11
21,11,1,6,11
21,11,1,4,11
21,11,1,8,11
21,11,1,8,11
21,11,1,6,11
21,11,1,12,11
21,11,1,4,11
21,11,1,4,11
21,11,1,6,11
21,11,1,3,11
21,11,1,10,11
21,11,1,11,11
21,11,1,17,11
21,11,1,10,11
21,11,1,12,11
21,11,1,9,11
21,11,1,4,11
21,11,1,14,11
21,11,1,8,11
21,11,1,5,11
21,11,1,9,11
21,11,1,9,11
21,11,1,9,11
21,11,1,10,11
21,11,1,9,11
21,11,1,7,11
21,11,1,4,11
21,11,1,10,11
21,11,1,9,11
21,11,1,7,11
21,11,1,11,11
21,11,1,9,11
21,11,1,6,11
21,11,1,16,11
21,11,1,13,11
21,11,1,2,11
21,11,1,6,11
21,11,1,9,11
21,11,1,5,11
21,11,1,6,11
21,11,1,6,11
21,11,1,9,11
21,11,1,10,11
21,11,1,3,11
21,12,1,12,12
21,12,1,1,12
21,12,1,11,12
21,12,1,11,12
21,12,1,10,12
21,12,1,3,12
21,12,1,14,12
21,12,1,13,12
21,12,1,12,12
21,12,1,9,12
21,12,1,2,12
21,12,1,13,12
21,12,1,11,12
21,12,1,16,12
21,12,1,6,12
21,12,1,15,12
21,12,1,15,12
21,12,1,8,12
21,12,1,12,12
21,12,1,13,12
21,12,1,7,12
21,12,1,13,12
21,12,1,10,12
21,12,1,12,12
21,12,1,1,12
21,12,1,6,12
21,12,1,11,12
21,12,1,2,12
21,12,1,10,12
21,12,1,8,12
21,12,1,8,12
21,12,1,14,12
21,12,1,17,12
21,12,1,15,12
21,12,1,9,12
21,12,0,20,11
21,12,1,7,12
21,12,1,8,12
21,12,1,15,12
21,12,1,15,12
21,12,1,11,12
21,12,1,4,12
21,12,1,6,12
21,12,1,10,12
21,12,1,17,12
21,12,1,11,12
21,12,1,12,12
21,12,1,7,12
21,12,1,2,12
21,12,0,20,10
21,12,1,13,12
21,12,1,6,12
21,12,0,20,9
21,12,1,13,12
21,12,1,3,12
21,12,0,20,8
21,12,1,5,12
21,12,1,15,12
21,12,1,16,12
21,12,1,10,12
21,12,1,4,12
21,12,1,7,12
21,12,1,6,12
21,12,1,12,12
21,12,1,14,12
21,12,1,16,12
21,12,1,8,12
21,12,1,12,12
21,12,1,5,12
21,12,0,20,10
21,12,1,3,12
21,12,1,3,12
21,12,1,7,12
21,12,1,3,12
21,12,1,10,12
21,12,1,7,12
21,12,0,20,6
21,12,1,5,12
21,12,1,7,12
21,12,1,10,12
21,12,1,10,12
21,12,1,11,12
21,12,1,7,12
21,12,1,5,12
21,12,1,9,12
21,12,0,20,11
21,12,1,7,12
21,12,1,9,12
21,12,1,10,12
21,12,1,14,12
21,12,1,17,12
21,12,1,18,12
21,12,1,5,12
21,12,1,13,12
21,12,1,10,12
21,12,1,12,12
21,12,1,11,12
21,12,1,10,12
21,12,1,11,12
21,12,1,8,12
21,13,0,20,12
21,13,1,7,13
21,13,1,13,13
21,13,1,9,13
21,13,1,9,13
21,13,1,4,13
21,13,1,6,13
21,13,1,11,13
21,13,1,2,13
21,13,1,16,13
21,13,1,7,13
21,13,1,9,13
21,13,1,4,13
21,13,1,4,13
21,13,1,5,13
21,13,1,11,13
21,13,1,12,13
21,13,1,17,13
21,13,1,12,13
21,13,1,15,13
21,13,1,10,13
21,13,1,15,13
21,13,1,17,13
21,13,1,2,13
21,13,1,6,13
21,13,1,17,13
21,13,0,20,8
21,13,1,9,13
21,13,1,4,13
21,13,1,11,13
21,13,1,13,13
21,13,0,20,12
21,13,1,13,13
21,13,1,15,13
21,13,1,4,13
21,13,1,8,13
21,13,1,6,13
21,13,0,20,11
21,13,1,6,13
21,13,1,5,13
21,13,1,13,13
21,13,1,6,13
21,13,1,4,13
21,13,1,15,13
21,13,1,12,13
21,13,1,6,13
21,13,1,10,13
21,13,1,14,13
21,13,1,10,13
21,13,1,10,13
21,13,1,8,13
21,13,1,15,13
21,13,1,17,13
21,13,0,20,10
21,13,1,7,13
21,13,1,7,13
21,13,1,13,13
21,13,0,20,12
21,13,1,16,13
21,13,1,11,13
21,13,1,10,13
21,13,1,15,13
21,13,1,0,13
21,13,1,13,13
21,13,1,8,13
21,13,0,20,10
21,13,1,11,13
21,13,1,10,13
21,13,1,10,13
21,13,1,10,13
21,13,1,15,13
21,13,1,9,13
21,13,1,2,13
21,13,1,15,13
21,13,1,11,13
21,13,0,20,12
21,13,1,12,13
21,13,0,20,11
21,13,1,8,13
21,13,1,8,13
21,13,1,6,13
21,13,0,20,9
21,13,1,15,13
21,13,1,15,13
21,13,1,6,13
21,13,1,12,13
21,13,1,10,13
21,13,1,8,13
21,13,1,13,13
21,13,0,20,9
21,13,1,4,13
21,13,1,9,13
21,13,1,13,13
21,13,1,4,13
21,13,1,6,13
21,13,1,3,13
21,13,1,12,13
21,13,1,13,13
21,13,1,13,13
21,13,1,13,13
21,14,1,8,14
21,14,0,20,6
21,14,0,20,10
21,14,1,9,14
21,14,1,5,14
21,14,0,20,11
21,14,1,14,14
21,14,1,10,14
21,14,1,5,14
21,14,1,11,14
21,14,1,11,14
21,14,1,9,14
21,14,1,9,14
21,14,1,17,14
21,14,1,6,14
21,14,1,10,14
21,14,1,5,14
21,14,1,6,14
21,14,1,6,14
21,14,1,10,14
21,14,1,7,14
21,14,1,13,14
21,14,1,11,14
21,14,1,13,14
21,14,1,12,14
21,14,1,18,14
21,14,1,4,14
21,14,1,13,14
21,14,1,7,14
21,14,1,16,14
21,14,1,11,14
21,14,1,13,14
21,14,1,9,14
21,14,1,15,14
21,14,1,11,14
21,14,1,14,14
21,14,0,20,10
21,14,1,6,14
21,14,1,16,14
21,14,1,8,14
21,14,1,10,14
21,14,1,11,14
21,14,1,11,14
21,14,1,6,14
21,14,1,8,14
21,14,1,13,14
21,14,1,4,14
21,14,0,20,5
21,14,1,4,14
21,14,1,8,14
21,14,1,5,14
21,14,1,15,14
21,14,1,7,14
21,14,1,17,14
21,14,0,20,10
21,14,1,11,14
21,14,1,10,14
21,14,1,8,14
21,14,0,20,13
21,14,0,20,8
21,14,1,7,14
21,14,1,15,14
21,14,1,12,14
21,14,1,7,14
21,14,1,6,14
21,14,1,13,14
21,14,1,15,14
21,14,1,15,14
21,14,1,5,14
21,14,1,10,14
21,14,1,10,14
21,14,1,9,14
21,14,1,5,14
21,14,1,17,14
21,14,1,10,14
21,14,1,6,14
21,14,1,9,14
21,14,1,13,14
21,14,1,5,14
21,14,1,18,14
21,14,1,14,14
21,14,0,20,11
21,14,0,20,12
21,14,1,12,14
21,14,1,12,14
21,14,1,19,14
21,14,1,10,14
21,14,1,10,14
21,14,1,10,14
21,14,0,20,9
21,14,1,9,14
21,14,1,10,14
21,14,1,12,14
21,14,1,2,14
21,14,1,9,14
21,14,1,8,14
21,14,1,12,14
21,14,1,13,14
21,14,1,8,14
21,14,1,12,14
21,15,1,13,15
21,15,1,15,15
21,15,1,9,15
21,15,1,7,15
21,15,1,17,15
21,15,0,20,7
21,15,1,11,15
21,15,0,20,9
21,15,1,17,15
21,15,1,8,15
21,15,1,14,15
21,15,1,15,15
21,15,1,14,15
21,15,1,7,15
21,15,1,10,15
21,15,1,16,15
21,15,0,20,7
21,15,1,9,15
21,15,1,16,15
21,15,1,11,15
21,15,0,20,8
21,15,1,14,15
21,15,1,13,15
21,15,1,15,15
21,15,1,11,15
21,15,1,17,15
21,15,1,9,15
21,15,1,15,15
21,15,1,11,15
21,15,1,7,15
21,15,0,20,12
21,15,1,5,15
21,15,1,4,15
21,15,1,15,15
21,15,1,3,15
21,15,1,13,15
21,15,0,20,12
21,15,1,8,15
21,15,1,9,15
21,15,1,10,15
21,15,1,11,15
21,15,1,13,15
21,15,1,13,15
21,15,1,16,15
21,15,1,3,15
21,15,1,10,15
21,15,1,14,15
21,15,1,11,15
21,15,1,9,15
21,15,1,15,15
21,15,1,9,15
21,15,1,5,15
21,15,1,13,15
21,15,1,11,15
21,15,0,20,12
21,15,0,20,8
21,15,1,11,15
21,15,1,3,15
21,15,1,7,15
21,15,1,15,15
21,15,1,18,15
21,15,1,7,15
21,15,1,10,15
21,15,1,6,15
21,15,1,17,15
21,15,1,19,15
21,15,1,10,15
21,15,1,16,15
21,15,1,12,15
21,15,1,11,15
21,15,1,6,15
21,15,1,15,15
21,15,1,6,15
21,15,1,13,15
21,15,1,7,15
21,15,1,17,15
21,15,1,11,15
21,15,1,7,15
21,15,1,8,15
21,15,1,12,15
21,15,1,14,15
21,15,1,5,15
21,15,0,20,13
21,15,1,6,15
21,15,1,15,15
21,15,1,3,15
21,15,0,20,12
21,15,1,6,15
21,15,1,8,15
21,15,1,7,15
21,15,1,14,15
21,15,1,12,15
21,15,1,13,15
21,15,1,17,15
21,15,1,12,15
21,15,1,10,15
21,15,1,15,15
21,15,1,13,15
21,15,1,6,15
21,15,1,17,15
21,16,1,12,16
21,16,1,8,16
21,16,1,11,16
21,16,1,10,16
21,16,1,8,16
21,16,1,14,16
21,16,1,15,16
21,16,1,6,16
21,16,1,11,16
21,16,1,19,16
21,16,1,3,16
21,16,1,18,16
21,16,1,18,16
21,16,1,2,16
21,16,1,8,16
21,16,1,12,16
21,16,1,14,16
21,16,1,14,16
21,16,1,9,16
21,16,1,3,16
21,16,1,18,16
21,16,1,9,16
21,16,1,17,16
21,16,1,7,16
21,16,1,13,16
21,16,0,20,10
21,16,1,7,16
21,16,1,11,16
21,16,1,4,16
21,16,1,11,16
21,16,1,15,16
21,16,1,7,16
21,16,1,5,16
21,16,0,20,7
21,16,1,8,16
21,16,0,20,13
21,16,1,11,16
21,16,1,13,16
21,16,1,12,16
21,16,1,11,16
21,16,1,6,16
21,16,1,13,16
21,16,1,9,16
21,16,1,13,16
21,16,0,20,13
21,16,0,20,14
21,16,1,10,16
21,16,1,14,16
21,16,1,6,16
21,16,1,13,16
21,16,0,20,14
21,16,1,10,16
21,16,1,7,16
21,16,1,9,16
21,16,1,10,16
21,16,1,10,16
21,16,1,16,16
21,16,1,19,16
21,16,1,11,16
21,16,0,20,8
21,16,1,10,16
21,16,1,13,16
21,16,1,8,16
21,16,1,16,16
21,16,1,7,16
21,16,0,20,10
21,16,1,15,16
21,16,0,20,15
21,16,1,11,16
21,16,1,6,16
21,16,1,12,16
21,16,1,10,16
21,16,1,10,16
21,16,0,20,14
21,16,1,10,16
21,16,1,14,16
21,16,0,20,11
21,16,1,9,16
21,16,1,17,16
21,16,1,14,16
21,16,1,8,16
21,16,1,8,16
21,16,1,6,16
21,16,1,13,16
21,16,1,11,16
21,16,1,10,16
21,16,1,13,16
21,16,1,3,16
21,16,1,6,16
21,16,1,17,16
21,16,0,20,15
21,16,1,9,16
21,16,0,20,14
21,16,1,5,16
21,16,1,7,16
21,16,1,14,16
21,16,1,13,16
21,16,0,20,13
21,16,0,20,13
21,16,1,17,16
21,17,1,9,17
21,17,0,20,8
21,17,1,10,17
21,17,1,13,17
21,17,1,13,17
21,17,0,20,15
21,17,1,13,17
21,17,1,14,17
21,17,1,14,17
21,17,1,8,17
21,17,1,7,17
21,17,0,20,13
21,17,1,12,17
21,17,1,15,17
21,17,1,11,17
21,17,0,20,11
21,17,1,10,17
21,17,1,16,17
21,17,1,10,17
21,17,0,20,16
21,17,1,17,17
21,17,1,15,17
21,17,1,12,17
21,17,0,20,14
21,17,0,20,14
21,17,0,20,15
21,17,1,18,17
21,17,1,13,17
21,17,1,10,17
21,17,1,5,17
21,17,1,7,17
21,17,1,11,17
21,17,1,14,17
21,17,1,7,17
21,17,1,19,17
21,17,0,20,9
21,17,1,7,17
21,17,0,20,16
21,17,1,11,17
21,17,0,20,16
21,17,1,16,17
21,17,0,20,9
21,17,1,6,17
21,17,1,10,17
21,17,1,9,17
21,17,1,8,17
21,17,1,8,17
21,17,1,17,17
21,17,1,16,17
21,17,1,9,17
21,17,0,20,13
21,17,1,9,17
21,17,1,11,17
21,17,1,12,17
21,17,1,7,17
21,17,0,20,6
21,17,1,9,17
21,17,1,2,17
21,17,0,20,11
21,17,1,14,17
21,17,1,9,17
21,17,1,10,17
21,17,1,11,17
21,17,1,11,17
21,17,1,14,17
21,17,1,14,17
21,17,1,16,17
21,17,1,19,17
21,17,1,8,17
21,17,1,7,17
21,17,1,15,17
21,17,1,9,17
21,17,1,7,17
21,17,1,13,17
21,17,1,17,17
21,17,1,10,17
21,17,0,20,14
21,17,0,20,13
21,17,1,17,17
21,17,1,8,17
21,17,1,13,17
21,17,1,12,17
21,17,1,10,17
21,17,1,8,17
21,17,1,10,17
21,17,1,14,17
21,17,1,18,17
21,17,1,19,17
21,17,1,17,17
21,17,0,20,14
21,17,1,3,17
21,17,1,10,17
21,17,1,13,17
21,17,1,11,17
21,17,1,5,17
21,17,1,9,17
21,17,1,14,17
21,17,1,10,17
21,17,0,20,16
21,17,1,14,17
21,18,1,16,18
21,18,1,8,18
21,18,1,7,18
21,18,0,20,12
21,18,1,10,18
21,18,0,20,15
21,18,1,8,18
21,18,0,20,11
21,18,1,19,18
21,18,1,13,18
21,18,0,20,11
21,18,1,9,18
21,18,1,9,18
21,18,1,11,18
21,18,1,17,18
21,18,1,11,18
21,18,1,15,18
21,18,1,11,18
21,18,1,10,18
21,18,1,12,18
21,18,1,10,18
21,18,1,9,18
21,18,1,8,18
21,18,0,20,11
21,18,1,18,18
21,18,1,14,18
21,18,1,17,18
21,18,1,16,18
21,18,1,4,18
21,18,0,20,16
21,18,0,20,17
21,18,1,8,18
21,18,1,11,18
21,18,1,9,18
21,18,1,12,18
21,18,1,18,18
21,18,1,11,18
21,18,1,19,18
21,18,1,18,18
21,18,1,17,18
21,18,1,10,18
21,18,1,6,18
21,18,1,18,18
21,18,1,17,18
21,18,1,16,18
21,18,0,20,13
21,18,1,13,18
21,18,1,10,18
21,18,1,18,18
21,18,1,17,18
21,18,1,5,18
21,18,1,16,18
21,18,1,15,18
21,18,1,13,18
21,18,1,12,18
21,18,1,12,18
21,18,1,11,18
21,18,1,17,18
21,18,1,12,18
21,18,0,20,12
21,18,1,19,18
21,18,1,15,18
21,18,1,15,18
21,18,0,20,12
21,18,1,9,18
21,18,1,9,18
21,18,1,16,18
21,18,1,16,18
21,18,1,9,18
21,18,1,15,18
21,18,0,20,15
21,18,1,12,18
21,18,1,16,18
21,18,1,17,18
21,18,1,18,18
21,18,0,20,10
21,18,0,20,13
21,18,1,18,18
21,18,0,20,12
21,18,0,20,14
21,18,1,12,18
21,18,1,18,18
21,18,1,16,18
21,18,1,14,18
21,18,1,5,18
21,18,1,8,18
21,18,0,20,12
21,18,1,16,18
21,18,1,8,18
21,18,0,20,15
21,18,0,20,12
21,18,1,9,18
21,18,1,11,18
21,18,1,12,18
21,18,0,20,9
21,18,1,12,18
21,18,1,10,18
21,18,1,7,18
21,18,1,13,18
21,18,0,20,11
21,19,1,11,19
21,19,1,17,19
21,19,1,7,19
21,19,0,20,16
21,19,0,20,12
21,19,1,12,19
21,19,1,5,19
21,19,1,7,19
21,19,1,7,19
21,19,1,8,19
21,19,1,11,19
21,19,1,13,19
21,19,1,8,19
21,19,1,9,19
21,19,1,16,19
21,19,1,18,19
21,19,1,12,19
21,19,0,20,17
21,19,1,17,19
21,19,1,11,19
21,19,1,9,19
21,19,1,13,19
21,19,1,7,19
21,19,0,20,15
21,19,1,17,19
21,19,1,13,19
21,19,1,10,19
21,19,0,20,12
21,19,0,20,12
21,19,0,20,17
21,19,0,20,11
21,19,1,5,19
21,19,1,12,19
21,19,0,20,15
21,19,0,20,15
21,19,1,16,19
21,19,1,12,19
21,19,1,13,19
21,19,1,15,19
21,19,1,12,19
21,19,0,20,10
21,19,1,13,19
21,19,0,20,12
21,19,0,20,16
21,19,1,10,19
21,19,1,11,19
21,19,0,20,15
21,19,1,16,19
21,19,0,20,14
21,19,0,20,17
21,19,1,10,19
21,19,0,20,18
21,19,1,13,19
21,19,1,3,19
21,19,1,8,19
21,19,1,5,19
21,19,1,10,19
21,19,1,14,19
21,19,1,6,19
21,19,1,17,19
21,19,1,7,19
21,19,1,13,19
21,19,1,18,19
21,19,1,12,19
21,19,1,14,19
21,19,1,17,19
21,19,1,8,19
21,19,1,12,19
21,19,1,16,19
21,19,1,13,19
21,19,0,20,12
21,19,1,15,19
21,19,1,8,19
21,19,1,10,19
21,19,0,20,11
21,19,1,15,19
21,19,0,20,11
21,19,1,18,19
21,19,0,20,10
21,19,0,20,10
21,19,1,11,19
21,19,1,17,19
21,19,1,6,19
21,19,1,10,19
21,19,1,10,19
21,19,1,13,19
21,19,0,20,14
21,19,1,16,19
21,19,0,20,17
21,19,1,15,19
21,19,0,20,17
21,19,0,20,18
21,19,1,16,19
21,19,1,18,19
21,19,0,20,15
21,19,0,20,9
21,19,1,15,19
21,19,0,20,14
21,19,0,20,9
21,19,0,20,16
21,20,0,20,18
21,20,1,12,20
21,20,1,10,20
21,20,1,13,20
21,20,1,16,20
21,20,1,13,20
21,20,0,20,15
21,20,1,9,20
21,20,1,16,20
21,20,0,20,17
21,20,1,18,20
21,20,1,12,20
21,20,1,7,20
21,20,1,15,20
21,20,1,19,20
21,20,1,12,20
21,20,1,14,20
21,20,0,20,18
21,20,0,20,16
21,20,0,20,18
21,20,0,20,17
21,20,1,15,20
21,20,0,20,8
21,20,1,13,20
21,20,1,19,20
21,20,1,12,20
21,20,0,20,9
21,20,1,8,20
21,20,1,16,20
21,20,1,17,20
21,20,1,15,20
21,20,0,20,7
21,20,1,16,20
21,20,1,19,20
21,20,0,20,13
21,20,1,13,20
21,20,1,17,20
21,20,1,10,20
21,20,0,20,19
21,20,1,10,20
21,20,0,20,10
21,20,1,12,20
21,20,1,15,20
21,20,1,8,20
21,20,0,20,12
21,20,1,8,20
21,20,1,6,20
21,20,0,20,17
21,20,0,20,17
21,20,0,20,17
21,20,1,14,20
21,20,0,20,16
21,20,0,20,17
21,20,1,17,20
21,20,1,15,20
21,20,0,20,13
21,20,0,20,16
21,20,0,20,13
21,20,0,20,10
21,20,1,15,20
21,20,0,20,15
21,20,0,20,5
21,20,1,5,20
21,20,0,20,13
21,20,1,14,20
21,20,1,5,20
21,20,1,18,20
21,20,0,20,14
21,20,1,11,20
21,20,0,20,18
21,20,1,10,20
21,20,0,20,18
21,20,1,9,20
21,20,1,5,20
21,20,1,14,20
21,20,0,20,12
21,20,0,20,13
21,20,1,10,20
21,20,1,8,20
21,20,0,20,14
21,20,1,12,20
21,20,1,6,20
21,20,1,16,20
21,20,1,16,20
21,20,1,14,20
21,20,0,20,17
21,20,1,14,20
21,20,0,20,19
21,20,1,15,20
21,20,1,14,20
21,20,1,11,20
21,20,0,20,12
21,20,1,15,20
21,20,0,20,16
21,20,0,20,16
21,20,1,13,20
21,20,0,20,14
21,20,1,17,20
21,20,0,20,13
21,20,1,9,20
22,1,1,1,1
22,1,1,0,1
22,1,1,0,1
22,1,1,1,1
22,1,1,4,1
22,1,1,0,1
22,1,1,0,1
22,1,1,0,1
22,1,1,0,1
22,1,1,1,1
22,1,1,0,1
22,1,1,0,1
22,1,1,0,1
22,1,1,0,1
22,1,1,0,1
22,1,1,1,1
22,1,1,1,1
22,1,1,0,1
22,1,1,2,1
22,1,1,1,1
22,1,1,1,1
22,1,1,0,1
22,1,1,0,1
22,1,1,0,1
22,1,1,0,1
22,1,1,0,1
22,1,1,0,1
22,1,1,1,1
22,1,1,0,1
22,1,1,0,1
22,1,1,1,1
22,1,1,0,1
22,1,1,0,1
22,1,1,1,1
22,1,1,0,1
22,1,1,0,1
22,1,1,0,1
22,1,1,0,1
22,1,1,0,1
22,1,1,1,1
22,1,1,0,1
22,1,1,0,1
22,1,1,0,1
22,1,1,0,1
22,1,1,1,1
22,1,1,0,1
22,1,1,0,1
22,1,1,1,1
22,1,1,0,1
22,1,1,0,1
22,1,1,0,1
22,1,1,1,1
22,1,1,0,1
22,1,1,0,1
22,1,1,1,1
22,1,1,0,1
22,1,1,0,1
22,1,1,0,1
22,1,1,0,1
22,1,1,0,1
22,1,1,0,1
22,1,1,0,1
22,1,1,0,1
22,1,1,1,1
22,1,1,0,1
22,1,1,0,1
22,1,1,0,1
22,1,1,0,1
22,1,1,0,1
22,1,1,1,1
22,1,1,1,1
22,1,1,0,1
22,1,1,0,1
22,1,1,0,1
22,1,1,1,1
22,1,1,0,1
22,1,1,0,1
22,1,1,0,1
22,1,1,0,1
22,1,1,0,1
22,1,1,2,1
22,1,1,0,1
22,1,1,0,1
22,1,1,0,1
22,1,1,1,1
22,1,1,0,1
22,1,1,1,1
22,1,1,3,1
22,1,1,0,1
22,1,1,2,1
22,1,1,0,1
22,1,1,0,1
22,1,1,4,1
22,1,1,1,1
22,1,1,0,1
22,1,1,0,1
22,1,1,0,1
22,1,1,0,1
22,1,1,0,1
22,1,1,0,1
22,2,1,1,2
22,2,1,0,2
22,2,1,2,2
22,2,1,0,2
22,2,1,2,2
22,2,1,3,2
22,2,1,1,2
22,2,1,1,2
22,2,1,4,2
22,2,1,1,2
22,2,1,0,2
22,2,1,1,2
22,2,1,2,2
22,2,1,5,2
22,2,1,1,2
22,2,1,4,2
22,2,1,0,2
22,2,1,1,2
22,2,1,0,2
22,2,1,1,2
22,2,1,4,2
22,2,1,0,2
22,2,1,2,2
22,2,1,0,2
22,2,1,0,2
22,2,1,3,2
22,2,1,0,2
22,2,1,1,2
22,2,1,2,2
22,2,1,2,2
22,2,1,2,2
22,2,1,0,2
22,2,1,1,2
22,2,1,0,2
22,2,1,1,2
22,2,1,0,2
22,2,1,1,2
22,2,1,2,2
22,2,1,0,2
22,2,1,2,2
22,2,1,4,2
22,2,1,4,2
22,2,1,5,2
22,2,1,4,2
22,2,1,1,2
22,2,1,1,2
22,2,1,0,2
22,2,1,2,2
22,2,1,2,2
22,2,1,0,2
22,2,1,2,2
22,2,1,0,2
22,2,1,0,2
22,2,1,2,2
22,2,1,1,2
22,2,1,3,2
22,2,1,3,2
22,2,1,2,2
22,2,1,3,2
22,2,1,2,2
22,2,1,0,2
22,2,1,0,2
22,2,1,0,2
22,2,1,1,2
22,2,1,2,2
22,2,1,8,2
22,2,1,1,2
22,2,1,2,2
22,2,1,2,2
22,2,1,0,2
22,2,1,1,2
22,2,1,0,2
22,2,1,2,2
22,2,1,0,2
22,2,1,0,2
22,2,1,2,2
22,2,1,0,2
22,2,1,3,2
22,2,1,1,2
22,2,1,0,2
22,2,1,0,2
22,2,1,1,2
22,2,1,0,2
22,2,1,2,2
22,2,1,0,2
22,2,1,0,2
22,2,1,2,2
22,2,1,0,2
22,2,1,0,2
22,2,1,1,2
22,2,1,1,2
22,2,1,4,2
22,2,1,0,2
22,2,1,0,2
22,2,1,0,2
22,2,1,1,2
22,2,1,6,2
22,2,1,1,2
22,2,1,0,2
22,2,1,3,2
22,3,1,0,3
22,3,1,2,3
22,3,1,3,3
22,3,1,3,3
22,3,1,0,3
22,3,1,0,3
22,3,1,0,3
22,3,1,3,3
22,3,1,2,3
22,3,1,1,3
22,3,1,4,3
22,3,1,7,3
22,3,1,1,3
22,3,1,1,3
22,3,1,1,3
22,3,1,1,3
22,3,1,1,3
22,3,1,1,3
22,3,1,1,3
22,3,1,3,3
22,3,1,5,3
22,3,1,4,3
22,3,1,7,3
22,3,1,1,3
22,3,1,0,3
22,3,1,3,3
22,3,1,0,3
22,3,1,0,3
22,3,1,1,3
22,3,1,0,3
22,3,1,0,3
22,3,1,2,3
22,3,1,2,3
22,3,1,3,3
22,3,1,2,3
22,3,1,0,3
22,3,1,2,3
22,3,1,1,3
22,3,1,0,3
22,3,1,0,3
22,3,1,5,3
22,3,1,3,3
22,3,1,7,3
22,3,1,4,3
22,3,1,3,3
22,3,1,0,3
22,3,1,1,3
22,3,1,0,3
22,3,1,2,3
22,3,1,0,3
22,3,1,2,3
22,3,1,2,3
22,3,1,6,3
22,3,1,1,3
22,3,1,0,3
22,3,1,2,3
22,3,1,0,3
22,3,1,1,3
22,3,1,1,3
22,3,1,1,3
22,3,1,2,3
22,3,1,3,3
22,3,1,5,3
22,3,1,4,3
22,3,1,0,3
22,3,1,0,3
22,3,1,0,3
22,3,1,1,3
22,3,1,5,3
22,3,1,1,3
22,3,1,2,3
22,3,1,0,3
22,3,1,0,3
22,3,1,0,3
22,3,1,2,3
22,3,1,1,3
22,3,1,4,3
22,3,1,0,3
22,3,1,3,3
22,3,1,1,3
22,3,1,3,3
22,3,1,0,3
22,3,1,1,3
22,3,1,0,3
22,3,1,0,3
22,3,1,0,3
22,3,1,3,3
22,3,1,0,3
22,3,1,2,3
22,3,1,0,3
22,3,1,0,3
22,3,1,3,3
22,3,1,1,3
22,3,1,2,3
22,3,1,4,3
22,3,1,3,3
22,3,1,2,3
22,3,1,2,3
22,3,1,3,3
22,3,1,3,3
22,4,1,7,4
22,4,1,4,4
22,4,1,9,4
22,4,1,7,4
22,4,1,3,4
22,4,1,4,4
22,4,1,4,4
22,4,1,3,4
22,4,1,1,4
22,4,1,7,4
22,4,1,0,4
22,4,1,4,4
22,4,1,0,4
22,4,1,4,4
22,4,1,3,4
22,4,1,0,4
22,4,1,1,4
22,4,1,1,4
22,4,1,4,4
22,4,1,4,4
22,4,1,3,4
22,4,1,4,4
22,4,1,5,4
22,4,1,2,4
22,4,1,2,4
22,4,1,3,4
22,4,1,3,4
22,4,1,1,4
22,4,1,7,4
22,4,1,5,4
22,4,1,6,4
22,4,1,2,4
22,4,1,0,4
22,4,1,3,4
22,4,1,4,4
22,4,1,4,4
22,4,1,14,4
22,4,1,0,4
22,4,1,6,4
22,4,1,2,4
22,4,1,6,4
22,4,1,8,4
22,4,1,8,4
22,4,1,1,4
22,4,1,0,4
22,4,1,3,4
22,4,1,2,4
22,4,1,0,4
22,4,1,4,4
22,4,1,0,4
22,4,1,4,4
22,4,1,4,4
22,4,1,0,4
22,4,1,3,4
22,4,1,0,4
22,4,1,1,4
22,4,1,4,4
22,4,1,4,4
22,4,1,3,4
22,4,1,2,4
22,4,1,4,4
22,4,1,8,4
22,4,1,3,4
22,4,1,0,4
22,4,1,4,4
22,4,1,1,4
22,4,1,0,4
22,4,1,3,4
22,4,1,0,4
22,4,1,0,4
22,4,1,1,4
22,4,1,3,4
22,4,1,1,4
22,4,1,0,4
22,4,1,5,4
22,4,1,8,4
22,4,1,5,4
22,4,1,2,4
22,4,1,5,4
22,4,1,3,4
22,4,1,1,4
22,4,1,2,4
22,4,1,2,4
22,4,1,5,4
22,4,1,1,4
22,4,1,5,4
22,4,1,2,4
22,4,1,0,4
22,4,1,2,4
22,4,1,1,4
22,4,1,0,4
22,4,1,2,4
22,4,1,3,4
22,4,1,2,4
22,4,1,0,4
22,4,1,1,4
22,4,1,4,4
22,4,1,0,4
22,4,1,6,4
22,4,1,2,4
22,5,1,5,5
22,5,1,0,5
22,5,1,0,5
22,5,1,2,5
22,5,1,8,5
22,5,1,0,5
22,5,1,4,5
22,5,1,7,5
22,5,1,15,5
22,5,1,3,5
22,5,1,6,5
22,5,1,5,5
22,5,1,6,5
22,5,1,8,5
22,5,1,2,5
22,5,1,8,5
22,5,1,7,5
22,5,1,4,5
22,5,1,3,5
22,5,1,7,5
22,5,1,4,5
22,5,1,2,5
22,5,1,0,5
22,5,1,5,5
22,5,1,1,5
22,5,1,5,5
22,5,1,10,5
22,5,1,8,5
22,5,1,13,5
22,5,1,6,5
22,5,1,9,5
22,5,1,5,5
22,5,1,10,5
22,5,1,7,5
22,5,1,3,5
22,5,1,4,5
22,5,1,4,5
22,5,1,4,5
22,5,1,1,5
22,5,1,0,5
22,5,1,4,5
22,5,1,2,5
22,5,1,1,5
22,5,1,4,5
22,5,1,3,5
22,5,1,3,5
22,5,1,5,5
22,5,1,2,5
22,5,1,3,5
22,5,1,1,5
22,5,1,4,5
22,5,1,6,5
22,5,1,3,5
22,5,1,4,5
22,5,1,1,5
22,5,1,6,5
22,5,1,8,5
22,5,1,3,5
22,5,1,9,5
22,5,1,11,5
22,5,1,1,5
22,5,1,3,5
22,5,1,8,5
22,5,1,13,5
22,5,1,2,5
22,5,1,2,5
22,5,1,4,5
22,5,1,1,5
22,5,1,0,5
22,5,1,3,5
22,5,1,1,5
22,5,1,10,5
22,5,1,2,5
22,5,1,2,5
22,5,1,11,5
22,5,1,7,5
22,5,1,2,5
22,5,1,2,5
22,5,1,3,5
22,5,1,2,5
22,5,1,4,5
22,5,1,6,5
22,5,1,3,5
22,5,1,12,5
22,5,1,0,5
22,5,1,1,5
22,5,1,3,5
22,5,1,2,5
22,5,1,5,5
22,5,1,4,5
22,5,1,3,5
22,5,1,3,5
22,5,1,5,5
22,5,1,5,5
22,5,1,5,5
22,5,1,11,5
22,5,1,3,5
22,5,1,7,5
22,5,1,3,5
22,5,1,11,5
22,6,1,8,6
22,6,1,5,6
22,6,1,14,6
22,6,1,1,6
22,6,1,9,6
22,6,1,9,6
22,6,1,3,6
22,6,1,9,6
22,6,1,11,6
22,6,1,3,6
22,6,1,4,6
22,6,1,8,6
22,6,1,2,6
22,6,1,6,6
22,6,1,6,6
22,6,1,0,6
22,6,1,3,6
22,6,1,11,6
22,6,1,1,6
22,6,1,2,6
22,6,1,14,6
22,6,1,4,6
22,6,1,7,6
22,6,1,9,6
22,6,1,4,6
22,6,1,5,6
22,6,1,5,6
22,6,1,2,6
22,6,1,4,6
22,6,1,2,6
22,6,1,4,6
22,6,1,6,6
22,6,1,5,6
22,6,1,9,6
22,6,1,3,6
22,6,1,3,6
22,6,1,1,6
22,6,1,5,6
22,6,1,2,6
22,6,1,4,6
22,6,1,8,6
22,6,1,1,6
22,6,1,4,6
22,6,1,16,6
22,6,1,10,6
22,6,1,3,6
22,6,1,1,6
22,6,1,5,6
22,6,1,2,6
22,6,1,1,6
22,6,1,3,6
22,6,1,2,6
22,6,1,5,6
22,6,1,0,6
22,6,1,1,6
22,6,1,11,6
22,6,1,7,6
22,6,1,11,6
22,6,1,2,6
22,6,1,1,6
22,6,1,7,6
22,6,1,9,6
22,6,1,7,6
22,6,1,6,6
22,6,1,12,6
22,6,1,8,6
22,6,1,1,6
22,6,1,2,6
22,6,1,1,6
22,6,1,2,6
22,6,1,3,6
22,6,1,7,6
22,6,1,4,6
22,6,1,2,6
22,6,1,6,6
22,6,1,5,6
22,6,1,5,6
22,6,1,11,6
22,6,1,0,6
22,6,1,9,6
22,6,1,6,6
22,6,1,6,6
22,6,1,6,6
22,6,1,3,6
22,6,1,4,6
22,6,1,2,6
22,6,1,2,6
22,6,1,1,6
22,6,1,1,6
22,6,1,5,6
22,6,1,3,6
22,6,1,2,6
22,6,1,5,6
22,6,1,9,6
22,6,1,10,6
22,6,1,5,6
22,6,1,1,6
22,6,1,4,6
22,6,1,5,6
22,6,1,3,6
22,7,1,5,7
22,7,1,4,7
22,7,1,4,7
22,7,1,6,7
22,7,1,6,7
22,7,1,5,7
22,7,1,3,7
22,7,1,6,7
22,7,1,1,7
22,7,1,1,7
22,7,1,3,7
22,7,1,6,7
22,7,1,7,7
22,7,1,6,7
22,7,1,5,7
22,7,1,4,7
22,7,1,4,7
22,7,1,4,7
22,7,1,12,7
22,7,1,6,7
22,7,1,6,7
22,7,1,10,7
22,7,1,9,7
22,7,1,11,7
22,7,1,2,7
22,7,1,16,7
22,7,1,4,7
22,7,1,8,7
22,7,1,12,7
22,7,1,5,7
22,7,1,0,7
22,7,1,6,7
22,7,1,1,7
22,7,1,5,7
22,7,1,9,7
22,7,1,3,7
22,7,1,4,7
22,7,1,10,7
22,7,1,15,7
22,7,1,6,7
22,7,1,9,7
22,7,1,5,7
22,7,1,10,7
22,7,1,6,7
22,7,1,7,7
22,7,1,5,7
22,7,1,12,7
22,7,1,4,7
22,7,1,5,7
22,7,1,6,7
22,7,1,9,7
22,7,1,2,7
22,7,1,3,7
22,7,1,7,7
22,7,1,9,7
22,7,1,2,7
22,7,1,9,7
22,7,1,9,7
22,7,1,4,7
22,7,1,1,7
22,7,1,5,7
22,7,1,4,7
22,7,1,3,7
22,7,1,5,7
22,7,1,5,7
22,7,1,2,7
22,7,1,5,7
22,7,1,5,7
22,7,1,5,7
22,7,1,7,7
22,7,1,3,7
22,7,1,9,7
22,7,1,3,7
22,7,1,4,7
22,7,1,10,7
22,7,1,7,7
22,7,0,21,4
22,7,1,4,7
22,7,1,6,7
22,7,1,5,7
22,7,1,10,7
22,7,1,1,7
22,7,1,3,7
22,7,1,1,7
22,7,1,2,7
22,7,1,6,7
22,7,1,5,7
22,7,1,2,7
22,7,1,2,7
22,7,1,3,7
22,7,1,10,7
22,7,1,5,7
22,7,1,9,7
22,7,1,9,7
22,7,1,4,7
22,7,1,9,7
22,7,1,5,7
22,7,1,5,7
22,7,1,9,7
22,7,1,1,7
22,8,1,3,8
22,8,1,2,8
22,8,1,14,8
22,8,1,11,8
22,8,1,4,8
22,8,1,4,8
22,8,1,14,8
22,8,1,4,8
22,8,1,5,8
22,8,1,8,8
22,8,1,4,8
22,8,1,1,8
22,8,1,6,8
22,8,1,5,8
22,8,1,4,8
22,8,1,4,8
22,8,1,14,8
22,8,1,7,8
22,8,1,8,8
22,8,1,6,8
22,8,1,5,8
22,8,1,6,8
22,8,1,6,8
22,8,1,1,8
22,8,1,5,8
22,8,1,1,8
22,8,1,12,8
22,8,1,7,8
22,8,1,7,8
22,8,1,3,8
22,8,1,0,8
22,8,1,2,8
22,8,1,5,8
22,8,1,9,8
22,8,1,7,8
22,8,1,5,8
22,8,1,2,8
22,8,1,3,8
22,8,1,2,8
22,8,1,2,8
22,8,1,7,8
22,8,0,21,6
22,8,1,3,8
22,8,1,6,8
22,8,1,4,8
22,8,1,1,8
22,8,1,2,8
22,8,1,10,8
22,8,1,5,8
22,8,1,3,8
22,8,1,3,8
22,8,1,6,8
22,8,1,5,8
22,8,1,15,8
22,8,1,11,8
22,8,1,11,8
22,8,1,9,8
22,8,1,10,8
22,8,1,8,8
22,8,1,7,8
22,8,1,5,8
22,8,1,7,8
22,8,1,6,8
22,8,1,8,8
22,8,1,2,8
22,8,1,6,8
22,8,1,10,8
22,8,1,7,8
22,8,1,4,8
22,8,1,5,8
22,8,1,7,8
22,8,1,9,8
22,8,1,3,8
22,8,1,9,8
22,8,1,19,8
22,8,1,6,8
22,8,1,4,8
22,8,1,4,8
22,8,1,3,8
22,8,1,10,8
22,8,1,5,8
22,8,1,14,8
22,8,1,2,8
22,8,1,5,8
22,8,1,12,8
22,8,1,5,8
22,8,1,10,8
22,8,1,1,8
22,8,1,2,8
22,8,1,13,8
22,8,1,6,8
22,8,1,7,8
22,8,1,7,8
22,8,1,4,8
22,8,1,4,8
22,8,1,6,8
22,8,1,6,8
22,8,1,10,8
22,8,1,3,8
22,8,1,3,8
22,9,1,8,9
22,9,1,6,9
22,9,1,15,9
22,9,1,15,9
22,9,1,5,9
22,9,1,11,9
22,9,1,3,9
22,9,1,7,9
22,9,1,10,9
22,9,1,3,9
22,9,1,5,9
22,9,1,10,9
22,9,1,5,9
22,9,1,9,9
22,9,1,11,9
22,9,1,10,9
22,9,1,1,9
22,9,1,18,9
22,9,1,2,9
22,9,1,4,9
22,9,1,11,9
22,9,1,7,9
22,9,1,6,9
22,9,1,11,9
22,9,1,12,9
22,9,1,2,9
22,9,1,5,9
22,9,1,4,9
22,9,1,3,9
22,9,1,10,9
22,9,1,7,9
22,9,1,6,9
22,9,1,0,9
22,9,1,11,9
22,9,1,6,9
22,9,1,5,9
22,9,1,7,9
22,9,1,7,9
22,9,1,8,9
22,9,1,15,9
22,9,1,16,9
22,9,1,8,9
22,9,1,2,9
22,9,1,4,9
22,9,1,7,9
22,9,1,8,9
22,9,1,3,9
22,9,1,4,9
22,9,1,8,9
22,9,1,9,9
22,9,1,13,9
22,9,1,12,9
22,9,1,15,9
22,9,1,8,9
22,9,1,9,9
22,9,1,11,9
22,9,1,2,9
22,9,1,14,9
22,9,1,14,9
22,9,1,7,9
22,9,1,4,9
22,9,1,5,9
22,9,1,4,9
22,9,1,8,9
22,9,1,5,9
22,9,1,15,9
22,9,1,5,9
22,9,1,9,9
22,9,1,6,9
22,9,1,11,9
22,9,1,2,9
22,9,1,7,9
22,9,1,4,9
22,9,1,7,9
22,9,1,7,9
22,9,1,5,9
22,9,1,9,9
22,9,1,10,9
22,9,1,15,9
22,9,1,7,9
22,9,1,8,9
22,9,1,12,9
22,9,1,5,9
22,9,1,16,9
22,9,1,8,9
22,9,1,5,9
22,9,1,0,9
22,9,1,10,9
22,9,1,12,9
22,9,1,3,9
22,9,1,10,9
22,9,1,6,9
22,9,1,11,9
22,9,1,9,9
22,9,1,1,9
22,9,1,4,9
22,9,1,5,9
22,9,1,3,9
22,9,0,21,6
22,9,1,4,9
22,10,1,10,10
22,10,1,10,10
22,10,1,9,10
22,10,1,12,10
22,10,1,9,10
22,10,1,2,10
22,10,1,7,10
22,10,1,10,10
22,10,1,10,10
22,10,1,7,10
22,10,1,10,10
22,10,1,4,10
22,10,1,7,10
22,10,1,14,10
22,10,1,6,10
22,10,1,4,10
22,10,1,3,10
22,10,1,2,10
22,10,1,4,10
22,10,1,2,10
22,10,1,5,10
22,10,1,12,10
22,10,0,21,4
22,10,1,3,10
22,10,1,8,10
22,10,1,4,10
22,10,1,6,10
22,10,1,4,10
22,10,1,18,10
22,10,1,11,10
22,10,1,4,10
22,10,1,13,10
22,10,1,4,10
22,10,1,8,10
22,10,1,7,10
22,10,1,6,10
22,10,1,6,10
22,10,1,3,10
22,10,1,5,10
22,10,1,5,10
22,10,1,6,10
22,10,1,2,10
22,10,1,1,10
22,10,1,7,10
22,10,1,5,10
22,10,1,7,10
22,10,1,11,10
22,10,1,5,10
22,10,1,5,10
22,10,1,9,10
22,10,1,9,10
22,10,1,5,10
22,10,1,6,10
22,10,1,8,10
22,10,1,7,10
22,10,1,0,10
22,10,0,21,7
22,10,1,5,10
22,10,1,15,10
22,10,1,5,10
22,10,1,18,10
22,10,1,11,10
22,10,1,7,10
22,10,1,6,10
22,10,1,4,10
22,10,1,7,10
22,10,1,13,10
22,10,1,15,10
22,10,1,5,10
22,10,1,6,10
22,10,1,5,10
22,10,1,10,10
22,10,1,9,10
22,10,1,10,10
22,10,1,13,10
22,10,1,2,10
22,10,1,10,10
22,10,1,13,10
22,10,1,4,10
22,10,1,0,10
22,10,1,8,10
22,10,1,10,10
22,10,1,9,10
22,10,1,7,10
22,10,1,7,10
22,10,1,17,10
22,10,1,14,10
22,10,1,13,10
22,10,1,12,10
22,10,1,10,10
22,10,1,3,10
22,10,1,4,10
22,10,0,21,8
22,10,1,8,10
22,10,1,9,10
22,10,1,13,10
22,10,1,6,10
22,10,1,5,10
22,10,1,10,10
22,10,1,3,10
22,11,1,6,11
22,11,1,8,11
22,11,1,11,11
22,11,1,8,11
22,11,1,10,11
22,11,1,12,11
22,11,1,12,11
22,11,1,9,11
22,11,1,17,11
22,11,1,2,11
22,11,1,14,11
22,11,1,4,11
22,11,1,6,11
22,11,1,6,11
22,11,1,7,11
22,11,1,10,11
22,11,1,12,11
22,11,1,7,11
22,11,1,4,11
22,11,1,5,11
22,11,1,12,11
22,11,1,7,11
22,11,1,7,11
22,11,1,16,11
22,11,1,7,11
22,11,1,7,11
22,11,1,5,11
22,11,1,6,11
22,11,1,6,11
22,11,1,18,11
22,11,1,5,11
22,11,1,9,11
22,11,1,7,11
22,11,1,11,11
22,11,1,5,11
22,11,1,9,11
22,11,1,10,11
22,11,1,9,11
22,11,1,9,11
22,11,1,17,11
22,11,1,13,11
22,11,1,11,11
22,11,1,11,11
22,11,1,19,11
22,11,1,20,11
22,11,1,5,11
22,11,1,9,11
22,11,1,4,11
22,11,1,8,11
22,11,1,12,11
22,11,1,13,11
22,11,1,7,11
22,11,1,2,11
22,11,1,7,11
22,11,1,6,11
22,11,1,6,11
22,11,1,5,11
22,11,1,16,11
22,11,1,10,11
22,11,1,4,11
22,11,1,12,11
22,11,1,10,11
22,11,1,10,11
22,11,1,9,11
22,11,1,13,11
22,11,1,9,11
22,11,1,6,11
22,11,1,16,11
22,11,1,17,11
22,11,1,5,11
22,11,1,3,11
22,11,1,3,11
22,11,1,10,11
22,11,1,14,11
22,11,1,13,11
22,11,1,10,11
22,11,1,8,11
22,11,0,21,7
22,11,1,11,11
22,11,1,10,11
22,11,1,11,11
22,11,1,6,11
22,11,1,7,11
22,11,1,20,11
22,11,1,5,11
22,11,1,12,11
22,11,1,7,11
22,11,1,5,11
22,11,1,5,11
22,11,1,16,11
22,11,1,6,11
22,11,1,4,11
22,11,1,10,11
22,11,1,5,11
22,11,1,5,11
22,11,1,11,11
22,11,1,8,11
22,11,1,7,11
22,11,1,15,11
22,11,1,2,11
22,12,1,7,12
22,12,1,8,12
22,12,1,9,12
22,12,1,6,12
22,12,1,15,12
22,12,1,1,12
22,12,1,11,12
22,12,1,11,12
22,12,1,9,12
22,12,1,6,12
22,12,1,9,12
22,12,1,10,12
22,12,1,10,12
22,12,1,12,12
22,12,1,14,12
22,12,1,9,12
22,12,1,8,12
22,12,1,17,12
22,12,1,14,12
22,12,1,6,12
22,12,1,6,12
22,12,1,13,12
22,12,1,13,12
22,12,1,11,12
22,12,1,9,12
22,12,0,21,10
22,12,1,10,12
22,12,1,11,12
22,12,1,5,12
22,12,1,7,12
22,12,1,11,12
22,12,1,7,12
22,12,1,8,12
22,12,1,0,12
22,12,1,10,12
22,12,1,12,12
22,12,1,11,12
22,12,1,10,12
22,12,1,8,12
22,12,1,14,12
22,12,1,12,12
22,12,1,11,12
22,12,1,14,12
22,12,1,11,12
22,12,1,18,12
22,12,1,14,12
22,12,1,2,12
22,12,1,6,12
22,12,1,11,12
22,12,1,14,12
22,12,1,11,12
22,12,1,13,12
22,12,1,10,12
22,12,1,10,12
22,12,1,9,12
22,12,1,6,12
22,12,1,13,12
22,12,0,21,10
22,12,1,8,12
22,12,1,16,12
22,12,1,7,12
22,12,1,10,12
22,12,1,8,12
22,12,1,5,12
22,12,1,3,12
22,12,1,8,12
22,12,1,9,12
22,12,1,11,12
22,12,1,17,12
22,12,1,8,12
22,12,1,12,12
22,12,1,12,12
22,12,1,12,12
22,12,1,5,12
22,12,1,11,12
22,12,1,12,12
22,12,1,16,12
22,12,1,11,12
22,12,1,8,12
22,12,1,6,12
22,12,1,5,12
22,12,1,16,12
22,12,1,10,12
22,12,1,15,12
22,12,1,14,12
22,12,1,5,12
22,12,1,7,12
22,12,1,13,12
22,12,1,12,12
22,12,1,6,12
22,12,1,6,12
22,12,1,16,12
22,12,1,5,12
22,12,1,3,12
22,12,1,16,12
22,12,1,13,12
22,12,1,11,12
22,12,1,15,12
22,12,1,5,12
22,12,1,9,12
22,13,1,4,13
22,13,1,10,13
22,13,1,9,13
22,13,1,12,13
22,13,1,8,13
22,13,1,16,13
22,13,1,9,13
22,13,1,20,13
22,13,1,7,13
22,13,1,13,13
22,13,1,10,13
22,13,1,12,13
22,13,1,19,13
22,13,1,14,13
22,13,1,5,13
22,13,0,21,11
22,13,1,7,13
22,13,1,10,13
22,13,1,20,13
22,13,1,3,13
22,13,1,10,13
22,13,1,11,13
22,13,1,10,13
22,13,1,15,13
22,13,1,7,13
22,13,1,11,13
22,13,0,21,7
22,13,1,3,13
22,13,1,19,13
22,13,1,6,13
22,13,0,21,10
22,13,1,7,13
22,13,1,11,13
22,13,1,14,13
22,13,1,13,13
22,13,1,17,13
22,13,1,10,13
22,13,1,6,13
22,13,1,4,13
22,13,1,4,13
22,13,1,3,13
22,13,1,14,13
22,13,1,3,13
22,13,1,10,13
22,13,1,15,13
22,13,1,3,13
22,13,0,21,10
22,13,1,8,13
22,13,1,15,13
22,13,1,7,13
22,13,1,10,13
22,13,1,6,13
22,13,1,0,13
22,13,1,6,13
22,13,1,12,13
22,13,1,17,13
22,13,1,7,13
22,13,1,12,13
22,13,1,15,13
22,13,1,5,13
22,13,1,11,13
22,13,1,11,13
22,13,1,16,13
22,13,1,11,13
22,13,1,13,13
22,13,1,16,13
22,13,1,10,13
22,13,1,18,13
22,13,1,14,13
22,13,1,5,13
22,13,1,6,13
22,13,1,17,13
22,13,1,13,13
22,13,1,17,13
22,13,1,3,13
22,13,1,13,13
22,13,1,15,13
22,13,1,9,13
22,13,1,7,13
22,13,1,5,13
22,13,1,11,13
22,13,1,10,13
22,13,1,14,13
22,13,1,19,13
22,13,1,16,13
22,13,1,7,13
22,13,1,4,13
22,13,1,7,13
22,13,1,6,13
22,13,1,16,13
22,13,1,6,13
22,13,1,17,13
22,13,1,13,13
22,13,1,6,13
22,13,1,12,13
22,13,1,17,13
22,13,1,9,13
22,13,1,4,13
22,13,1,11,13
22,13,1,19,13
22,14,1,11,14
22,14,1,4,14
22,14,1,9,14
22,14,1,7,14
22,14,1,16,14
22,14,1,20,14
22,14,1,4,14
22,14,1,8,14
22,14,1,12,14
22,14,1,6,14
22,14,1,17,14
22,14,1,14,14
22,14,1,10,14
22,14,1,19,14
22,14,1,13,14
22,14,1,7,14
22,14,1,4,14
22,14,1,9,14
22,14,1,12,14
22,14,1,12,14
22,14,1,5,14
22,14,1,16,14
22,14,1,14,14
22,14,1,7,14
22,14,1,16,14
22,14,1,9,14
22,14,1,5,14
22,14,1,5,14
22,14,1,6,14
22,14,1,2,14
22,14,1,18,14
22,14,1,15,14
22,14,1,13,14
22,14,1,12,14
22,14,1,6,14
22,14,1,9,14
22,14,1,9,14
22,14,0,21,9
22,14,1,6,14
22,14,1,16,14
22,14,0,21,7
22,14,1,13,14
22,14,0,21,12
22,14,1,20,14
22,14,1,12,14
22,14,1,15,14
22,14,0,21,9
22,14,0,21,10
22,14,1,14,14
22,14,1,8,14
22,14,1,6,14
22,14,0,21,12
22,14,1,5,14
22,14,1,4,14
22,14,1,6,14
22,14,1,7,14
22,14,1,9,14
22,14,1,14,14
22,14,1,5,14
22,14,1,17,14
22,14,1,8,14
22,14,1,14,14
22,14,1,4,14
22,14,1,13,14
22,14,1,3,14
22,14,1,18,14
22,14,1,14,14
22,14,1,8,14
22,14,1,12,14
22,14,0,21,6
22,14,0,21,13
22,14,1,7,14
22,14,1,8,14
22,14,0,21,10
22,14,1,6,14
22,14,1,6,14
22,14,1,13,14
22,14,0,21,9
22,14,1,3,14
22,14,1,10,14
22,14,1,7,14
22,14,0,21,13
22,14,1,16,14
22,14,1,15,14
22,14,1,10,14
22,14,1,11,14
22,14,1,14,14
22,14,1,10,14
22,14,0,21,11
22,14,0,21,7
22,14,1,5,14
22,14,1,8,14
22,14,1,8,14
22,14,1,14,14
22,14,1,9,14
22,14,1,10,14
22,14,1,13,14
22,14,1,12,14
22,14,1,11,14
22,14,1,14,14
22,15,1,9,15
22,15,1,18,15
22,15,1,14,15
22,15,1,8,15
22,15,0,21,12
22,15,1,8,15
22,15,1,6,15
22,15,1,9,15
22,15,1,10,15
22,15,0,21,8
22,15,1,14,15
22,15,1,8,15
22,15,1,11,15
22,15,1,11,15
22,15,1,8,15
22,15,1,5,15
22,15,1,12,15
22,15,1,13,15
22,15,1,7,15
22,15,1,10,15
22,15,0,21,13
22,15,1,13,15
22,15,1,16,15
22,15,1,7,15
22,15,0,21,12
22,15,1,17,15
22,15,1,16,15
22,15,1,10,15
22,15,1,20,15
22,15,1,10,15
22,15,0,21,13
22,15,1,15,15
22,15,1,11,15
22,15,1,18,15
22,15,1,14,15
22,15,1,15,15
22,15,1,16,15
22,15,0,21,14
22,15,1,7,15
22,15,1,6,15
22,15,1,10,15
22,15,1,16,15
22,15,1,9,15
22,15,1,9,15
22,15,1,6,15
22,15,1,12,15
22,15,1,11,15
22,15,0,21,12
22,15,1,9,15
22,15,1,13,15
22,15,1,14,15
22,15,1,6,15
22,15,0,21,10
22,15,1,11,15
22,15,1,12,15
22,15,1,7,15
22,15,1,9,15
22,15,1,15,15
22,15,0,21,12
22,15,1,4,15
22,15,1,15,15
22,15,1,7,15
22,15,0,21,10
22,15,1,13,15
22,15,1,7,15
22,15,1,16,15
22,15,1,15,15
22,15,1,19,15
22,15,1,14,15
22,15,1,4,15
22,15,1,13,15
22,15,1,13,15
22,15,1,14,15
22,15,1,15,15
22,15,1,17,15
22,15,1,11,15
22,15,1,10,15
22,15,0,21,11
22,15,1,17,15
22,15,1,11,15
22,15,1,15,15
22,15,1,12,15
22,15,1,15,15
22,15,1,6,15
22,15,1,17,15
22,15,1,15,15
22,15,1,12,15
22,15,0,21,8
22,15,1,6,15
22,15,1,18,15
22,15,1,9,15
22,15,1,14,15
22,15,1,18,15
22,15,1,16,15
22,15,1,18,15
22,15,0,21,13
22,15,1,7,15
22,15,1,14,15
22,15,1,17,15
22,15,1,18,15
22,16,1,9,16
22,16,1,7,16
22,16,1,12,16
22,16,1,11,16
22,16,1,15,16
22,16,1,5,16
22,16,1,19,16
22,16,1,10,16
22,16,1,15,16
22,16,1,17,16
22,16,1,15,16
22,16,1,14,16
22,16,1,8,16
22,16,1,18,16
22,16,1,19,16
22,16,1,8,16
22,16,1,15,16
22,16,1,5,16
22,16,1,13,16
22,16,1,14,16
22,16,1,3,16
22,16,1,19,16
22,16,1,18,16
22,16,1,17,16
22,16,0,21,12
22,16,1,9,16
22,16,1,15,16
22,16,1,13,16
22,16,1,17,16
22,16,1,12,16
22,16,1,14,16
22,16,1,15,16
22,16,1,9,16
22,16,1,7,16
22,16,1,9,16
22,16,1,12,16
22,16,1,10,16
22,16,1,16,16
22,16,1,14,16
22,16,1,18,16
22,16,1,18,16
22,16,1,12,16
22,16,1,11,16
22,16,1,13,16
22,16,1,17,16
22,16,1,6,16
22,16,0,21,13
22,16,1,6,16
22,16,1,15,16
22,16,1,14,16
22,16,1,20,16
22,16,1,15,16
22,16,0,21,13
22,16,1,16,16
22,16,1,12,16
22,16,1,11,16
22,16,1,15,16
22,16,0,21,10
22,16,1,20,16
22,16,1,16,16
22,16,1,15,16
22,16,1,9,16
22,16,1,17,16
22,16,1,9,16
22,16,1,16,16
22,16,1,17,16
22,16,1,9,16
22,16,1,14,16
22,16,1,15,16
22,16,0,21,13
22,16,1,9,16
22,16,1,18,16
22,16,1,6,16
22,16,1,18,16
22,16,1,14,16
22,16,1,17,16
22,16,1,4,16
22,16,1,9,16
22,16,1,14,16
22,16,0,21,8
22,16,1,11,16
22,16,1,5,16
22,16,1,8,16
22,16,1,19,16
22,16,1,7,16
22,16,1,15,16
22,16,1,7,16
22,16,1,3,16
22,16,1,12,16
22,16,0,21,13
22,16,1,6,16
22,16,0,21,15
22,16,1,15,16
22,16,1,9,16
22,16,1,15,16
22,16,1,14,16
22,16,1,11,16
22,16,1,8,16
22,16,1,8,16
22,16,1,18,16
22,17,1,14,17
22,17,1,5,17
22,17,0,21,8
22,17,1,13,17
22,17,1,10,17
22,17,1,14,17
22,17,1,11,17
22,17,1,18,17
22,17,1,9,17
22,17,1,17,17
22,17,0,21,15
22,17,0,21,16
22,17,1,16,17
22,17,1,9,17
22,17,1,12,17
22,17,1,11,17
22,17,1,5,17
22,17,1,9,17
22,17,1,11,17
22,17,1,11,17
22,17,1,5,17
22,17,1,17,17
22,17,1,14,17
22,17,1,15,17
22,17,1,10,17
22,17,1,12,17
22,17,1,15,17
22,17,1,9,17
22,17,1,11,17
22,17,1,12,17
22,17,1,11,17
22,17,1,16,17
22,17,1,16,17
22,17,1,13,17
22,17,1,16,17
22,17,1,16,17
22,17,1,15,17
22,17,1,13,17
22,17,0,21,15
22,17,0,21,14
22,17,1,7,17
22,17,1,10,17
22,17,1,16,17
22,17,1,13,17
22,17,1,17,17
22,17,1,6,17
22,17,1,18,17
22,17,1,9,17
22,17,1,9,17
22,17,1,13,17
22,17,1,17,17
22,17,0,21,13
22,17,0,21,14
22,17,0,21,13
22,17,1,15,17
22,17,1,14,17
22,17,1,11,17
22,17,1,13,17
22,17,1,10,17
22,17,1,16,17
22,17,1,20,17
22,17,1,20,17
22,17,0,21,15
22,17,1,12,17
22,17,1,11,17
22,17,1,17,17
22,17,1,16,17
22,17,1,8,17
22,17,1,16,17
22,17,1,15,17
22,17,1,12,17
22,17,1,18,17
22,17,1,13,17
22,17,1,10,17
22,17,1,7,17
22,17,1,16,17
22,17,1,9,17
22,17,1,11,17
22,17,1,11,17
22,17,1,14,17
22,17,1,15,17
22,17,0,21,15
22,17,0,21,10
22,17,1,12,17
22,17,0,21,11
22,17,1,14,17
22,17,1,7,17
22,17,1,16,17
22,17,1,13,17
22,17,1,7,17
22,17,0,21,15
22,17,1,6,17
22,17,1,17,17
22,17,0,21,13
22,17,1,13,17
22,17,1,8,17
22,17,1,17,17
22,17,1,18,17
22,17,1,9,17
22,17,1,12,17
22,18,1,14,18
22,18,1,3,18
22,18,1,16,18
22,18,1,7,18
22,18,1,12,18
22,18,1,15,18
22,18,1,15,18
22,18,0,21,15
22,18,1,9,18
22,18,1,14,18
22,18,0,21,12
22,18,1,9,18
22,18,0,21,17
22,18,1,8,18
22,18,1,5,18
22,18,1,12,18
22,18,1,13,18
22,18,1,19,18
22,18,0,21,15
22,18,0,21,15
22,18,1,16,18
22,18,1,12,18
22,18,1,17,18
22,18,1,19,18
22,18,0,21,15
22,18,1,9,18
22,18,1,19,18
22,18,1,15,18
22,18,1,18,18
22,18,1,14,18
22,18,1,13,18
22,18,1,10,18
22,18,1,20,18
22,18,0,21,13
22,18,1,12,18
22,18,1,10,18
22,18,1,16,18
22,18,0,21,11
22,18,1,13,18
22,18,1,13,18
22,18,1,9,18
22,18,1,14,18
22,18,0,21,10
22,18,0,21,13
22,18,1,4,18
22,18,1,16,18
22,18,0,21,17
22,18,0,21,14
22,18,1,16,18
22,18,1,6,18
22,18,1,14,18
22,18,0,21,15
22,18,0,21,13
22,18,1,5,18
22,18,1,12,18
22,18,1,10,18
22,18,1,14,18
22,18,1,11,18
22,18,1,15,18
22,18,0,21,13
22,18,0,21,16
22,18,0,21,11
22,18,1,17,18
22,18,1,15,18
22,18,1,13,18
22,18,1,10,18
22,18,1,14,18
22,18,0,21,10
22,18,1,4,18
22,18,1,11,18
22,18,0,21,15
22,18,0,21,14
22,18,1,8,18
22,18,1,11,18
22,18,1,16,18
22,18,1,9,18
22,18,0,21,13
22,18,1,15,18
22,18,1,13,18
22,18,1,9,18
22,18,1,10,18
22,18,1,18,18
22,18,0,21,15
22,18,1,17,18
22,18,1,12,18
22,18,1,8,18
22,18,1,4,18
22,18,1,16,18
22,18,1,11,18
22,18,0,21,17
22,18,0,21,11
22,18,1,11,18
22,18,1,17,18
22,18,1,17,18
22,18,1,12,18
22,18,1,17,18
22,18,0,21,13
22,18,1,16,18
22,18,1,16,18
22,18,0,21,15
22,19,1,16,19
22,19,1,15,19
22,19,0,21,9
22,19,1,14,19
22,19,0,21,14
22,19,1,6,19
22,19,0,21,16
22,19,1,13,19
22,19,1,14,19
22,19,0,21,8
22,19,1,14,19
22,19,1,16,19
22,19,1,18,19
22,19,1,17,19
22,19,1,15,19
22,19,1,12,19
22,19,1,17,19
22,19,1,18,19
22,19,1,8,19
22,19,1,13,19
22,19,1,17,19
22,19,1,14,19
22,19,1,13,19
22,19,1,18,19
22,19,1,18,19
22,19,0,21,15
22,19,0,21,13
22,19,1,13,19
22,19,1,19,19
22,19,1,12,19
22,19,1,7,19
22,19,0,21,12
22,19,0,21,7
22,19,0,21,16
22,19,0,21,10
22,19,1,13,19
22,19,0,21,16
22,19,0,21,14
22,19,0,21,15
22,19,0,21,18
22,19,0,21,14
22,19,1,12,19
22,19,0,21,13
22,19,0,21,11
22,19,1,13,19
22,19,1,13,19
22,19,0,21,11
22,19,1,16,19
22,19,1,4,19
22,19,1,8,19
22,19,0,21,15
22,19,1,11,19
22,19,1,15,19
22,19,1,11,19
22,19,0,21,9
22,19,0,21,16
22,19,1,16,19
22,19,1,16,19
22,19,1,14,19
22,19,0,21,18
22,19,1,12,19
22,19,0,21,11
22,19,1,16,19
22,19,1,12,19
22,19,0,21,15
22,19,1,17,19
22,19,1,18,19
22,19,1,16,19
22,19,1,7,19
22,19,1,9,19
22,19,1,10,19
22,19,1,15,19
22,19,1,13,19
22,19,1,17,19
22,19,1,11,19
22,19,1,11,19
22,19,0,21,11
22,19,1,11,19
22,19,1,10,19
22,19,0,21,14
22,19,1,13,19
22,19,1,10,19
22,19,0,21,13
22,19,0,21,17
22,19,1,12,19
22,19,1,13,19
22,19,1,17,19
22,19,1,12,19
22,19,0,21,14
22,19,1,9,19
22,19,1,16,19
22,19,1,16,19
22,19,1,17,19
22,19,1,13,19
22,19,0,21,16
22,19,0,21,12
22,19,1,13,19
22,19,1,6,19
22,19,1,12,19
22,19,0,21,16
22,20,1,17,20
22,20,0,21,5
22,20,1,16,20
22,20,0,21,18
22,20,0,21,15
22,20,1,8,20
22,20,1,9,20
22,20,0,21,13
22,20,1,15,20
22,20,1,17,20
22,20,0,21,18
22,20,1,10,20
22,20,0,21,19
22,20,0,21,19
22,20,1,15,20
22,20,1,16,20
22,20,1,11,20
22,20,1,17,20
22,20,1,18,20
22,20,0,21,13
22,20,1,14,20
22,20,1,17,20
22,20,1,16,20
22,20,0,21,11
22,20,1,5,20
22,20,0,21,12
22,20,1,8,20
22,20,1,17,20
22,20,0,21,13
22,20,0,21,13
22,20,1,19,20
22,20,1,15,20
22,20,1,7,20
22,20,0,21,19
22,20,0,21,16
22,20,1,12,20
22,20,1,9,20
22,20,0,21,13
22,20,0,21,7
22,20,1,15,20
22,20,1,17,20
22,20,1,13,20
22,20,1,11,20
22,20,1,5,20
22,20,1,6,20
22,20,1,13,20
22,20,1,7,20
22,20,1,18,20
22,20,1,11,20
22,20,1,8,20
22,20,0,21,19
22,20,1,9,20
22,20,1,17,20
22,20,1,16,20
22,20,1,11,20
22,20,1,12,20
22,20,1,12,20
22,20,0,21,15
22,20,1,9,20
22,20,1,13,20
22,20,1,10,20
22,20,1,18,20
22,20,0,21,16
22,20,1,7,20
22,20,0,21,10
22,20,1,6,20
22,20,1,10,20
22,20,1,20,20
22,20,1,10,20
22,20,0,21,16
22,20,0,21,12
22,20,1,18,20
22,20,1,6,20
22,20,1,18,20
22,20,0,21,11
22,20,0,21,13
22,20,1,18,20
22,20,1,13,20
22,20,1,15,20
22,20,0,21,19
22,20,0,21,16
22,20,0,21,17
22,20,1,15,20
22,20,1,16,20
22,20,1,13,20
22,20,0,21,16
22,20,0,21,19
22,20,1,18,20
22,20,1,8,20
22,20,1,18,20
22,20,1,11,20
22,20,1,18,20
22,20,1,13,20
22,20,1,18,20
22,20,1,13,20
22,20,0,21,18
22,20,0,21,16
22,20,0,21,15
22,20,1,7,20
22,20,1,15,20
23,1,1,0,1
23,1,1,0,1
23,1,1,1,1
23,1,1,0,1
23,1,1,0,1
23,1,1,0,1
23,1,1,2,1
23,1,1,0,1
23,1,1,2,1
23,1,1,0,1
23,1,1,0,1
23,1,1,2,1
23,1,1,0,1
23,1,1,0,1
23,1,1,0,1
23,1,1,0,1
23,1,1,0,1
23,1,1,1,1
23,1,1,0,1
23,1,1,0,1
23,1,1,0,1
23,1,1,0,1
23,1,1,0,1
23,1,1,0,1
23,1,1,1,1
23,1,1,0,1
23,1,1,2,1
23,1,1,0,1
23,1,1,2,1
23,1,1,1,1
23,1,1,0,1
23,1,1,0,1
23,1,1,0,1
23,1,1,1,1
23,1,1,0,1
23,1,1,0,1
23,1,1,0,1
23,1,1,0,1
23,1,1,0,1
23,1,1,1,1
23,1,1,0,1
23,1,1,0,1
23,1,1,0,1
23,1,1,1,1
23,1,1,1,1
23,1,1,0,1
23,1,1,0,1
23,1,1,0,1
23,1,1,1,1
23,1,1,0,1
23,1,1,2,1
23,1,1,0,1
23,1,1,1,1
23,1,1,0,1
23,1,1,0,1
23,1,1,3,1
23,1,1,0,1
23,1,1,1,1
23,1,1,3,1
23,1,1,0,1
23,1,1,0,1
23,1,1,0,1
23,1,1,0,1
23,1,1,1,1
23,1,1,0,1
23,1,1,1,1
23,1,1,0,1
23,1,1,0,1
23,1,1,0,1
23,1,1,0,1
23,1,1,0,1
23,1,1,0,1
23,1,1,0,1
23,1,1,0,1
23,1,1,1,1
23,1,1,1,1
23,1,1,0,1
23,1,1,0,1
23,1,1,0,1
23,1,1,0,1
23,1,1,0,1
23,1,1,0,1
23,1,1,0,1
23,1,1,2,1
23,1,1,0,1
23,1,1,2,1
23,1,1,0,1
23,1,1,1,1
23,1,1,1,1
23,1,1,2,1
23,1,1,0,1
23,1,1,0,1
23,1,1,0,1
23,1,1,1,1
23,1,1,0,1
23,1,1,0,1
23,1,1,2,1
23,1,1,0,1
23,1,1,0,1
23,1,1,2,1
23,2,1,3,2
23,2,1,1,2
23,2,1,3,2
23,2,1,4,2
23,2,1,0,2
23,2,1,0,2
23,2,1,0,2
23,2,1,6,2
23,2,1,2,2
23,2,1,1,2
23,2,1,1,2
23,2,1,2,2
23,2,1,1,2
23,2,1,2,2
23,2,1,2,2
23,2,1,0,2
23,2,1,0,2
23,2,1,2,2
23,2,1,1,2
23,2,1,2,2
23,2,1,0,2
23,2,1,1,2
23,2,1,1,2
23,2,1,0,2
23,2,1,2,2
23,2,1,3,2
23,2,1,0,2
23,2,1,4,2
23,2,1,0,2
23,2,1,1,2
23,2,1,0,2
23,2,1,1,2
23,2,1,0,2
23,2,1,3,2
23,2,1,2,2
23,2,1,0,2
23,2,1,0,2
23,2,1,0,2
23,2,1,0,2
23,2,1,0,2
23,2,1,0,2
23,2,1,0,2
23,2,1,0,2
23,2,1,1,2
23,2,1,0,2
23,2,1,0,2
23,2,1,0,2
23,2,1,1,2
23,2,1,1,2
23,2,1,2,2
23,2,1,6,2
23,2,1,2,2
23,2,1,0,2
23,2,1,0,2
23,2,1,5,2
23,2,1,0,2
23,2,1,4,2
23,2,1,0,2
23,2,1,0,2
23,2,1,5,2
23,2,1,4,2
23,2,1,3,2
23,2,1,1,2
23,2,1,4,2
23,2,1,1,2
23,2,1,2,2
23,2,1,2,2
23,2,1,2,2
23,2,1,2,2
23,2,1,0,2
23,2,1,0,2
23,2,1,2,2
23,2,1,1,2
23,2,1,2,2
23,2,1,0,2
23,2,1,3,2
23,2,1,2,2
23,2,1,4,2
23,2,1,0,2
23,2,1,3,2
23,2,1,0,2
23,2,1,2,2
23,2,1,0,2
23,2,1,0,2
23,2,1,0,2
23,2,1,1,2
23,2,1,1,2
23,2,1,0,2
23,2,1,2,2
23,2,1,2,2
23,2,1,0,2
23,2,1,1,2
23,2,1,5,2
23,2,1,4,2
23,2,1,3,2
23,2,1,0,2
23,2,1,2,2
23,2,1,1,2
23,2,1,0,2
23,2,1,0,2
23,3,1,6,3
23,3,1,2,3
23,3,1,3,3
23,3,1,3,3
23,3,1,4,3
23,3,1,1,3
23,3,1,0,3
23,3,1,0,3
23,3,1,1,3
23,3,1,1,3
23,3,1,1,3
23,3,1,2,3
23,3,1,2,3
23,3,1,2,3
23,3,1,0,3
23,3,1,4,3
23,3,1,7,3
23,3,1,5,3
23,3,1,0,3
23,3,1,3,3
23,3,1,0,3
23,3,1,2,3
23,3,1,0,3
23,3,1,0,3
23,3,1,4,3
23,3,1,0,3
23,3,1,0,3
23,3,1,5,3
23,3,1,5,3
23,3,1,3,3
23,3,1,1,3
23,3,1,2,3
23,3,1,2,3
23,3,1,1,3
23,3,1,3,3
23,3,1,1,3
23,3,1,2,3
23,3,1,7,3
23,3,1,0,3
23,3,1,0,3
23,3,1,1,3
23,3,1,1,3
23,3,1,2,3
23,3,1,0,3
23,3,1,0,3
23,3,1,8,3
23,3,1,1,3
23,3,1,1,3
23,3,1,3,3
23,3,1,4,3
23,3,1,1,3
23,3,1,2,3
23,3,1,1,3
23,3,1,2,3
23,3,1,2,3
23,3,1,0,3
23,3,1,0,3
23,3,1,4,3
23,3,1,3,3
23,3,1,2,3
23,3,1,3,3
23,3,1,1,3
23,3,1,1,3
23,3,1,0,3
23,3,1,4,3
23,3,1,2,3
23,3,1,6,3
23,3,1,6,3
23,3,1,0,3
23,3,1,1,3
23,3,1,3,3
23,3,1,5,3
23,3,1,2,3
23,3,1,3,3
23,3,1,1,3
23,3,1,4,3
23,3,1,11,3
23,3,1,3,3
23,3,1,3,3
23,3,1,5,3
23,3,1,3,3
23,3,1,0,3
23,3,1,4,3
23,3,1,0,3
23,3,1,0,3
23,3,1,2,3
23,3,1,1,3
23,3,1,4,3
23,3,1,1,3
23,3,1,5,3
23,3,1,0,3
23,3,1,0,3
23,3,1,0,3
23,3,1,0,3
23,3,1,0,3
23,3,1,0,3
23,3,1,2,3
23,3,1,10,3
23,3,1,5,3
23,3,1,1,3
23,4,1,4,4
23,4,1,2,4
23,4,1,4,4
23,4,1,3,4
23,4,1,0,4
23,4,1,2,4
23,4,1,4,4
23,4,1,12,4
23,4,1,1,4
23,4,1,0,4
23,4,1,10,4
23,4,1,4,4
23,4,1,2,4
23,4,1,1,4
23,4,1,0,4
23,4,1,0,4
23,4,1,6,4
23,4,1,7,4
23,4,1,2,4
23,4,1,2,4
23,4,1,3,4
23,4,0,22,2
23,4,1,4,4
23,4,1,0,4
23,4,1,3,4
23,4,1,5,4
23,4,1,0,4
23,4,1,5,4
23,4,1,3,4
23,4,1,3,4
23,4,1,1,4
23,4,1,2,4
23,4,1,2,4
23,4,1,4,4
23,4,1,2,4
23,4,1,4,4
23,4,1,10,4
23,4,1,3,4
23,4,1,4,4
23,4,1,5,4
23,4,1,5,4
23,4,1,3,4
23,4,1,7,4
23,4,1,5,4
23,4,1,5,4
23,4,1,0,4
23,4,1,8,4
23,4,1,2,4
23,4,1,5,4
23,4,1,4,4
23,4,1,3,4
23,4,1,1,4
23,4,1,0,4
23,4,1,7,4
23,4,1,5,4
23,4,1,4,4
23,4,1,3,4
23,4,1,4,4
23,4,1,2,4
23,4,1,2,4
23,4,1,1,4
23,4,1,1,4
23,4,1,6,4
23,4,1,3,4
23,4,1,5,4
23,4,1,1,4
23,4,1,3,4
23,4,1,4,4
23,4,1,1,4
23,4,1,11,4
23,4,1,4,4
23,4,1,1,4
23,4,1,0,4
23,4,1,1,4
23,4,1,11,4
23,4,1,4,4
23,4,1,4,4
23,4,1,1,4
23,4,1,4,4
23,4,1,1,4
23,4,1,3,4
23,4,1,0,4
23,4,1,2,4
23,4,1,4,4
23,4,1,4,4
23,4,1,6,4
23,4,1,0,4
23,4,1,0,4
23,4,1,1,4
23,4,1,8,4
23,4,1,1,4
23,4,1,2,4
23,4,1,0,4
23,4,1,1,4
23,4,1,2,4
23,4,1,8,4
23,4,1,3,4
23,4,1,0,4
23,4,1,1,4
23,4,1,4,4
23,5,1,7,5
23,5,1,5,5
23,5,1,10,5
23,5,1,9,5
23,5,1,6,5
23,5,1,6,5
23,5,1,3,5
23,5,1,3,5
23,5,1,4,5
23,5,1,8,5
23,5,1,1,5
23,5,1,6,5
23,5,1,2,5
23,5,1,1,5
23,5,1,2,5
23,5,1,0,5
23,5,1,6,5
23,5,1,2,5
23,5,1,0,5
23,5,1,9,5
23,5,1,10,5
23,5,1,5,5
23,5,1,4,5
23,5,1,3,5
23,5,1,6,5
23,5,1,2,5
23,5,1,4,5
23,5,1,3,5
23,5,1,4,5
23,5,1,3,5
23,5,1,2,5
23,5,1,8,5
23,5,1,6,5
23,5,1,3,5
23,5,1,7,5
23,5,1,6,5
23,5,1,1,5
23,5,1,0,5
23,5,1,10,5
23,5,1,4,5
23,5,1,1,5
23,5,1,3,5
23,5,1,1,5
23,5,1,1,5
23,5,1,3,5
23,5,1,7,5
23,5,1,3,5
23,5,1,3,5
23,5,1,9,5
23,5,1,4,5
23,5,1,2,5
23,5,1,0,5
23,5,1,5,5
23,5,1,6,5
23,5,1,5,5
23,5,1,11,5
23,5,1,3,5
23,5,1,2,5
23,5,1,3,5
23,5,1,3,5
23,5,1,2,5
23,5,1,0,5
23,5,1,4,5
23,5,1,2,5
23,5,1,5,5
23,5,1,2,5
23,5,1,8,5
23,5,1,4,5
23,5,1,11,5
23,5,1,8,5
23,5,1,2,5
23,5,1,11,5
23,5,1,2,5
23,5,1,7,5
23,5,1,4,5
23,5,1,8,5
23,5,1,2,5
23,5,1,2,5
23,5,1,9,5
23,5,1,3,5
23,5,1,3,5
23,5,1,1,5
23,5,1,6,5
23,5,1,6,5
23,5,1,2,5
23,5,1,5,5
23,5,1,2,5
23,5,1,6,5
23,5,1,2,5
23,5,1,4,5
23,5,1,2,5
23,5,1,5,5
23,5,1,0,5
23,5,1,5,5
23,5,1,3,5
23,5,1,7,5
23,5,1,13,5
23,5,1,2,5
23,5,1,3,5
23,5,1,1,5
23,6,1,13,6
23,6,1,8,6
23,6,1,10,6
23,6,1,6,6
23,6,1,4,6
23,6,1,5,6
23,6,1,3,6
23,6,1,0,6
23,6,1,5,6
23,6,1,1,6
23,6,1,4,6
23,6,1,7,6
23,6,1,3,6
23,6,1,1,6
23,6,1,4,6
23,6,1,5,6
23,6,1,6,6
23,6,1,0,6
23,6,1,11,6
23,6,1,7,6
23,6,1,1,6
23,6,1,3,6
23,6,1,2,6
23,6,1,4,6
23,6,1,4,6
23,6,1,3,6
23,6,1,7,6
23,6,1,4,6
23,6,1,5,6
23,6,1,1,6
23,6,1,8,6
23,6,1,10,6
23,6,1,7,6
23,6,1,11,6
23,6,1,5,6
23,6,1,7,6
23,6,1,4,6
23,6,1,2,6
23,6,1,1,6
23,6,1,1,6
23,6,1,2,6
23,6,1,5,6
23,6,1,0,6
23,6,1,5,6
23,6,1,6,6
23,6,1,3,6
23,6,1,2,6
23,6,1,1,6
23,6,1,4,6
23,6,1,10,6
23,6,1,2,6
23,6,1,4,6
23,6,1,5,6
23,6,1,4,6
23,6,1,7,6
23,6,1,4,6
23,6,1,6,6
23,6,1,3,6
23,6,1,7,6
23,6,1,5,6
23,6,1,7,6
23,6,1,7,6
23,6,1,2,6
23,6,1,16,6
23,6,1,4,6
23,6,1,3,6
23,6,1,9,6
23,6,1,4,6
23,6,1,3,6
23,6,1,9,6
23,6,1,4,6
23,6,1,1,6
23,6,1,6,6
23,6,1,5,6
23,6,1,1,6
23,6,1,10,6
23,6,1,5,6
23,6,1,6,6
23,6,1,1,6
23,6,1,5,6
23,6,1,3,6
23,6,1,5,6
23,6,1,1,6
23,6,1,9,6
23,6,1,3,6
23,6,1,10,6
23,6,1,3,6
23,6,1,6,6
23,6,1,11,6
23,6,1,5,6
23,6,1,11,6
23,6,1,3,6
23,6,1,0,6
23,6,1,2,6
23,6,1,7,6
23,6,1,6,6
23,6,1,4,6
23,6,1,8,6
23,6,1,3,6
23,6,1,12,6
23,7,1,3,7
23,7,1,4,7
23,7,1,6,7
23,7,1,6,7
23,7,1,11,7
23,7,1,13,7
23,7,1,13,7
23,7,1,0,7
23,7,1,10,7
23,7,1,4,7
23,7,1,4,7
23,7,1,9,7
23,7,1,7,7
23,7,1,6,7
23,7,1,8,7
23,7,1,6,7
23,7,1,4,7
23,7,1,8,7
23,7,1,10,7
23,7,1,4,7
23,7,1,3,7
23,7,1,6,7
23,7,1,2,7
23,7,1,1,7
23,7,1,8,7
23,7,1,3,7
23,7,1,9,7
23,7,1,15,7
23,7,1,2,7
23,7,1,1,7
23,7,1,12,7
23,7,1,3,7
23,7,1,10,7
23,7,1,8,7
23,7,1,9,7
23,7,1,6,7
23,7,1,8,7
23,7,1,10,7
23,7,1,2,7
23,7,1,7,7
23,7,1,1,7
23,7,1,9,7
23,7,1,5,7
23,7,1,11,7
23,7,1,2,7
23,7,1,6,7
23,7,1,0,7
23,7,1,6,7
23,7,1,8,7
23,7,1,8,7
23,7,1,3,7
23,7,1,13,7
23,7,1,11,7
23,7,1,3,7
23,7,1,2,7
23,7,1,5,7
23,7,1,2,7
23,7,1,3,7
23,7,1,10,7
23,7,1,4,7
23,7,1,3,7
23,7,1,3,7
23,7,1,4,7
23,7,1,9,7
23,7,1,2,7
23,7,1,10,7
23,7,1,7,7
23,7,1,7,7
23,7,1,7,7
23,7,1,0,7
23,7,1,8,7
23,7,1,5,7
23,7,1,6,7
23,7,1,5,7
23,7,1,12,7
23,7,1,3,7
23,7,1,2,7
23,7,1,1,7
23,7,1,3,7
23,7,1,10,7
23,7,1,8,7
23,7,1,4,7
23,7,1,6,7
23,7,1,4,7
23,7,1,0,7
23,7,1,1,7
23,7,1,5,7
23,7,1,11,7
23,7,1,7,7
23,7,1,9,7
23,7,1,6,7
23,7,1,11,7
23,7,1,9,7
23,7,1,5,7
23,7,1,7,7
23,7,1,5,7
23,7,1,3,7
23,7,1,9,7
23,7,1,6,7
23,7,1,6,7
23,8,1,17,8
23,8,1,7,8
23,8,1,6,8
23,8,1,13,8
23,8,1,8,8
23,8,1,7,8
23,8,1,7,8
23,8,1,3,8
23,8,1,9,8
23,8,1,6,8
23,8,1,3,8
23,8,1,12,8
23,8,1,11,8
23,8,1,19,8
23,8,1,0,8
23,8,1,12,8
23,8,1,2,8
23,8,1,7,8
23,8,1,1,8
23,8,1,1,8
23,8,1,10,8
23,8,1,2,8
23,8,1,1,8
23,8,1,3,8
23,8,1,9,8
23,8,1,4,8
23,8,1,6,8
23,8,1,2,8
23,8,1,7,8
23,8,1,15,8
23,8,1,3,8
23,8,1,4,8
23,8,1,2,8
23,8,1,2,8
23,8,1,13,8
23,8,1,4,8
23,8,1,13,8
23,8,1,3,8
23,8,1,17,8
23,8,1,3,8
23,8,1,12,8
23,8,1,11,8
23,8,1,7,8
23,8,1,12,8
23,8,1,3,8
23,8,1,0,8
23,8,1,3,8
23,8,1,5,8
23,8,1,7,8
23,8,1,6,8
23,8,1,12,8
23,8,1,9,8
23,8,1,2,8
23,8,1,7,8
23,8,1,5,8
23,8,1,7,8
23,8,1,6,8
23,8,1,12,8
23,8,1,10,8
23,8,1,6,8
23,8,1,4,8
23,8,1,2,8
23,8,1,5,8
23,8,1,10,8
23,8,1,6,8
23,8,1,1,8
23,8,1,1,8
23,8,1,10,8
23,8,1,10,8
23,8,1,6,8
23,8,1,5,8
23,8,1,11,8
23,8,1,9,8
23,8,1,6,8
23,8,1,4,8
23,8,1,8,8
23,8,1,3,8
23,8,1,1,8
23,8,1,7,8
23,8,1,6,8
23,8,1,7,8
23,8,1,1,8
23,8,1,9,8
23,8,1,3,8
23,8,1,1,8
23,8,1,3,8
23,8,1,6,8
23,8,1,8,8
23,8,1,5,8
23,8,1,8,8
23,8,1,13,8
23,8,1,10,8
23,8,1,9,8
23,8,1,3,8
23,8,1,5,8
23,8,1,6,8
23,8,1,5,8
23,8,1,11,8
23,8,1,12,8
23,8,1,4,8
23,9,1,5,9
23,9,1,13,9
23,9,1,1,9
23,9,1,13,9
23,9,1,9,9
23,9,1,13,9
23,9,1,6,9
23,9,1,10,9
23,9,1,8,9
23,9,1,16,9
23,9,1,3,9
23,9,1,7,9
23,9,1,5,9
23,9,1,8,9
23,9,1,3,9
23,9,1,7,9
23,9,1,6,9
23,9,1,19,9
23,9,1,15,9
23,9,1,5,9
23,9,1,8,9
23,9,1,9,9
23,9,1,2,9
23,9,1,5,9
23,9,1,13,9
23,9,1,5,9
23,9,1,3,9
23,9,1,17,9
23,9,1,11,9
23,9,1,2,9
23,9,1,6,9
23,9,1,8,9
23,9,1,3,9
23,9,1,4,9
23,9,1,9,9
23,9,1,2,9
23,9,1,5,9
23,9,1,10,9
23,9,1,13,9
23,9,1,7,9
23,9,1,4,9
23,9,1,6,9
23,9,1,6,9
23,9,1,6,9
23,9,1,5,9
23,9,1,14,9
23,9,1,12,9
23,9,1,0,9
23,9,1,7,9
23,9,1,7,9
23,9,1,4,9
23,9,1,5,9
23,9,1,2,9
23,9,1,8,9
23,9,1,8,9
23,9,1,4,9
23,9,1,2,9
23,9,1,1,9
23,9,1,6,9
23,9,1,9,9
23,9,1,14,9
23,9,1,6,9
23,9,1,13,9
23,9,1,5,9
23,9,1,5,9
23,9,1,2,9
23,9,1,13,9
23,9,1,7,9
23,9,1,16,9
23,9,1,2,9
23,9,1,8,9
23,9,1,10,9
23,9,1,3,9
23,9,1,5,9
23,9,1,5,9
23,9,1,6,9
23,9,1,5,9
23,9,1,13,9
23,9,1,7,9
23,9,1,1,9
23,9,1,4,9
23,9,1,5,9
23,9,1,2,9
23,9,1,5,9
23,9,1,7,9
23,9,1,10,9
23,9,1,6,9
23,9,1,5,9
23,9,1,14,9
23,9,1,8,9
23,9,1,7,9
23,9,1,3,9
23,9,1,3,9
23,9,1,6,9
23,9,1,4,9
23,9,1,10,9
23,9,1,8,9
23,9,1,6,9
23,9,1,4,9
23,9,1,6,9
23,10,1,11,10
23,10,1,7,10
23,10,1,7,10
23,10,1,4,10
23,10,1,10,10
23,10,1,8,10
23,10,1,6,10
23,10,1,6,10
23,10,1,5,10
23,10,1,14,10
23,10,1,1,10
23,10,1,5,10
23,10,1,11,10
23,10,1,2,10
23,10,1,8,10
23,10,1,8,10
23,10,1,8,10
23,10,1,6,10
23,10,1,9,10
23,10,1,4,10
23,10,1,16,10
23,10,1,9,10
23,10,1,8,10
23,10,1,8,10
23,10,1,10,10
23,10,1,14,10
23,10,1,7,10
23,10,1,7,10
23,10,1,2,10
23,10,1,14,10
23,10,1,14,10
23,10,1,11,10
23,10,1,7,10
23,10,1,11,10
23,10,1,5,10
23,10,1,6,10
23,10,1,11,10
23,10,0,22,9
23,10,1,10,10
23,10,1,5,10
23,10,1,12,10
23,10,1,11,10
23,10,1,7,10
23,10,1,12,10
23,10,1,8,10
23,10,1,7,10
23,10,1,1,10
23,10,1,12,10
23,10,1,15,10
23,10,1,12,10
23,10,1,7,10
23,10,1,4,10
23,10,1,17,10
23,10,1,11,10
23,10,1,17,10
23,10,1,12,10
23,10,1,11,10
23,10,1,8,10
23,10,1,5,10
23,10,1,9,10
23,10,1,19,10
23,10,1,11,10
23,10,1,2,10
23,10,1,5,10
23,10,1,10,10
23,10,1,13,10
23,10,1,0,10
23,10,1,10,10
23,10,1,8,10
23,10,1,12,10
23,10,1,4,10
23,10,1,5,10
23,10,1,3,10
23,10,1,13,10
23,10,1,2,10
23,10,1,9,10
23,10,1,8,10
23,10,1,4,10
23,10,1,20,10
23,10,1,2,10
23,10,1,13,10
23,10,1,16,10
23,10,1,10,10
23,10,1,13,10
23,10,1,7,10
23,10,1,3,10
23,10,1,4,10
23,10,1,12,10
23,10,1,9,10
23,10,1,6,10
23,10,1,13,10
23,10,1,12,10
23,10,1,8,10
23,10,1,10,10
23,10,1,21,10
23,10,1,7,10
23,10,1,2,10
23,10,1,4,10
23,10,1,0,10
23,10,1,3,10
23,11,1,8,11
23,11,1,10,11
23,11,1,0,11
23,11,1,2,11
23,11,1,6,11
23,11,1,10,11
23,11,1,17,11
23,11,1,12,11
23,11,1,7,11
23,11,1,9,11
23,11,1,7,11
23,11,1,9,11
23,11,1,7,11
23,11,1,3,11
23,11,1,6,11
23,11,1,9,11
23,11,1,8,11
23,11,1,11,11
23,11,1,5,11
23,11,1,19,11
23,11,1,9,11
23,11,1,7,11
23,11,1,11,11
23,11,0,22,8
23,11,1,11,11
23,11,1,7,11
23,11,1,4,11
23,11,1,4,11
23,11,1,5,11
23,11,1,8,11
23,11,1,3,11
23,11,1,19,11
23,11,1,10,11
23,11,1,8,11
23,11,1,8,11
23,11,1,10,11
23,11,1,0,11
23,11,1,16,11
23,11,1,12,11
23,11,1,2,11
23,11,1,13,11
23,11,1,10,11
23,11,1,12,11
23,11,1,12,11
23,11,1,14,11
23,11,1,7,11
23,11,1,8,11
23,11,1,13,11
23,11,1,9,11
23,11,1,15,11
23,11,1,3,11
23,11,1,6,11
23,11,1,14,11
23,11,1,5,11
23,11,1,15,11
23,11,1,2,11
23,11,1,10,11
23,11,1,7,11
23,11,1,6,11
23,11,1,18,11
23,11,1,8,11
23,11,1,8,11
23,11,1,16,11
23,11,1,2,11
23,11,1,6,11
23,11,1,16,11
23,11,0,22,10
23,11,1,15,11
23,11,1,11,11
23,11,1,12,11
23,11,1,6,11
23,11,1,5,11
23,11,1,12,11
23,11,1,5,11
23,11,1,5,11
23,11,1,6,11
23,11,1,10,11
23,11,1,5,11
23,11,1,9,11
23,11,1,8,11
23,11,1,10,11
23,11,1,18,11
23,11,1,3,11
23,11,1,3,11
23,11,1,11,11
23,11,1,6,11
23,11,1,17,11
23,11,1,5,11
23,11,1,12,11
23,11,1,9,11
23,11,1,4,11
23,11,1,9,11
23,11,1,7,11
23,11,1,8,11
23,11,1,10,11
23,11,1,12,11
23,11,1,10,11
23,11,1,16,11
23,11,1,3,11
23,11,1,6,11
23,12,1,17,12
23,12,1,13,12
23,12,1,3,12
23,12,1,9,12
23,12,1,6,12
23,12,1,18,12
23,12,1,4,12
23,12,1,12,12
23,12,1,11,12
23,12,1,6,12
23,12,1,10,12
23,12,1,3,12
23,12,1,14,12
23,12,1,9,12
23,12,1,8,12
23,12,1,10,12
23,12,1,10,12
23,12,1,2,12
23,12,1,6,12
23,12,1,15,12
23,12,1,16,12
23,12,1,10,12
23,12,1,8,12
23,12,1,7,12
23,12,1,7,12
23,12,1,8,12
23,12,1,18,12
23,12,1,12,12
23,12,1,7,12
23,12,1,15,12
23,12,1,11,12
23,12,1,10,12
23,12,1,17,12
23,12,1,14,12
23,12,1,8,12
23,12,0,22,7
23,12,1,16,12
23,12,1,2,12
23,12,1,9,12
23,12,1,0,12
23,12,1,5,12
23,12,1,11,12
23,12,1,7,12
23,12,1,14,12
23,12,1,9,12
23,12,1,3,12
23,12,1,10,12
23,12,1,10,12
23,12,1,9,12
23,12,1,2,12
23,12,1,2,12
23,12,1,11,12
23,12,1,15,12
23,12,1,8,12
23,12,1,3,12
23,12,1,8,12
23,12,1,16,12
23,12,1,13,12
23,12,1,15,12
23,12,1,10,12
23,12,1,7,12
23,12,0,22,6
23,12,1,9,12
23,12,1,12,12
23,12,1,6,12
23,12,1,12,12
23,12,1,8,12
23,12,1,2,12
23,12,1,9,12
23,12,1,19,12
23,12,1,19,12
23,12,1,6,12
23,12,1,6,12
23,12,1,13,12
23,12,1,9,12
23,12,1,13,12
23,12,1,8,12
23,12,1,12,12
23,12,1,14,12
23,12,1,12,12
23,12,1,14,12
23,12,1,2,12
23,12,1,16,12
23,12,1,8,12
23,12,1,7,12
23,12,1,2,12
23,12,1,9,12
23,12,1,12,12
23,12,1,8,12
23,12,1,12,12
23,12,1,9,12
23,12,1,7,12
23,12,1,10,12
23,12,1,8,12
23,12,1,15,12
23,12,1,12,12
23,12,1,7,12
23,12,1,7,12
23,12,1,12,12
23,12,1,16,12
23,13,0,22,10
23,13,1,7,13
23,13,1,18,13
23,13,1,16,13
23,13,1,5,13
23,13,1,14,13
23,13,1,10,13
23,13,1,10,13
23,13,1,13,13
23,13,1,8,13
23,13,1,14,13
23,13,1,9,13
23,13,1,3,13
23,13,1,14,13
23,13,1,10,13
23,13,1,10,13
23,13,1,10,13
23,13,1,17,13
23,13,1,10,13
23,13,1,4,13
23,13,1,9,13
23,13,1,12,13
23,13,1,9,13
23,13,1,4,13
23,13,1,9,13
23,13,0,22,12
23,13,1,10,13
23,13,1,15,13
23,13,1,5,13
23,13,0,22,12
23,13,0,22,11
23,13,1,6,13
23,13,1,10,13
23,13,1,3,13
23,13,0,22,12
23,13,1,8,13
23,13,1,11,13
23,13,1,20,13
23,13,1,10,13
23,13,1,18,13
23,13,1,13,13
23,13,1,8,13
23,13,1,7,13
23,13,1,13,13
23,13,1,14,13
23,13,1,5,13
23,13,1,10,13
23,13,1,16,13
23,13,1,5,13
23,13,1,15,13
23,13,1,3,13
23,13,0,22,11
23,13,1,4,13
23,13,1,19,13
23,13,1,11,13
23,13,1,10,13
23,13,1,9,13
23,13,1,6,13
23,13,1,5,13
23,13,1,7,13
23,13,1,10,13
23,13,1,18,13
23,13,1,8,13
23,13,1,10,13
23,13,1,3,13
23,13,1,18,13
23,13,1,8,13
23,13,1,13,13
23,13,1,10,13
23,13,1,7,13
23,13,1,15,13
23,13,1,18,13
23,13,1,12,13
23,13,1,8,13
23,13,1,9,13
23,13,1,6,13
23,13,1,16,13
23,13,1,10,13
23,13,1,7,13
23,13,1,4,13
23,13,1,12,13
23,13,1,13,13
23,13,1,13,13
23,13,1,7,13
23,13,1,11,13
23,13,1,5,13
23,13,1,16,13
23,13,1,15,13
23,13,1,20,13
23,13,1,3,13
23,13,1,10,13
23,13,1,9,13
23,13,1,13,13
23,13,1,4,13
23,13,1,12,13
23,13,1,3,13
23,13,1,8,13
23,13,1,17,13
23,13,1,5,13
23,13,1,5,13
23,14,1,6,14
23,14,1,10,14
23,14,1,20,14
23,14,1,13,14
23,14,1,13,14
23,14,1,18,14
23,14,1,9,14
23,14,1,14,14
23,14,1,10,14
23,14,1,13,14
23,14,1,15,14
23,14,1,10,14
23,14,1,8,14
23,14,1,2,14
23,14,1,8,14
23,14,1,14,14
23,14,1,7,14
23,14,1,10,14
23,14,1,6,14
23,14,0,22,7
23,14,1,13,14
23,14,1,8,14
23,14,1,8,14
23,14,1,17,14
23,14,1,15,14
23,14,0,22,12
23,14,1,10,14
23,14,1,9,14
23,14,1,6,14
23,14,1,17,14
23,14,1,11,14
23,14,1,15,14
23,14,1,8,14
23,14,1,13,14
23,14,0,22,9
23,14,1,10,14
23,14,1,11,14
23,14,1,8,14
23,14,1,12,14
23,14,1,13,14
23,14,0,22,13
23,14,1,13,14
23,14,1,4,14
23,14,1,4,14
23,14,1,15,14
23,14,1,12,14
23,14,1,9,14
23,14,1,14,14
23,14,1,15,14
23,14,1,2,14
23,14,1,9,14
23,14,1,17,14
23,14,1,11,14
23,14,1,9,14
23,14,1,10,14
23,14,1,6,14
23,14,1,16,14
23,14,1,15,14
23,14,1,13,14
23,14,1,14,14
23,14,1,12,14
23,14,1,4,14
23,14,1,9,14
23,14,0,22,11
23,14,1,6,14
23,14,1,3,14
23,14,1,12,14
23,14,1,10,14
23,14,1,4,14
23,14,1,15,14
23,14,1,15,14
23,14,1,6,14
23,14,1,8,14
23,14,1,4,14
23,14,1,8,14
23,14,1,9,14
23,14,1,10,14
23,14,1,15,14
23,14,1,9,14
23,14,1,12,14
23,14,1,7,14
23,14,1,14,14
23,14,1,12,14
23,14,0,22,12
23,14,1,12,14
23,14,1,14,14
23,14,1,13,14
23,14,1,17,14
23,14,1,11,14
23,14,1,13,14
23,14,1,20,14
23,14,1,18,14
23,14,1,5,14
23,14,1,3,14
23,14,1,6,14
23,14,1,4,14
23,14,1,10,14
23,14,1,9,14
23,14,1,8,14
23,14,1,20,14
23,15,1,12,15
23,15,1,5,15
23,15,1,10,15
23,15,1,20,15
23,15,1,7,15
23,15,1,12,15
23,15,1,16,15
23,15,1,11,15
23,15,1,8,15
23,15,1,13,15
23,15,1,11,15
23,15,1,15,15
23,15,1,13,15
23,15,1,13,15
23,15,1,17,15
23,15,1,14,15
23,15,1,6,15
23,15,1,5,15
23,15,1,14,15
23,15,1,18,15
23,15,1,12,15
23,15,1,18,15
23,15,1,13,15
23,15,1,13,15
23,15,1,7,15
23,15,1,4,15
23,15,1,18,15
23,15,1,5,15
23,15,1,8,15
23,15,1,7,15
23,15,1,8,15
23,15,0,22,12
23,15,1,13,15
23,15,1,9,15
23,15,0,22,10
23,15,0,22,12
23,15,1,16,15
23,15,1,6,15
23,15,1,5,15
23,15,1,10,15
23,15,1,11,15
23,15,1,18,15
23,15,1,13,15
23,15,1,16,15
23,15,1,14,15
23,15,1,11,15
23,15,0,22,12
23,15,1,13,15
23,15,1,14,15
23,15,1,12,15
23,15,1,16,15
23,15,1,9,15
23,15,0,22,13
23,15,1,13,15
23,15,1,5,15
23,15,1,12,15
23,15,1,19,15
23,15,1,11,15
23,15,1,7,15
23,15,1,8,15
23,15,1,15,15
23,15,1,8,15
23,15,1,9,15
23,15,1,6,15
23,15,1,11,15
23,15,1,8,15
23,15,0,22,14
23,15,1,17,15
23,15,1,10,15
23,15,1,8,15
23,15,0,22,13
23,15,1,13,15
23,15,1,10,15
23,15,1,18,15
23,15,1,15,15
23,15,1,10,15
23,15,1,5,15
23,15,1,6,15
23,15,1,20,15
23,15,1,12,15
23,15,1,15,15
23,15,1,5,15
23,15,1,11,15
23,15,1,11,15
23,15,1,15,15
23,15,1,11,15
23,15,1,11,15
23,15,1,6,15
23,15,1,8,15
23,15,1,15,15
23,15,1,18,15
23,15,1,9,15
23,15,1,8,15
23,15,1,11,15
23,15,1,10,15
23,15,1,6,15
23,15,1,10,15
23,15,1,19,15
23,15,1,19,15
23,15,1,9,15
23,16,1,10,16
23,16,0,22,11
23,16,1,17,16
23,16,1,12,16
23,16,1,5,16
23,16,1,5,16
23,16,1,9,16
23,16,1,9,16
23,16,1,18,16
23,16,1,10,16
23,16,1,12,16
23,16,1,10,16
23,16,1,15,16
23,16,1,9,16
23,16,1,15,16
23,16,1,11,16
23,16,1,12,16
23,16,1,9,16
23,16,1,10,16
23,16,1,13,16
23,16,1,18,16
23,16,1,17,16
23,16,1,5,16
23,16,1,10,16
23,16,0,22,10
23,16,1,17,16
23,16,1,19,16
23,16,1,12,16
23,16,1,18,16
23,16,1,20,16
23,16,1,16,16
23,16,1,13,16
23,16,1,11,16
23,16,1,17,16
23,16,1,8,16
23,16,1,19,16
23,16,1,15,16
23,16,1,10,16
23,16,1,7,16
23,16,1,8,16
23,16,1,17,16
23,16,1,11,16
23,16,1,5,16
23,16,1,18,16
23,16,1,6,16
23,16,1,13,16
23,16,1,7,16
23,16,1,7,16
23,16,1,9,16
23,16,1,21,16
23,16,1,6,16
23,16,1,12,16
23,16,1,17,16
23,16,1,17,16
23,16,1,18,16
23,16,1,11,16
23,16,0,22,8
23,16,1,9,16
23,16,1,10,16
23,16,1,10,16
23,16,1,14,16
23,16,1,12,16
23,16,0,22,14
23,16,1,13,16
23,16,1,11,16
23,16,1,7,16
23,16,1,12,16
23,16,1,3,16
23,16,1,16,16
23,16,1,18,16
23,16,1,21,16
23,16,1,10,16
23,16,1,8,16
23,16,1,15,16
23,16,1,9,16
23,16,1,14,16
23,16,1,15,16
23,16,1,5,16
23,16,1,7,16
23,16,1,9,16
23,16,1,9,16
23,16,1,14,16
23,16,1,9,16
23,16,1,12,16
23,16,1,6,16
23,16,1,17,16
23,16,1,15,16
23,16,1,19,16
23,16,1,16,16
23,16,1,12,16
23,16,1,10,16
23,16,1,12,16
23,16,1,19,16
23,16,1,11,16
23,16,0,22,11
23,16,1,19,16
23,16,1,2,16
23,16,1,9,16
23,16,1,12,16
23,16,1,12,16
23,17,1,5,17
23,17,1,20,17
23,17,1,11,17
23,17,1,5,17
23,17,1,15,17
23,17,1,15,17
23,17,0,22,14
23,17,1,11,17
23,17,1,7,17
23,17,1,13,17
23,17,1,9,17
23,17,1,14,17
23,17,1,8,17
23,17,1,18,17
23,17,1,10,17
23,17,1,11,17
23,17,1,13,17
23,17,1,17,17
23,17,1,11,17
23,17,1,8,17
23,17,0,22,11
23,17,1,15,17
23,17,1,15,17
23,17,1,17,17
23,17,1,11,17
23,17,0,22,4
23,17,1,11,17
23,17,1,21,17
23,17,1,18,17
23,17,1,12,17
23,17,1,9,17
23,17,1,5,17
23,17,0,22,13
23,17,1,16,17
23,17,1,7,17
23,17,1,14,17
23,17,1,11,17
23,17,1,4,17
23,17,1,18,17
23,17,1,16,17
23,17,1,12,17
23,17,1,19,17
23,17,1,20,17
23,17,1,18,17
23,17,1,14,17
23,17,1,16,17
23,17,1,10,17
23,17,1,12,17
23,17,1,10,17
23,17,1,16,17
23,17,1,8,17
23,17,0,22,12
23,17,1,10,17
23,17,1,14,17
23,17,1,17,17
23,17,1,13,17
23,17,1,4,17
23,17,1,18,17
23,17,1,16,17
23,17,1,7,17
23,17,1,10,17
23,17,1,13,17
23,17,1,15,17
23,17,0,22,11
23,17,1,9,17
23,17,1,13,17
23,17,1,14,17
23,17,1,20,17
23,17,1,11,17
23,17,1,9,17
23,17,0,22,16
23,17,1,18,17
23,17,1,9,17
23,17,0,22,15
23,17,0,22,13
23,17,0,22,11
23,17,1,20,17
23,17,1,15,17
23,17,1,6,17
23,17,1,17,17
23,17,1,9,17
23,17,1,7,17
23,17,1,14,17
23,17,1,15,17
23,17,1,8,17
23,17,1,16,17
23,17,1,13,17
23,17,1,7,17
23,17,1,12,17
23,17,1,13,17
23,17,0,22,11
23,17,1,6,17
23,17,1,18,17
23,17,1,5,17
23,17,1,18,17
23,17,1,17,17
23,17,1,13,17
23,17,0,22,9
23,17,1,19,17
23,17,1,12,17
23,18,1,16,18
23,18,1,12,18
23,18,0,22,10
23,18,1,8,18
23,18,1,18,18
23,18,1,15,18
23,18,1,10,18
23,18,1,8,18
23,18,0,22,12
23,18,1,12,18
23,18,1,9,18
23,18,1,17,18
23,18,0,22,5
23,18,1,9,18
23,18,1,17,18
23,18,1,17,18
23,18,1,4,18
23,18,1,9,18
23,18,0,22,14
23,18,1,11,18
23,18,1,14,18
23,18,1,9,18
23,18,1,13,18
23,18,1,7,18
23,18,1,20,18
23,18,1,11,18
23,18,1,19,18
23,18,1,3,18
23,18,1,17,18
23,18,1,11,18
23,18,1,10,18
23,18,1,12,18
23,18,1,9,18
23,18,1,14,18
23,18,1,13,18
23,18,1,6,18
23,18,1,13,18
23,18,1,11,18
23,18,0,22,10
23,18,1,8,18
23,18,1,13,18
23,18,1,7,18
23,18,1,12,18
23,18,1,7,18
23,18,1,11,18
23,18,0,22,15
23,18,1,18,18
23,18,1,19,18
23,18,0,22,11
23,18,1,6,18
23,18,1,14,18
23,18,0,22,13
23,18,1,14,18
23,18,1,10,18
23,18,1,10,18
23,18,1,15,18
23,18,1,16,18
23,18,1,7,18
23,18,1,18,18
23,18,1,19,18
23,18,1,20,18
23,18,1,5,18
23,18,0,22,11
23,18,1,13,18
23,18,1,12,18
23,18,1,7,18
23,18,1,14,18
23,18,0,22,15
23,18,1,16,18
23,18,1,18,18
23,18,1,18,18
23,18,1,12,18
23,18,1,16,18
23,18,1,11,18
23,18,0,22,9
23,18,1,5,18
23,18,1,21,18
23,18,0,22,12
23,18,1,10,18
23,18,1,17,18
23,18,1,16,18
23,18,1,10,18
23,18,0,22,14
23,18,1,13,18
23,18,1,19,18
23,18,1,18,18
23,18,0,22,9
23,18,1,11,18
23,18,1,15,18
23,18,0,22,16
23,18,0,22,9
23,18,0,22,10
23,18,1,19,18
23,18,1,9,18
23,18,1,19,18
23,18,1,8,18
23,18,1,12,18
23,18,1,12,18
23,18,1,11,18
23,18,1,12,18
23,19,1,14,19
23,19,1,20,19
23,19,1,15,19
23,19,1,12,19
23,19,0,22,18
23,19,1,19,19
23,19,1,16,19
23,19,0,22,14
23,19,1,11,19
23,19,0,22,16
23,19,1,3,19
23,19,1,20,19
23,19,1,14,19
23,19,0,22,15
23,19,1,14,19
23,19,1,20,19
23,19,1,17,19
23,19,1,20,19
23,19,1,17,19
23,19,0,22,18
23,19,1,13,19
23,19,1,12,19
23,19,1,13,19
23,19,1,20,19
23,19,1,17,19
23,19,1,13,19
23,19,1,17,19
23,19,1,19,19
23,19,1,11,19
23,19,0,22,12
23,19,1,10,19
23,19,1,19,19
23,19,0,22,8
23,19,0,22,16
23,19,1,21,19
23,19,0,22,8
23,19,1,10,19
23,19,0,22,16
23,19,0,22,12
23,19,0,22,15
23,19,1,12,19
23,19,1,15,19
23,19,1,11,19
23,19,1,17,19
23,19,1,16,19
23,19,1,13,19
23,19,1,19,19
23,19,0,22,11
23,19,0,22,17
23,19,0,22,15
23,19,1,18,19
23,19,1,12,19
23,19,0,22,12
23,19,1,10,19
23,19,0,22,14
23,19,0,22,11
23,19,1,4,19
23,19,1,11,19
23,19,1,13,19
23,19,1,21,19
23,19,0,22,11
23,19,0,22,15
23,19,1,21,19
23,19,0,22,9
23,19,0,22,17
23,19,1,18,19
23,19,1,15,19
23,19,1,19,19
23,19,1,15,19
23,19,1,15,19
23,19,1,10,19
23,19,1,15,19
23,19,1,7,19
23,19,1,15,19
23,19,1,9,19
23,19,0,22,15
23,19,1,12,19
23,19,1,10,19
23,19,1,18,19
23,19,0,22,15
23,19,1,20,19
23,19,0,22,16
23,19,1,12,19
23,19,1,13,19
23,19,1,11,19
23,19,1,16,19
23,19,1,21,19
23,19,1,6,19
23,19,1,12,19
23,19,1,14,19
23,19,1,10,19
23,19,1,10,19
23,19,0,22,16
23,19,1,16,19
23,19,1,11,19
23,19,1,16,19
23,19,1,18,19
23,19,1,9,19
23,19,0,22,16
23,19,0,22,17
23,20,0,22,16
23,20,1,16,20
23,20,0,22,15
23,20,0,22,15
23,20,1,8,20
23,20,1,15,20
23,20,0,22,13
23,20,1,17,20
23,20,1,16,20
23,20,1,4,20
23,20,1,17,20
23,20,1,20,20
23,20,1,12,20
23,20,1,12,20
23,20,0,22,18
23,20,1,10,20
23,20,0,22,13
23,20,1,9,20
23,20,0,22,15
23,20,1,14,20
23,20,1,19,20
23,20,0,22,14
23,20,1,18,20
23,20,1,20,20
23,20,0,22,16
23,20,0,22,9
23,20,1,19,20
23,20,1,10,20
23,20,0,22,18
23,20,0,22,19
23,20,1,10,20
23,20,0,22,18
23,20,1,12,20
23,20,1,12,20
23,20,0,22,14
23,20,1,16,20
23,20,1,10,20
23,20,1,15,20
23,20,1,18,20
23,20,1,16,20
23,20,1,13,20
23,20,1,17,20
23,20,1,11,20
23,20,1,11,20
23,20,0,22,15
23,20,1,13,20
23,20,0,22,13
23,20,0,22,9
23,20,1,15,20
23,20,1,7,20
23,20,1,17,20
23,20,1,19,20
23,20,0,22,13
23,20,0,22,17
23,20,0,22,14
23,20,1,3,20
23,20,1,8,20
23,20,1,10,20
23,20,1,20,20
23,20,1,9,20
23,20,1,19,20
23,20,1,10,20
23,20,1,12,20
23,20,0,22,19
23,20,1,10,20
23,20,1,13,20
23,20,1,7,20
23,20,1,20,20
23,20,1,9,20
23,20,1,14,20
23,20,1,9,20
23,20,0,22,12
23,20,1,7,20
23,20,1,15,20
23,20,1,16,20
23,20,1,10,20
23,20,1,12,20
23,20,1,16,20
23,20,0,22,15
23,20,1,17,20
23,20,0,22,13
23,20,0,22,8
23,20,1,3,20
23,20,0,22,15
23,20,1,10,20
23,20,0,22,13
23,20,1,13,20
23,20,1,17,20
23,20,1,6,20
23,20,1,2,20
23,20,1,15,20
23,20,1,16,20
23,20,1,7,20
23,20,1,19,20
23,20,1,14,20
23,20,1,19,20
23,20,1,11,20
23,20,0,22,19
23,20,1,11,20
23,20,1,12,20
24,1,1,0,1
24,1,1,0,1
24,1,1,0,1
24,1,1,0,1
24,1,1,0,1
24,1,1,1,1
24,1,1,1,1
24,1,1,0,1
24,1,1,2,1
24,1,1,1,1
24,1,1,1,1
24,1,1,0,1
24,1,1,0,1
24,1,1,0,1
24,1,1,0,1
24,1,1,1,1
24,1,1,0,1
24,1,1,0,1
24,1,1,0,1
24,1,1,0,1
24,1,1,7,1
24,1,1,2,1
24,1,1,1,1
24,1,1,0,1
24,1,1,0,1
24,1,1,1,1
24,1,1,0,1
24,1,1,1,1
24,1,1,0,1
24,1,1,1,1
24,1,1,0,1
24,1,1,1,1
24,1,1,0,1
24,1,1,1,1
24,1,1,1,1
24,1,1,0,1
24,1,1,0,1
24,1,1,0,1
24,1,1,0,1
24,1,1,0,1
24,1,1,1,1
24,1,1,2,1
24,1,1,0,1
24,1,1,0,1
24,1,1,0,1
24,1,1,1,1
24,1,1,1,1
24,1,1,0,1
24,1,1,2,1
24,1,1,0,1
24,1,1,0,1
24,1,1,2,1
24,1,1,0,1
24,1,1,3,1
24,1,1,0,1
24,1,1,0,1
24,1,1,0,1
24,1,1,1,1
24,1,1,0,1
24,1,1,0,1
24,1,1,0,1
24,1,1,0,1
24,1,1,0,1
24,1,1,1,1
24,1,1,0,1
24,1,1,1,1
24,1,1,1,1
24,1,1,0,1
24,1,1,0,1
24,1,1,0,1
24,1,1,0,1
24,1,1,3,1
24,1,1,0,1
24,1,1,0,1
24,1,1,1,1
24,1,1,0,1
24,1,1,0,1
24,1,1,0,1
24,1,1,0,1
24,1,1,0,1
24,1,1,0,1
24,1,1,0,1
24,1,1,2,1
24,1,1,0,1
24,1,1,0,1
24,1,1,0,1
24,1,1,0,1
24,1,1,0,1
24,1,1,0,1
24,1,1,0,1
24,1,1,0,1
24,1,1,0,1
24,1,1,1,1
24,1,1,0,1
24,1,1,0,1
24,1,1,0,1
24,1,1,0,1
24,1,1,3,1
24,1,1,1,1
24,1,1,0,1
24,2,1,3,2
24,2,1,2,2
24,2,1,5,2
24,2,1,1,2
24,2,1,5,2
24,2,1,1,2
24,2,1,3,2
24,2,1,3,2
24,2,1,6,2
24,2,1,0,2
24,2,1,0,2
24,2,1,2,2
24,2,1,1,2
24,2,1,0,2
24,2,1,0,2
24,2,1,2,2
24,2,1,0,2
24,2,1,3,2
24,2,1,0,2
24,2,1,3,2
24,2,1,0,2
24,2,1,6,2
24,2,1,0,2
24,2,1,1,2
24,2,1,0,2
24,2,1,3,2
24,2,1,3,2
24,2,1,1,2
24,2,1,5,2
24,2,1,2,2
24,2,1,0,2
24,2,1,3,2
24,2,1,4,2
24,2,1,5,2
24,2,1,1,2
24,2,1,5,2
24,2,1,1,2
24,2,1,4,2
24,2,1,2,2
24,2,1,4,2
24,2,1,1,2
24,2,1,0,2
24,2,1,3,2
24,2,1,1,2
24,2,1,3,2
24,2,1,0,2
24,2,1,1,2
24,2,1,4,2
24,2,1,1,2
24,2,1,0,2
24,2,1,4,2
24,2,1,2,2
24,2,1,1,2
24,2,1,1,2
24,2,1,0,2
24,2,1,3,2
24,2,1,4,2
24,2,1,1,2
24,2,1,1,2
24,2,1,0,2
24,2,1,1,2
24,2,1,1,2
24,2,1,1,2
24,2,1,0,2
24,2,1,1,2
24,2,1,1,2
24,2,1,1,2
24,2,1,1,2
24,2,1,0,2
24,2,1,1,2
24,2,1,1,2
24,2,1,0,2
24,2,1,0,2
24,2,1,2,2
24,2,1,1,2
24,2,1,4,2
24,2,1,0,2
24,2,1,0,2
24,2,1,4,2
24,2,1,2,2
24,2,1,2,2
24,2,1,0,2
24,2,1,3,2
24,2,1,3,2
24,2,1,1,2
24,2,1,2,2
24,2,1,2,2
24,2,1,0,2
24,2,1,2,2
24,2,1,2,2
24,2,1,0,2
24,2,1,1,2
24,2,1,0,2
24,2,1,0,2
24,2,1,3,2
24,2,1,0,2
24,2,1,1,2
24,2,1,0,2
24,2,1,0,2
24,2,1,4,2
24,3,1,5,3
24,3,1,13,3
24,3,1,0,3
24,3,1,5,3
24,3,1,2,3
24,3,1,3,3
24,3,1,0,3
24,3,1,10,3
24,3,1,3,3
24,3,1,2,3
24,3,1,1,3
24,3,1,0,3
24,3,1,2,3
24,3,1,4,3
24,3,1,0,3
24,3,1,0,3
24,3,1,5,3
24,3,1,3,3
24,3,1,0,3
24,3,1,2,3
24,3,1,0,3
24,3,1,2,3
24,3,1,1,3
24,3,1,3,3
24,3,1,1,3
24,3,1,3,3
24,3,1,4,3
24,3,1,2,3
24,3,1,1,3
24,3,1,0,3
24,3,1,0,3
24,3,1,1,3
24,3,1,0,3
24,3,1,1,3
24,3,1,3,3
24,3,1,1,3
24,3,1,1,3
24,3,1,0,3
24,3,1,5,3
24,3,1,6,3
24,3,1,0,3
24,3,1,1,3
24,3,1,2,3
24,3,1,1,3
24,3,1,3,3
24,3,1,4,3
24,3,1,2,3
24,3,1,4,3
24,3,1,1,3
24,3,1,2,3
24,3,1,1,3
24,3,1,3,3
24,3,1,0,3
24,3,1,3,3
24,3,1,9,3
24,3,1,5,3
24,3,1,0,3
24,3,1,3,3
24,3,1,1,3
24,3,1,4,3
24,3,1,2,3
24,3,1,4,3
24,3,1,0,3
24,3,1,0,3
24,3,1,1,3
24,3,1,10,3
24,3,1,2,3
24,3,1,2,3
24,3,1,1,3
24,3,1,1,3
24,3,1,5,3
24,3,1,4,3
24,3,1,0,3
24,3,1,1,3
24,3,1,2,3
24,3,1,4,3
24,3,1,3,3
24,3,1,0,3
24,3,1,2,3
24,3,1,2,3
24,3,1,9,3
24,3,1,1,3
24,3,1,0,3
24,3,1,1,3
24,3,1,1,3
24,3,1,3,3
24,3,1,2,3
24,3,1,0,3
24,3,1,3,3
24,3,1,2,3
24,3,1,1,3
24,3,1,3,3
24,3,1,2,3
24,3,1,4,3
24,3,1,2,3
24,3,1,0,3
24,3,1,4,3
24,3,1,2,3
24,3,1,0,3
24,3,1,1,3
24,4,1,1,4
24,4,1,1,4
24,4,1,1,4
24,4,1,1,4
24,4,1,0,4
24,4,1,2,4
24,4,1,4,4
24,4,1,3,4
24,4,1,3,4
24,4,1,1,4
24,4,1,3,4
24,4,1,1,4
24,4,1,0,4
24,4,1,3,4
24,4,1,4,4
24,4,1,1,4
24,4,1,2,4
24,4,1,4,4
24,4,1,0,4
24,4,1,1,4
24,4,1,0,4
24,4,1,4,4
24,4,1,1,4
24,4,1,2,4
24,4,1,0,4
24,4,1,0,4
24,4,1,6,4
24,4,1,2,4
24,4,1,6,4
24,4,1,6,4
24,4,1,1,4
24,4,1,0,4
24,4,1,10,4
24,4,1,2,4
24,4,1,2,4
24,4,1,1,4
24,4,1,8,4
24,4,1,2,4
24,4,1,0,4
24,4,1,1,4
24,4,1,4,4
24,4,1,2,4
24,4,1,4,4
24,4,1,7,4
24,4,1,9,4
24,4,1,2,4
24,4,1,6,4
24,4,1,3,4
24,4,1,5,4
24,4,1,0,4
24,4,1,2,4
24,4,1,5,4
24,4,1,4,4
24,4,1,5,4
24,4,1,0,4
24,4,1,3,4
24,4,1,0,4
24,4,1,2,4
24,4,1,7,4
24,4,1,5,4
24,4,1,3,4
24,4,1,4,4
24,4,1,4,4
24,4,1,1,4
24,4,1,4,4
24,4,1,1,4
24,4,1,2,4
24,4,1,2,4
24,4,1,2,4
24,4,1,3,4
24,4,1,1,4
24,4,1,6,4
24,4,1,0,4
24,4,1,1,4
24,4,1,1,4
24,4,1,2,4
24,4,1,3,4
24,4,1,2,4
24,4,1,2,4
24,4,1,0,4
24,4,1,0,4
24,4,1,4,4
24,4,1,2,4
24,4,1,0,4
24,4,1,7,4
24,4,1,0,4
24,4,1,1,4
24,4,1,2,4
24,4,1,0,4
24,4,1,2,4
24,4,1,0,4
24,4,1,4,4
24,4,1,0,4
24,4,1,1,4
24,4,1,13,4
24,4,1,1,4
24,4,1,6,4
24,4,1,3,4
24,4,1,2,4
24,4,1,5,4
24,5,1,4,5
24,5,1,2,5
24,5,1,4,5
24,5,1,1,5
24,5,1,8,5
24,5,1,15,5
24,5,1,2,5
24,5,1,7,5
24,5,1,7,5
24,5,1,2,5
24,5,1,0,5
24,5,1,4,5
24,5,1,4,5
24,5,1,5,5
24,5,1,4,5
24,5,1,0,5
24,5,1,3,5
24,5,1,17,5
24,5,1,3,5
24,5,1,2,5
24,5,1,6,5
24,5,1,0,5
24,5,1,6,5
24,5,1,2,5
24,5,1,7,5
24,5,1,0,5
24,5,1,3,5
24,5,1,4,5
24,5,1,3,5
24,5,1,4,5
24,5,1,2,5
24,5,1,5,5
24,5,1,6,5
24,5,1,2,5
24,5,1,8,5
24,5,1,4,5
24,5,1,2,5
24,5,1,0,5
24,5,1,6,5
24,5,1,1,5
24,5,1,3,5
24,5,1,3,5
24,5,1,4,5
24,5,1,2,5
24,5,1,0,5
24,5,1,3,5
24,5,1,8,5
24,5,1,6,5
24,5,1,2,5
24,5,1,2,5
24,5,1,1,5
24,5,1,1,5
24,5,1,8,5
24,5,1,2,5
24,5,1,5,5
24,5,1,9,5
24,5,1,5,5
24,5,1,9,5
24,5,1,0,5
24,5,1,1,5
24,5,1,1,5
24,5,1,3,5
24,5,1,8,5
24,5,1,2,5
24,5,1,3,5
24,5,1,1,5
24,5,1,7,5
24,5,1,5,5
24,5,1,1,5
24,5,1,4,5
24,5,1,8,5
24,5,1,3,5
24,5,1,6,5
24,5,1,8,5
24,5,1,3,5
24,5,1,3,5
24,5,1,3,5
24,5,1,5,5
24,5,1,5,5
24,5,1,6,5
24,5,1,0,5
24,5,1,2,5
24,5,1,0,5
24,5,1,2,5
24,5,1,5,5
24,5,1,5,5
24,5,1,7,5
24,5,1,6,5
24,5,1,13,5
24,5,1,1,5
24,5,1,1,5
24,5,1,5,5
24,5,1,9,5
24,5,1,3,5
24,5,1,0,5
24,5,1,2,5
24,5,1,0,5
24,5,1,1,5
24,5,1,6,5
24,5,1,0,5
24,6,1,1,6
24,6,1,7,6
24,6,1,2,6
24,6,1,9,6
24,6,1,2,6
24,6,1,3,6
24,6,1,3,6
24,6,1,3,6
24,6,1,5,6
24,6,1,6,6
24,6,1,7,6
24,6,1,2,6
24,6,1,7,6
24,6,1,2,6
24,6,1,2,6
24,6,1,8,6
24,6,1,4,6
24,6,1,9,6
24,6,1,10,6
24,6,1,0,6
24,6,1,6,6
24,6,1,7,6
24,6,1,8,6
24,6,1,10,6
24,6,1,2,6
24,6,1,4,6
24,6,1,4,6
24,6,1,9,6
24,6,1,2,6
24,6,1,2,6
24,6,1,6,6
24,6,1,3,6
24,6,1,7,6
24,6,1,1,6
24,6,1,0,6
24,6,1,15,6
24,6,1,2,6
24,6,1,6,6
24,6,1,12,6
24,6,1,6,6
24,6,1,1,6
24,6,1,6,6
24,6,1,3,6
24,6,1,1,6
24,6,1,7,6
24,6,1,2,6
24,6,1,1,6
24,6,1,10,6
24,6,1,3,6
24,6,1,5,6
24,6,1,4,6
24,6,1,2,6
24,6,1,2,6
24,6,1,8,6
24,6,1,6,6
24,6,1,4,6
24,6,1,12,6
24,6,1,8,6
24,6,1,3,6
24,6,1,3,6
24,6,1,12,6
24,6,1,2,6
24,6,1,8,6
24,6,1,0,6
24,6,1,4,6
24,6,1,3,6
24,6,1,4,6
24,6,1,4,6
24,6,1,5,6
24,6,1,0,6
24,6,1,7,6
24,6,1,6,6
24,6,1,5,6
24,6,1,7,6
24,6,1,1,6
24,6,1,3,6
24,6,1,6,6
24,6,1,2,6
24,6,1,8,6
24,6,1,8,6
24,6,1,12,6
24,6,1,12,6
24,6,1,6,6
24,6,1,5,6
24,6,1,6,6
24,6,1,5,6
24,6,1,5,6
24,6,1,0,6
24,6,1,7,6
24,6,1,6,6
24,6,1,8,6
24,6,1,11,6
24,6,1,0,6
24,6,1,4,6
24,6,1,3,6
24,6,1,3,6
24,6,1,5,6
24,6,1,10,6
24,6,1,6,6
24,6,1,0,6
24,7,1,7,7
24,7,1,7,7
24,7,1,7,7
24,7,1,4,7
24,7,1,20,7
24,7,1,7,7
24,7,1,4,7
24,7,1,15,7
24,7,1,5,7
24,7,1,4,7
24,7,1,5,7
24,7,1,5,7
24,7,1,7,7
24,7,1,2,7
24,7,1,3,7
24,7,1,2,7
24,7,1,4,7
24,7,1,8,7
24,7,1,11,7
24,7,1,7,7
24,7,1,5,7
24,7,1,10,7
24,7,1,3,7
24,7,1,13,7
24,7,1,9,7
24,7,1,2,7
24,7,1,4,7
24,7,1,3,7
24,7,1,8,7
24,7,1,4,7
24,7,1,7,7
24,7,1,8,7
24,7,1,7,7
24,7,1,14,7
24,7,1,8,7
24,7,1,10,7
24,7,1,1,7
24,7,1,11,7
24,7,1,11,7
24,7,1,3,7
24,7,1,7,7
24,7,1,2,7
24,7,1,13,7
24,7,1,7,7
24,7,1,8,7
24,7,1,3,7
24,7,1,6,7
24,7,1,5,7
24,7,1,5,7
24,7,1,3,7
24,7,1,2,7
24,7,1,4,7
24,7,1,3,7
24,7,1,6,7
24,7,1,2,7
24,7,1,5,7
24,7,1,6,7
24,7,1,9,7
24,7,1,0,7
24,7,1,5,7
24,7,1,4,7
24,7,1,2,7
24,7,1,3,7
24,7,1,7,7
24,7,1,2,7
24,7,1,9,7
24,7,1,1,7
24,7,1,2,7
24,7,1,4,7
24,7,1,3,7
24,7,1,4,7
24,7,1,10,7
24,7,1,3,7
24,7,1,17,7
24,7,1,3,7
24,7,1,3,7
24,7,1,5,7
24,7,1,1,7
24,7,1,18,7
24,7,1,3,7
24,7,1,9,7
24,7,1,2,7
24,7,1,7,7
24,7,1,3,7
24,7,1,12,7
24,7,1,5,7
24,7,1,6,7
24,7,1,10,7
24,7,1,8,7
24,7,1,6,7
24,7,1,5,7
24,7,1,7,7
24,7,1,5,7
24,7,1,4,7
24,7,1,7,7
24,7,1,9,7
24,7,1,5,7
24,7,1,3,7
24,7,1,5,7
24,7,1,6,7
24,8,1,4,8
24,8,1,8,8
24,8,1,6,8
24,8,1,4,8
24,8,1,15,8
24,8,1,7,8
24,8,1,6,8
24,8,1,7,8
24,8,1,2,8
24,8,1,1,8
24,8,1,5,8
24,8,1,2,8
24,8,1,11,8
24,8,1,8,8
24,8,1,8,8
24,8,1,3,8
24,8,1,8,8
24,8,1,10,8
24,8,1,3,8
24,8,1,6,8
24,8,1,6,8
24,8,1,9,8
24,8,1,6,8
24,8,1,3,8
24,8,1,5,8
24,8,1,3,8
24,8,1,3,8
24,8,1,5,8
24,8,1,4,8
24,8,1,5,8
24,8,1,2,8
24,8,1,4,8
24,8,1,3,8
24,8,1,3,8
24,8,1,4,8
24,8,1,14,8
24,8,1,8,8
24,8,1,0,8
24,8,1,4,8
24,8,1,0,8
24,8,1,11,8
24,8,1,6,8
24,8,1,5,8
24,8,1,4,8
24,8,1,3,8
24,8,1,4,8
24,8,1,14,8
24,8,1,9,8
24,8,1,6,8
24,8,1,4,8
24,8,1,6,8
24,8,1,8,8
24,8,1,9,8
24,8,1,7,8
24,8,1,4,8
24,8,1,5,8
24,8,1,11,8
24,8,1,2,8
24,8,1,1,8
24,8,1,6,8
24,8,1,14,8
24,8,1,11,8
24,8,1,2,8
24,8,1,11,8
24,8,1,4,8
24,8,1,4,8
24,8,1,6,8
24,8,1,3,8
24,8,1,10,8
24,8,1,2,8
24,8,1,3,8
24,8,1,6,8
24,8,1,15,8
24,8,1,8,8
24,8,1,2,8
24,8,1,8,8
24,8,1,5,8
24,8,1,3,8
24,8,1,2,8
24,8,1,3,8
24,8,1,17,8
24,8,1,7,8
24,8,1,12,8
24,8,1,8,8
24,8,1,7,8
24,8,1,8,8
24,8,1,11,8
24,8,1,8,8
24,8,1,6,8
24,8,1,6,8
24,8,1,5,8
24,8,1,11,8
24,8,1,3,8
24,8,1,6,8
24,8,1,7,8
24,8,1,7,8
24,8,1,6,8
24,8,1,8,8
24,8,1,0,8
24,8,1,17,8
24,9,1,6,9
24,9,1,9,9
24,9,1,5,9
24,9,1,2,9
24,9,1,8,9
24,9,1,12,9
24,9,1,8,9
24,9,1,6,9
24,9,1,3,9
24,9,1,13,9
24,9,1,7,9
24,9,1,9,9
24,9,1,11,9
24,9,1,6,9
24,9,1,11,9
24,9,1,9,9
24,9,1,2,9
24,9,1,5,9
24,9,1,4,9
24,9,1,6,9
24,9,1,8,9
24,9,1,9,9
24,9,1,13,9
24,9,1,5,9
24,9,1,9,9
24,9,1,3,9
24,9,1,13,9
24,9,1,9,9
24,9,1,3,9
24,9,1,3,9
24,9,1,1,9
24,9,1,7,9
24,9,1,12,9
24,9,1,2,9
24,9,1,5,9
24,9,1,7,9
24,9,1,1,9
24,9,1,4,9
24,9,1,9,9
24,9,1,2,9
24,9,1,9,9
24,9,1,4,9
24,9,1,7,9
24,9,1,2,9
24,9,1,8,9
24,9,1,1,9
24,9,1,6,9
24,9,1,4,9
24,9,1,11,9
24,9,1,6,9
24,9,1,9,9
24,9,1,3,9
24,9,1,18,9
24,9,1,13,9
24,9,1,5,9
24,9,1,7,9
24,9,1,14,9
24,9,1,0,9
24,9,1,3,9
24,9,1,6,9
24,9,1,13,9
24,9,1,7,9
24,9,1,14,9
24,9,1,11,9
24,9,1,3,9
24,9,1,5,9
24,9,1,3,9
24,9,1,9,9
24,9,1,10,9
24,9,1,8,9
24,9,1,3,9
24,9,1,6,9
24,9,1,4,9
24,9,1,6,9
24,9,1,7,9
24,9,1,3,9
24,9,1,3,9
24,9,1,1,9
24,9,1,13,9
24,9,1,7,9
24,9,1,5,9
24,9,1,5,9
24,9,1,10,9
24,9,1,10,9
24,9,1,5,9
24,9,1,14,9
24,9,1,2,9
24,9,1,10,9
24,9,1,3,9
24,9,1,8,9
24,9,1,4,9
24,9,1,13,9
24,9,1,9,9
24,9,1,6,9
24,9,1,3,9
24,9,1,3,9
24,9,1,12,9
24,9,1,4,9
24,9,1,5,9
24,9,1,8,9
24,10,1,15,10
24,10,1,4,10
24,10,1,3,10
24,10,1,5,10
24,10,1,6,10
24,10,1,7,10
24,10,1,8,10
24,10,1,1,10
24,10,1,11,10
24,10,1,11,10
24,10,1,6,10
24,10,1,8,10
24,10,1,6,10
24,10,1,8,10
24,10,1,8,10
24,10,1,10,10
24,10,1,6,10
24,10,1,15,10
24,10,1,4,10
24,10,1,5,10
24,10,1,10,10
24,10,1,6,10
24,10,1,7,10
24,10,1,7,10
24,10,1,7,10
24,10,1,14,10
24,10,1,7,10
24,10,1,3,10
24,10,1,10,10
24,10,1,2,10
24,10,1,12,10
24,10,1,4,10
24,10,1,5,10
24,10,1,13,10
24,10,1,7,10
24,10,0,23,8
24,10,1,8,10
24,10,1,6,10
24,10,1,10,10
24,10,1,8,10
24,10,1,3,10
24,10,1,11,10
24,10,1,4,10
24,10,1,2,10
24,10,1,4,10
24,10,1,10,10
24,10,1,2,10
24,10,1,4,10
24,10,1,11,10
24,10,1,2,10
24,10,1,7,10
24,10,1,9,10
24,10,1,14,10
24,10,1,13,10
24,10,1,10,10
24,10,1,4,10
24,10,1,8,10
24,10,1,8,10
24,10,1,10,10
24,10,1,7,10
24,10,1,13,10
24,10,1,7,10
24,10,1,11,10
24,10,1,4,10
24,10,1,11,10
24,10,1,13,10
24,10,1,6,10
24,10,1,14,10
24,10,1,4,10
24,10,1,16,10
24,10,1,4,10
24,10,1,11,10
24,10,1,7,10
24,10,1,9,10
24,10,1,19,10
24,10,1,12,10
24,10,1,4,10
24,10,1,3,10
24,10,1,2,10
24,10,1,5,10
24,10,1,7,10
24,10,1,14,10
24,10,1,7,10
24,10,1,9,10
24,10,1,14,10
24,10,1,5,10
24,10,1,5,10
24,10,1,12,10
24,10,1,8,10
24,10,1,3,10
24,10,1,6,10
24,10,1,10,10
24,10,1,5,10
24,10,1,11,10
24,10,1,15,10
24,10,1,6,10
24,10,1,3,10
24,10,1,20,10
24,10,1,6,10
24,10,1,7,10
24,11,1,11,11
24,11,1,7,11
24,11,1,4,11
24,11,1,5,11
24,11,1,6,11
24,11,1,12,11
24,11,1,14,11
24,11,1,17,11
24,11,1,10,11
24,11,1,5,11
24,11,1,4,11
24,11,1,19,11
24,11,1,9,11
24,11,1,15,11
24,11,1,4,11
24,11,1,19,11
24,11,1,13,11
24,11,1,2,11
24,11,1,7,11
24,11,1,10,11
24,11,1,15,11
24,11,1,7,11
24,11,1,14,11
24,11,1,20,11
24,11,1,4,11
24,11,1,9,11
24,11,1,13,11
24,11,1,10,11
24,11,1,9,11
24,11,1,10,11
24,11,1,7,11
24,11,1,10,11
24,11,1,3,11
24,11,1,12,11
24,11,1,6,11
24,11,1,5,11
24,11,1,7,11
24,11,1,4,11
24,11,1,13,11
24,11,1,14,11
24,11,1,5,11
24,11,1,7,11
24,11,1,13,11
24,11,1,10,11
24,11,1,9,11
24,11,1,13,11
24,11,1,5,11
24,11,1,6,11
24,11,1,8,11
24,11,1,1,11
24,11,1,7,11
24,11,0,23,5
24,11,1,8,11
24,11,1,12,11
24,11,1,4,11
24,11,1,6,11
24,11,1,19,11
24,11,1,10,11
24,11,1,7,11
24,11,1,2,11
24,11,1,15,11
24,11,1,10,11
24,11,1,4,11
24,11,1,6,11
24,11,1,14,11
24,11,1,9,11
24,11,1,7,11
24,11,1,2,11
24,11,1,9,11
24,11,1,11,11
24,11,1,3,11
24,11,1,8,11
24,11,1,3,11
24,11,1,7,11
24,11,1,10,11
24,11,1,12,11
24,11,1,5,11
24,11,1,7,11
24,11,1,8,11
24,11,1,15,11
24,11,1,12,11
24,11,1,12,11
24,11,1,9,11
24,11,1,9,11
24,11,1,4,11
24,11,1,15,11
24,11,1,3,11
24,11,1,13,11
24,11,1,6,11
24,11,1,1,11
24,11,1,13,11
24,11,1,11,11
24,11,1,6,11
24,11,1,17,11
24,11,1,8,11
24,11,1,8,11
24,11,1,8,11
24,11,1,20,11
24,11,1,3,11
24,11,1,10,11
24,12,1,5,12
24,12,1,6,12
24,12,1,7,12
24,12,1,6,12
24,12,1,11,12
24,12,1,11,12
24,12,1,5,12
24,12,1,20,12
24,12,1,18,12
24,12,1,9,12
24,12,1,2,12
24,12,1,7,12
24,12,1,4,12
24,12,1,15,12
24,12,1,18,12
24,12,1,14,12
24,12,1,8,12
24,12,1,3,12
24,12,1,0,12
24,12,1,13,12
24,12,1,22,12
24,12,1,5,12
24,12,1,7,12
24,12,1,7,12
24,12,1,18,12
24,12,1,4,12
24,12,1,13,12
24,12,0,23,9
24,12,1,11,12
24,12,1,8,12
24,12,1,10,12
24,12,1,10,12
24,12,1,13,12
24,12,1,9,12
24,12,1,3,12
24,12,1,5,12
24,12,1,12,12
24,12,1,6,12
24,12,1,3,12
24,12,1,8,12
24,12,1,11,12
24,12,1,11,12
24,12,1,15,12
24,12,1,20,12
24,12,1,15,12
24,12,1,4,12
24,12,1,5,12
24,12,1,7,12
24,12,1,12,12
24,12,1,5,12
24,12,1,9,12
24,12,1,3,12
24,12,1,8,12
24,12,1,5,12
24,12,1,13,12
24,12,1,4,12
24,12,1,3,12
24,12,1,11,12
24,12,1,9,12
24,12,1,18,12
24,12,1,9,12
24,12,1,12,12
24,12,1,6,12
24,12,1,4,12
24,12,1,14,12
24,12,1,20,12
24,12,0,23,10
24,12,1,11,12
24,12,1,14,12
24,12,1,6,12
24,12,1,6,12
24,12,1,20,12
24,12,1,12,12
24,12,1,7,12
24,12,1,13,12
24,12,1,10,12
24,12,1,13,12
24,12,1,12,12
24,12,1,5,12
24,12,1,10,12
24,12,1,12,12
24,12,1,16,12
24,12,1,10,12
24,12,1,11,12
24,12,1,3,12
24,12,1,16,12
24,12,1,6,12
24,12,1,11,12
24,12,1,11,12
24,12,1,10,12
24,12,1,12,12
24,12,1,7,12
24,12,1,8,12
24,12,1,3,12
24,12,1,17,12
24,12,1,12,12
24,12,1,10,12
24,12,1,5,12
24,12,1,19,12
24,12,1,17,12
24,13,1,7,13
24,13,1,14,13
24,13,1,14,13
24,13,1,10,13
24,13,1,13,13
24,13,1,9,13
24,13,1,14,13
24,13,1,13,13
24,13,1,16,13
24,13,1,14,13
24,13,1,14,13
24,13,1,5,13
24,13,1,14,13
24,13,1,12,13
24,13,1,15,13
24,13,1,10,13
24,13,1,11,13
24,13,1,14,13
24,13,0,23,8
24,13,1,11,13
24,13,1,13,13
24,13,1,6,13
24,13,1,6,13
24,13,1,18,13
24,13,1,12,13
24,13,1,6,13
24,13,1,16,13
24,13,1,6,13
24,13,1,5,13
24,13,1,12,13
24,13,1,12,13
24,13,1,15,13
24,13,1,8,13
24,13,1,15,13
24,13,1,7,13
24,13,1,13,13
24,13,1,13,13
24,13,1,15,13
24,13,1,10,13
24,13,1,10,13
24,13,1,2,13
24,13,1,17,13
24,13,1,11,13
24,13,1,15,13
24,13,1,7,13
24,13,1,3,13
24,13,1,3,13
24,13,0,23,11
24,13,0,23,11
24,13,1,11,13
24,13,1,8,13
24,13,1,16,13
24,13,1,4,13
24,13,1,20,13
24,13,1,9,13
24,13,1,9,13
24,13,1,13,13
24,13,1,14,13
24,13,1,8,13
24,13,1,3,13
24,13,1,10,13
24,13,1,14,13
24,13,1,14,13
24,13,1,2,13
24,13,1,5,13
24,13,1,8,13
24,13,1,11,13
24,13,1,11,13
24,13,1,7,13
24,13,1,15,13
24,13,1,10,13
24,13,1,8,13
24,13,1,11,13
24,13,1,7,13
24,13,1,7,13
24,13,1,8,13
24,13,1,18,13
24,13,1,10,13
24,13,1,7,13
24,13,1,8,13
24,13,1,21,13
24,13,1,13,13
24,13,1,4,13
24,13,1,11,13
24,13,1,4,13
24,13,1,9,13
24,13,1,10,13
24,13,1,13,13
24,13,1,6,13
24,13,1,8,13
24,13,1,11,13
24,13,1,4,13
24,13,1,12,13
24,13,1,16,13
24,13,1,10,13
24,13,1,7,13
24,13,1,14,13
24,13,1,14,13
24,13,1,6,13
24,13,1,11,13
24,14,1,16,14
24,14,1,8,14
24,14,1,14,14
24,14,1,9,14
24,14,1,17,14
24,14,1,12,14
24,14,1,12,14
24,14,1,15,14
24,14,1,6,14
24,14,1,7,14
24,14,1,11,14
24,14,1,17,14
24,14,0,23,10
24,14,1,15,14
24,14,1,10,14
24,14,1,5,14
24,14,1,21,14
24,14,1,9,14
24,14,1,8,14
24,14,1,18,14
24,14,1,12,14
24,14,1,9,14
24,14,1,16,14
24,14,0,23,10
24,14,1,8,14
24,14,1,12,14
24,14,1,16,14
24,14,1,2,14
24,14,1,3,14
24,14,1,5,14
24,14,1,11,14
24,14,1,11,14
24,14,1,7,14
24,14,1,19,14
24,14,1,8,14
24,14,1,10,14
24,14,1,13,14
24,14,1,5,14
24,14,1,21,14
24,14,1,1,14
24,14,1,18,14
24,14,1,8,14
24,14,1,16,14
24,14,1,16,14
24,14,1,8,14
24,14,1,8,14
24,14,1,12,14
24,14,1,18,14
24,14,1,13,14
24,14,1,4,14
24,14,1,14,14
24,14,1,11,14
24,14,1,9,14
24,14,1,8,14
24,14,1,9,14
24,14,1,8,14
24,14,1,5,14
24,14,1,7,14
24,14,1,16,14
24,14,1,10,14
24,14,1,7,14
24,14,1,12,14
24,14,0,23,9
24,14,1,5,14
24,14,1,14,14
24,14,1,8,14
24,14,1,18,14
24,14,1,13,14
24,14,1,18,14
24,14,1,9,14
24,14,1,5,14
24,14,1,3,14
24,14,1,7,14
24,14,1,12,14
24,14,1,4,14
24,14,0,23,11
24,14,1,15,14
24,14,1,15,14
24,14,1,9,14
24,14,1,11,14
24,14,1,8,14
24,14,1,20,14
24,14,1,16,14
24,14,1,17,14
24,14,1,9,14
24,14,1,7,14
24,14,1,13,14
24,14,1,20,14
24,14,0,23,11
24,14,1,6,14
24,14,1,12,14
24,14,1,7,14
24,14,1,12,14
24,14,1,15,14
24,14,1,6,14
24,14,1,11,14
24,14,1,11,14
24,14,1,9,14
24,14,1,6,14
24,14,1,8,14
24,15,1,13,15
24,15,1,16,15
24,15,1,20,15
24,15,1,15,15
24,15,1,14,15
24,15,1,10,15
24,15,1,19,15
24,15,1,10,15
24,15,1,16,15
24,15,1,15,15
24,15,1,15,15
24,15,1,10,15
24,15,1,11,15
24,15,1,9,15
24,15,1,7,15
24,15,1,10,15
24,15,1,10,15
24,15,1,12,15
24,15,1,16,15
24,15,1,14,15
24,15,1,11,15
24,15,1,15,15
24,15,1,5,15
24,15,1,2,15
24,15,1,10,15
24,15,1,9,15
24,15,1,17,15
24,15,1,18,15
24,15,1,10,15
24,15,0,23,10
24,15,1,13,15
24,15,1,6,15
24,15,1,20,15
24,15,1,13,15
24,15,1,15,15
24,15,1,6,15
24,15,1,14,15
24,15,1,10,15
24,15,1,11,15
24,15,1,7,15
24,15,1,7,15
24,15,1,12,15
24,15,1,17,15
24,15,1,16,15
24,15,1,4,15
24,15,1,14,15
24,15,1,17,15
24,15,1,8,15
24,15,1,6,15
24,15,1,9,15
24,15,1,6,15
24,15,1,10,15
24,15,1,19,15
24,15,1,10,15
24,15,1,7,15
24,15,1,10,15
24,15,1,19,15
24,15,0,23,11
24,15,1,7,15
24,15,1,16,15
24,15,1,19,15
24,15,1,7,15
24,15,1,6,15
24,15,1,21,15
24,15,1,13,15
24,15,1,8,15
24,15,1,11,15
24,15,1,22,15
24,15,1,7,15
24,15,1,20,15
24,15,1,12,15
24,15,1,4,15
24,15,1,7,15
24,15,1,13,15
24,15,1,18,15
24,15,1,10,15
24,15,1,5,15
24,15,0,23,13
24,15,1,5,15
24,15,1,6,15
24,15,1,15,15
24,15,1,12,15
24,15,1,6,15
24,15,1,11,15
24,15,1,18,15
24,15,1,20,15
24,15,1,14,15
24,15,1,12,15
24,15,1,21,15
24,15,1,10,15
24,15,1,11,15
24,15,1,12,15
24,15,1,5,15
24,15,1,9,15
24,15,1,17,15
24,15,1,3,15
24,15,1,10,15
24,15,1,14,15
24,15,1,8,15
24,15,1,13,15
24,16,1,18,16
24,16,1,9,16
24,16,1,14,16
24,16,1,11,16
24,16,1,17,16
24,16,1,21,16
24,16,1,3,16
24,16,1,13,16
24,16,1,8,16
24,16,1,1,16
24,16,1,18,16
24,16,1,8,16
24,16,1,13,16
24,16,1,12,16
24,16,1,15,16
24,16,0,23,11
24,16,1,17,16
24,16,1,20,16
24,16,1,10,16
24,16,1,15,16
24,16,1,16,16
24,16,1,14,16
24,16,1,19,16
24,16,0,23,13
24,16,1,4,16
24,16,0,23,13
24,16,1,11,16
24,16,1,7,16
24,16,1,16,16
24,16,1,11,16
24,16,1,15,16
24,16,1,13,16
24,16,1,14,16
24,16,1,3,16
24,16,1,13,16
24,16,1,14,16
24,16,1,13,16
24,16,1,5,16
24,16,1,10,16
24,16,1,12,16
24,16,1,21,16
24,16,1,13,16
24,16,1,18,16
24,16,1,13,16
24,16,1,16,16
24,16,1,10,16
24,16,1,10,16
24,16,1,18,16
24,16,1,12,16
24,16,1,10,16
24,16,1,18,16
24,16,1,16,16
24,16,1,4,16
24,16,1,20,16
24,16,1,16,16
24,16,1,14,16
24,16,1,8,16
24,16,1,14,16
24,16,1,21,16
24,16,1,5,16
24,16,1,4,16
24,16,1,19,16
24,16,1,17,16
24,16,1,3,16
24,16,1,6,16
24,16,1,11,16
24,16,1,5,16
24,16,1,21,16
24,16,1,9,16
24,16,1,12,16
24,16,1,12,16
24,16,1,17,16
24,16,1,20,16
24,16,1,11,16
24,16,1,16,16
24,16,1,10,16
24,16,1,16,16
24,16,0,23,12
24,16,0,23,11
24,16,1,20,16
24,16,1,12,16
24,16,1,16,16
24,16,1,16,16
24,16,1,15,16
24,16,1,6,16
24,16,1,7,16
24,16,1,14,16
24,16,1,11,16
24,16,1,4,16
24,16,1,5,16
24,16,1,11,16
24,16,1,13,16
24,16,1,12,16
24,16,1,10,16
24,16,1,9,16
24,16,0,23,12
24,16,1,11,16
24,16,1,9,16
24,16,1,21,16
24,16,1,16,16
24,17,1,8,17
24,17,0,23,10
24,17,0,23,5
24,17,1,21,17
24,17,0,23,13
24,17,1,11,17
24,17,1,11,17
24,17,0,23,14
24,17,1,8,17
24,17,1,10,17
24,17,1,15,17
24,17,1,7,17
24,17,1,13,17
24,17,1,17,17
24,17,1,10,17
24,17,1,2,17
24,17,1,18,17
24,17,1,12,17
24,17,1,13,17
24,17,1,15,17
24,17,1,20,17
24,17,1,6,17
24,17,1,11,17
24,17,1,14,17
24,17,1,17,17
24,17,1,14,17
24,17,1,16,17
24,17,1,16,17
24,17,1,15,17
24,17,1,20,17
24,17,0,23,15
24,17,1,17,17
24,17,1,19,17
24,17,1,21,17
24,17,1,13,17
24,17,1,5,17
24,17,1,7,17
24,17,1,14,17
24,17,1,14,17
24,17,1,15,17
24,17,1,21,17
24,17,1,19,17
24,17,1,17,17
24,17,1,19,17
24,17,1,10,17
24,17,1,17,17
24,17,1,9,17
24,17,1,18,17
24,17,1,13,17
24,17,1,11,17
24,17,0,23,14
24,17,1,13,17
24,17,1,12,17
24,17,1,14,17
24,17,1,9,17
24,17,0,23,11
24,17,1,11,17
24,17,1,4,17
24,17,1,14,17
24,17,1,16,17
24,17,1,16,17
24,17,1,18,17
24,17,1,19,17
24,17,1,11,17
24,17,1,19,17
24,17,1,12,17
24,17,0,23,14
24,17,1,19,17
24,17,1,13,17
24,17,1,11,17
24,17,1,15,17
24,17,1,17,17
24,17,1,9,17
24,17,1,14,17
24,17,0,23,15
24,17,1,12,17
24,17,0,23,14
24,17,1,12,17
24,17,0,23,13
24,17,1,12,17
24,17,1,11,17
24,17,1,11,17
24,17,1,7,17
24,17,1,20,17
24,17,1,6,17
24,17,1,8,17
24,17,1,9,17
24,17,1,17,17
24,17,1,12,17
24,17,0,23,16
24,17,1,17,17
24,17,1,16,17
24,17,0,23,15
24,17,1,20,17
24,17,1,16,17
24,17,0,23,13
24,17,1,11,17
24,17,1,15,17
24,17,1,17,17
24,17,1,15,17
24,18,1,16,18
24,18,1,10,18
24,18,1,7,18
24,18,1,13,18
24,18,1,11,18
24,18,1,21,18
24,18,0,23,15
24,18,0,23,17
24,18,0,23,17
24,18,1,12,18
24,18,1,16,18
24,18,1,16,18
24,18,1,16,18
24,18,1,5,18
24,18,1,10,18
24,18,1,4,18
24,18,1,13,18
24,18,1,9,18
24,18,1,12,18
24,18,1,17,18
24,18,1,13,18
24,18,1,12,18
24,18,1,13,18
24,18,1,13,18
24,18,1,17,18
24,18,1,12,18
24,18,1,15,18
24,18,1,18,18
24,18,1,5,18
24,18,1,13,18
24,18,1,13,18
24,18,1,20,18
24,18,1,18,18
24,18,0,23,15
24,18,1,11,18
24,18,0,23,9
24,18,1,17,18
24,18,1,13,18
24,18,1,14,18
24,18,1,10,18
24,18,1,14,18
24,18,1,15,18
24,18,1,14,18
24,18,1,17,18
24,18,1,9,18
24,18,1,20,18
24,18,1,13,18
24,18,1,10,18
24,18,0,23,15
24,18,1,20,18
24,18,1,15,18
24,18,1,6,18
24,18,1,15,18
24,18,0,23,15
24,18,1,19,18
24,18,1,7,18
24,18,1,13,18
24,18,1,12,18
24,18,0,23,17
24,18,1,7,18
24,18,1,15,18
24,18,1,5,18
24,18,1,6,18
24,18,1,12,18
24,18,1,12,18
24,18,1,10,18
24,18,1,4,18
24,18,1,11,18
24,18,1,12,18
24,18,1,12,18
24,18,1,2,18
24,18,1,9,18
24,18,0,23,11
24,18,1,10,18
24,18,1,20,18
24,18,1,10,18
24,18,1,17,18
24,18,1,7,18
24,18,1,18,18
24,18,1,15,18
24,18,0,23,17
24,18,1,10,18
24,18,1,5,18
24,18,1,13,18
24,18,1,18,18
24,18,0,23,16
24,18,1,7,18
24,18,1,16,18
24,18,1,14,18
24,18,0,23,17
24,18,1,4,18
24,18,1,14,18
24,18,1,17,18
24,18,1,11,18
24,18,1,13,18
24,18,1,16,18
24,18,1,17,18
24,18,1,17,18
24,18,1,14,18
24,18,1,9,18
24,19,1,6,19
24,19,1,13,19
24,19,1,14,19
24,19,1,17,19
24,19,1,18,19
24,19,1,12,19
24,19,1,10,19
24,19,1,7,19
24,19,0,23,15
24,19,1,8,19
24,19,1,17,19
24,19,0,23,12
24,19,1,14,19
24,19,0,23,17
24,19,1,13,19
24,19,1,18,19
24,19,1,14,19
24,19,1,7,19
24,19,1,12,19
24,19,1,10,19
24,19,0,23,17
24,19,1,12,19
24,19,0,23,5
24,19,1,19,19
24,19,1,10,19
24,19,1,18,19
24,19,1,18,19
24,19,1,21,19
24,19,1,20,19
24,19,1,11,19
24,19,1,14,19
24,19,1,20,19
24,19,1,17,19
24,19,1,16,19
24,19,1,20,19
24,19,1,15,19
24,19,1,4,19
24,19,1,13,19
24,19,1,18,19
24,19,1,14,19
24,19,1,14,19
24,19,1,15,19
24,19,1,16,19
24,19,1,11,19
24,19,1,14,19
24,19,1,15,19
24,19,0,23,17
24,19,1,16,19
24,19,1,20,19
24,19,1,17,19
24,19,0,23,16
24,19,1,15,19
24,19,1,20,19
24,19,1,14,19
24,19,1,19,19
24,19,1,20,19
24,19,1,21,19
24,19,1,13,19
24,19,1,7,19
24,19,1,17,19
24,19,0,23,17
24,19,1,12,19
24,19,1,16,19
24,19,1,9,19
24,19,1,19,19
24,19,1,13,19
24,19,1,19,19
24,19,1,12,19
24,19,1,9,19
24,19,1,18,19
24,19,1,19,19
24,19,1,15,19
24,19,1,13,19
24,19,1,13,19
24,19,1,19,19
24,19,1,17,19
24,19,1,14,19
24,19,1,9,19
24,19,1,13,19
24,19,1,12,19
24,19,1,10,19
24,19,0,23,17
24,19,0,23,15
24,19,1,7,19
24,19,1,14,19
24,19,1,14,19
24,19,1,10,19
24,19,1,14,19
24,19,1,9,19
24,19,0,23,13
24,19,1,16,19
24,19,1,9,19
24,19,1,11,19
24,19,1,16,19
24,19,1,20,19
24,19,0,23,14
24,19,1,21,19
24,19,1,16,19
24,19,1,19,19
24,19,1,13,19
24,20,1,12,20
24,20,1,13,20
24,20,0,23,12
24,20,1,19,20
24,20,1,17,20
24,20,1,9,20
24,20,0,23,16
24,20,1,3,20
24,20,1,20,20
24,20,1,13,20
24,20,1,3,20
24,20,1,8,20
24,20,1,14,20
24,20,1,17,20
24,20,1,16,20
24,20,0,23,15
24,20,0,23,17
24,20,1,16,20
24,20,1,10,20
24,20,1,10,20
24,20,1,11,20
24,20,1,9,20
24,20,1,10,20
24,20,1,14,20
24,20,0,23,17
24,20,0,23,15
24,20,1,15,20
24,20,0,23,16
24,20,1,18,20
24,20,1,5,20
24,20,1,17,20
24,20,1,11,20
24,20,1,13,20
24,20,1,20,20
24,20,1,13,20
24,20,1,18,20
24,20,0,23,15
24,20,1,14,20
24,20,0,23,9
24,20,1,15,20
24,20,1,15,20
24,20,1,13,20
24,20,1,10,20
24,20,1,12,20
24,20,1,21,20
24,20,1,17,20
24,20,1,20,20
24,20,0,23,5
24,20,1,11,20
24,20,1,12,20
24,20,1,17,20
24,20,1,16,20
24,20,0,23,19
24,20,0,23,17
24,20,1,18,20
24,20,1,14,20
24,20,1,13,20
24,20,1,21,20
24,20,1,20,20
24,20,1,15,20
24,20,1,15,20
24,20,0,23,16
24,20,0,23,18
24,20,1,16,20
24,20,1,9,20
24,20,1,16,20
24,20,0,23,15
24,20,1,14,20
24,20,1,4,20
24,20,1,18,20
24,20,1,13,20
24,20,1,12,20
24,20,0,23,19
24,20,1,14,20
24,20,0,23,16
24,20,1,13,20
24,20,1,21,20
24,20,1,17,20
24,20,1,12,20
24,20,1,8,20
24,20,1,17,20
24,20,1,15,20
24,20,1,10,20
24,20,1,12,20
24,20,0,23,17
24,20,1,17,20
24,20,1,14,20
24,20,1,22,20
24,20,1,16,20
24,20,1,11,20
24,20,0,23,13
24,20,1,10,20
24,20,1,8,20
24,20,1,15,20
24,20,1,13,20
24,20,1,17,20
24,20,1,13,20
24,20,1,8,20
24,20,1,12,20
24,20,1,10,20
25,1,1,0,1
25,1,1,0,1
25,1,1,0,1
25,1,1,0,1
25,1,1,0,1
25,1,1,0,1
25,1,1,0,1
25,1,1,0,1
25,1,1,0,1
25,1,1,0,1
25,1,1,0,1
25,1,1,0,1
25,1,1,0,1
25,1,1,2,1
25,1,1,0,1
25,1,1,0,1
25,1,1,0,1
25,1,1,0,1
25,1,1,0,1
25,1,1,0,1
25,1,1,2,1
25,1,1,0,1
25,1,1,2,1
25,1,1,0,1
25,1,1,0,1
25,1,1,4,1
25,1,1,2,1
25,1,1,0,1
25,1,1,2,1
25,1,1,0,1
25,1,1,0,1
25,1,1,6,1
25,1,1,0,1
25,1,1,0,1
25,1,1,1,1
25,1,1,1,1
25,1,1,0,1
25,1,1,0,1
25,1,1,1,1
25,1,1,0,1
25,1,1,1,1
25,1,1,0,1
25,1,1,0,1
25,1,1,0,1
25,1,1,0,1
25,1,1,3,1
25,1,1,2,1
25,1,1,0,1
25,1,1,1,1
25,1,1,0,1
25,1,1,0,1
25,1,1,1,1
25,1,1,0,1
25,1,1,3,1
25,1,1,0,1
25,1,1,0,1
25,1,1,0,1
25,1,1,1,1
25,1,1,0,1
25,1,1,0,1
25,1,1,1,1
25,1,1,0,1
25,1,1,0,1
25,1,1,2,1
25,1,1,1,1
25,1,1,0,1
25,1,1,2,1
25,1,1,2,1
25,1,1,1,1
25,1,1,1,1
25,1,1,1,1
25,1,1,0,1
25,1,1,2,1
25,1,1,0,1
25,1,1,2,1
25,1,1,0,1
25,1,1,1,1
25,1,1,1,1
25,1,1,1,1
25,1,1,2,1
25,1,1,1,1
25,1,1,0,1
25,1,1,0,1
25,1,1,0,1
25,1,1,1,1
25,1,1,0,1
25,1,1,2,1
25,1,1,2,1
25,1,1,1,1
25,1,1,0,1
25,1,1,1,1
25,1,1,0,1
25,1,1,0,1
25,1,1,0,1
25,1,1,0,1
25,1,1,0,1
25,1,1,0,1
25,1,1,0,1
25,1,1,1,1
25,1,1,1,1
25,2,1,1,2
25,2,1,0,2
25,2,1,1,2
25,2,1,0,2
25,2,1,1,2
25,2,1,0,2
25,2,1,2,2
25,2,1,2,2
25,2,1,0,2
25,2,1,0,2
25,2,1,1,2
25,2,1,0,2
25,2,1,2,2
25,2,1,1,2
25,2,1,2,2
25,2,1,4,2
25,2,1,3,2
25,2,1,1,2
25,2,1,0,2
25,2,1,0,2
25,2,1,3,2
25,2,1,0,2
25,2,1,0,2
25,2,1,0,2
25,2,1,3,2
25,2,1,3,2
25,2,1,0,2
25,2,1,3,2
25,2,1,0,2
25,2,1,2,2
25,2,1,0,2
25,2,1,0,2
25,2,1,2,2
25,2,1,0,2
25,2,1,1,2
25,2,1,4,2
25,2,1,1,2
25,2,1,0,2
25,2,1,2,2
25,2,1,6,2
25,2,1,2,2
25,2,1,0,2
25,2,1,5,2
25,2,1,2,2
25,2,1,0,2
25,2,1,0,2
25,2,1,1,2
25,2,1,1,2
25,2,1,1,2
25,2,1,1,2
25,2,1,2,2
25,2,1,0,2
25,2,1,2,2
25,2,1,0,2
25,2,1,0,2
25,2,1,2,2
25,2,1,0,2
25,2,1,1,2
25,2,1,0,2
25,2,1,3,2
25,2,1,5,2
25,2,1,0,2
25,2,1,2,2
25,2,1,3,2
25,2,1,3,2
25,2,1,6,2
25,2,1,0,2
25,2,1,2,2
25,2,1,0,2
25,2,1,1,2
25,2,1,1,2
25,2,1,2,2
25,2,1,1,2
25,2,1,1,2
25,2,1,2,2
25,2,1,1,2
25,2,1,2,2
25,2,1,6,2
25,2,1,3,2
25,2,1,2,2
25,2,1,3,2
25,2,1,0,2
25,2,1,1,2
25,2,1,2,2
25,2,1,0,2
25,2,1,1,2
25,2,1,0,2
25,2,1,5,2
25,2,1,0,2
25,2,1,2,2
25,2,1,1,2
25,2,1,2,2
25,2,1,3,2
25,2,1,0,2
25,2,1,0,2
25,2,1,0,2
25,2,1,3,2
25,2,1,1,2
25,2,1,1,2
25,2,1,1,2
25,3,1,5,3
25,3,1,1,3
25,3,1,7,3
25,3,1,1,3
25,3,1,2,3
25,3,1,1,3
25,3,1,0,3
25,3,1,0,3
25,3,1,5,3
25,3,1,4,3
25,3,1,4,3
25,3,1,1,3
25,3,1,1,3
25,3,1,0,3
25,3,1,0,3
25,3,1,4,3
25,3,1,1,3
25,3,1,3,3
25,3,1,2,3
25,3,1,4,3
25,3,1,0,3
25,3,1,7,3
25,3,1,0,3
25,3,1,1,3
25,3,1,1,3
25,3,1,1,3
25,3,1,1,3
25,3,1,1,3
25,3,1,1,3
25,3,1,3,3
25,3,1,3,3
25,3,1,1,3
25,3,1,5,3
25,3,1,4,3
25,3,1,0,3
25,3,1,2,3
25,3,1,0,3
25,3,1,1,3
25,3,1,1,3
25,3,1,0,3
25,3,1,5,3
25,3,1,0,3
25,3,1,7,3
25,3,1,0,3
25,3,1,0,3
25,3,1,2,3
25,3,1,1,3
25,3,1,1,3
25,3,1,3,3
25,3,1,0,3
25,3,1,1,3
25,3,1,2,3
25,3,1,4,3
25,3,1,3,3
25,3,1,1,3
25,3,1,0,3
25,3,1,0,3
25,3,1,3,3
25,3,1,3,3
25,3,1,1,3
25,3,1,3,3
25,3,1,2,3
25,3,1,2,3
25,3,1,6,3
25,3,1,2,3
25,3,1,8,3
25,3,1,2,3
25,3,1,2,3
25,3,1,2,3
25,3,1,2,3
25,3,1,0,3
25,3,1,4,3
25,3,1,1,3
25,3,1,0,3
25,3,1,1,3
25,3,1,0,3
25,3,1,12,3
25,3,1,3,3
25,3,1,1,3
25,3,1,0,3
25,3,1,0,3
25,3,1,4,3
25,3,1,2,3
25,3,1,0,3
25,3,1,2,3
25,3,1,5,3
25,3,1,0,3
25,3,1,3,3
25,3,1,3,3
25,3,1,0,3
25,3,1,2,3
25,3,1,1,3
25,3,1,1,3
25,3,1,0,3
25,3,1,4,3
25,3,1,5,3
25,3,1,1,3
25,3,1,0,3
25,3,1,0,3
25,3,1,0,3
25,4,1,5,4
25,4,1,0,4
25,4,1,3,4
25,4,1,5,4
25,4,1,8,4
25,4,1,7,4
25,4,1,4,4
25,4,1,2,4
25,4,1,2,4
25,4,1,4,4
25,4,1,4,4
25,4,1,5,4
25,4,1,8,4
25,4,1,2,4
25,4,1,3,4
25,4,1,6,4
25,4,1,3,4
25,4,1,4,4
25,4,1,13,4
25,4,1,4,4
25,4,1,3,4
25,4,1,5,4
25,4,1,0,4
25,4,1,2,4
25,4,1,0,4
25,4,1,4,4
25,4,1,9,4
25,4,1,1,4
25,4,1,1,4
25,4,1,4,4
25,4,1,2,4
25,4,1,5,4
25,4,1,5,4
25,4,1,3,4
25,4,1,0,4
25,4,1,4,4
25,4,1,4,4
25,4,1,1,4
25,4,1,11,4
25,4,1,2,4
25,4,1,6,4
25,4,1,7,4
25,4,1,4,4
25,4,1,3,4
25,4,1,4,4
25,4,1,4,4
25,4,1,3,4
25,4,1,5,4
25,4,1,13,4
25,4,1,0,4
25,4,1,2,4
25,4,1,1,4
25,4,1,5,4
25,4,1,4,4
25,4,1,5,4
25,4,1,4,4
25,4,1,5,4
25,4,1,4,4
25,4,1,7,4
25,4,1,1,4
25,4,1,2,4
25,4,1,3,4
25,4,1,0,4
25,4,1,1,4
25,4,1,0,4
25,4,1,2,4
25,4,1,10,4
25,4,1,2,4
25,4,1,7,4
25,4,1,4,4
25,4,1,5,4
25,4,1,0,4
25,4,1,2,4
25,4,1,6,4
25,4,1,6,4
25,4,1,8,4
25,4,1,9,4
25,4,1,0,4
25,4,1,0,4
25,4,1,3,4
25,4,1,3,4
25,4,1,4,4
25,4,1,10,4
25,4,1,0,4
25,4,1,5,4
25,4,1,1,4
25,4,1,3,4
25,4,1,4,4
25,4,1,2,4
25,4,1,1,4
25,4,1,5,4
25,4,1,0,4
25,4,1,8,4
25,4,1,10,4
25,4,1,6,4
25,4,1,3,4
25,4,1,1,4
25,4,1,3,4
25,4,1,1,4
25,4,1,1,4
25,5,1,3,5
25,5,1,14,5
25,5,1,13,5
25,5,1,3,5
25,5,1,0,5
25,5,1,1,5
25,5,1,12,5
25,5,1,4,5
25,5,1,0,5
25,5,1,9,5
25,5,1,4,5
25,5,1,7,5
25,5,1,4,5
25,5,1,3,5
25,5,1,5,5
25,5,1,3,5
25,5,1,2,5
25,5,1,0,5
25,5,1,2,5
25,5,1,14,5
25,5,1,3,5
25,5,1,0,5
25,5,1,0,5
25,5,1,0,5
25,5,1,7,5
25,5,1,2,5
25,5,1,0,5
25,5,1,9,5
25,5,1,3,5
25,5,1,0,5
25,5,1,6,5
25,5,1,2,5
25,5,1,6,5
25,5,1,4,5
25,5,1,7,5
25,5,1,2,5
25,5,1,7,5
25,5,1,4,5
25,5,1,2,5
25,5,1,2,5
25,5,1,10,5
25,5,1,2,5
25,5,1,0,5
25,5,1,5,5
25,5,1,4,5
25,5,1,1,5
25,5,1,7,5
25,5,1,4,5
25,5,1,3,5
25,5,1,6,5
25,5,1,5,5
25,5,1,2,5
25,5,1,3,5
25,5,1,4,5
25,5,1,7,5
25,5,1,1,5
25,5,1,8,5
25,5,1,1,5
25,5,1,5,5
25,5,1,1,5
25,5,1,4,5
25,5,1,3,5
25,5,1,3,5
25,5,1,8,5
25,5,1,6,5
25,5,1,6,5
25,5,1,7,5
25,5,1,1,5
25,5,1,3,5
25,5,1,3,5
25,5,1,3,5
25,5,1,5,5
25,5,1,2,5
25,5,1,0,5
25,5,1,9,5
25,5,1,7,5
25,5,1,13,5
25,5,1,6,5
25,5,1,3,5
25,5,1,5,5
25,5,1,8,5
25,5,1,3,5
25,5,1,1,5
25,5,1,0,5
25,5,1,7,5
25,5,1,0,5
25,5,1,4,5
25,5,1,4,5
25,5,1,4,5
25,5,1,6,5
25,5,1,6,5
25,5,1,2,5
25,5,1,8,5
25,5,1,6,5
25,5,1,3,5
25,5,1,1,5
25,5,1,4,5
25,5,1,2,5
25,5,1,1,5
25,5,1,2,5
25,6,1,4,6
25,6,1,6,6
25,6,1,9,6
25,6,1,2,6
25,6,1,5,6
25,6,1,8,6
25,6,1,5,6
25,6,1,1,6
25,6,1,0,6
25,6,1,4,6
25,6,1,2,6
25,6,1,5,6
25,6,1,2,6
25,6,1,0,6
25,6,1,7,6
25,6,1,6,6
25,6,1,7,6
25,6,1,0,6
25,6,1,6,6
25,6,1,4,6
25,6,1,2,6
25,6,1,6,6
25,6,1,5,6
25,6,1,8,6
25,6,1,1,6
25,6,1,1,6
25,6,1,9,6
25,6,1,10,6
25,6,1,2,6
25,6,1,4,6
25,6,1,8,6
25,6,1,8,6
25,6,1,3,6
25,6,1,11,6
25,6,1,7,6
25,6,1,3,6
25,6,1,4,6
25,6,1,3,6
25,6,1,8,6
25,6,1,12,6
25,6,1,2,6
25,6,1,2,6
25,6,1,10,6
25,6,1,4,6
25,6,1,12,6
25,6,1,8,6
25,6,1,4,6
25,6,1,12,6
25,6,1,5,6
25,6,1,5,6
25,6,1,0,6
25,6,1,2,6
25,6,1,2,6
25,6,1,0,6
25,6,1,7,6
25,6,1,7,6
25,6,1,7,6
25,6,1,5,6
25,6,1,2,6
25,6,1,0,6
25,6,1,1,6
25,6,1,1,6
25,6,1,5,6
25,6,1,6,6
25,6,1,4,6
25,6,1,3,6
25,6,1,3,6
25,6,1,3,6
25,6,1,7,6
25,6,1,0,6
25,6,1,7,6
25,6,1,0,6
25,6,1,1,6
25,6,1,6,6
25,6,1,2,6
25,6,1,11,6
25,6,1,2,6
25,6,1,0,6
25,6,1,3,6
25,6,1,12,6
25,6,1,6,6
25,6,1,4,6
25,6,1,8,6
25,6,1,2,6
25,6,1,0,6
25,6,1,2,6
25,6,1,4,6
25,6,1,7,6
25,6,1,5,6
25,6,1,8,6
25,6,1,2,6
25,6,1,1,6
25,6,1,4,6
25,6,1,3,6
25,6,1,4,6
25,6,1,4,6
25,6,1,15,6
25,6,1,0,6
25,6,1,2,6
25,6,1,10,6
25,7,1,8,7
25,7,1,10,7
25,7,1,11,7
25,7,1,5,7
25,7,1,11,7
25,7,1,9,7
25,7,1,4,7
25,7,1,2,7
25,7,1,7,7
25,7,1,5,7
25,7,1,5,7
25,7,1,6,7
25,7,1,3,7
25,7,1,6,7
25,7,1,4,7
25,7,1,3,7
25,7,1,5,7
25,7,1,4,7
25,7,1,7,7
25,7,1,5,7
25,7,1,3,7
25,7,1,1,7
25,7,1,3,7
25,7,1,4,7
25,7,1,5,7
25,7,1,8,7
25,7,1,7,7
25,7,1,4,7
25,7,1,6,7
25,7,1,1,7
25,7,1,7,7
25,7,1,13,7
25,7,1,1,7
25,7,1,7,7
25,7,1,1,7
25,7,1,0,7
25,7,1,7,7
25,7,1,2,7
25,7,1,2,7
25,7,1,5,7
25,7,1,1,7
25,7,1,1,7
25,7,1,7,7
25,7,1,9,7
25,7,1,4,7
25,7,1,6,7
25,7,1,7,7
25,7,1,2,7
25,7,1,9,7
25,7,1,2,7
25,7,1,8,7
25,7,1,11,7
25,7,1,2,7
25,7,1,7,7
25,7,1,5,7
25,7,1,4,7
25,7,1,4,7
25,7,1,1,7
25,7,1,3,7
25,7,1,10,7
25,7,1,5,7
25,7,1,4,7
25,7,1,5,7
25,7,1,6,7
25,7,1,0,7
25,7,1,2,7
25,7,1,3,7
25,7,1,9,7
25,7,1,7,7
25,7,1,6,7
25,7,1,4,7
25,7,1,10,7
25,7,1,4,7
25,7,1,9,7
25,7,1,6,7
25,7,1,7,7
25,7,1,1,7
25,7,1,14,7
25,7,1,10,7
25,7,1,6,7
25,7,1,7,7
25,7,1,5,7
25,7,1,4,7
25,7,1,10,7
25,7,1,6,7
25,7,1,8,7
25,7,1,2,7
25,7,1,6,7
25,7,1,11,7
25,7,1,5,7
25,7,1,9,7
25,7,1,7,7
25,7,1,14,7
25,7,1,5,7
25,7,1,16,7
25,7,1,7,7
25,7,1,6,7
25,7,1,4,7
25,7,1,4,7
25,7,1,9,7
25,8,1,11,8
25,8,1,7,8
25,8,1,8,8
25,8,1,5,8
25,8,1,8,8
25,8,1,6,8
25,8,1,8,8
25,8,1,7,8
25,8,1,8,8
25,8,1,9,8
25,8,1,5,8
25,8,1,6,8
25,8,1,7,8
25,8,1,7,8
25,8,1,12,8
25,8,1,3,8
25,8,1,7,8
25,8,1,2,8
25,8,1,1,8
25,8,1,1,8
25,8,1,6,8
25,8,1,2,8
25,8,1,8,8
25,8,1,12,8
25,8,1,0,8
25,8,1,15,8
25,8,1,11,8
25,8,1,8,8
25,8,1,6,8
25,8,1,8,8
25,8,1,2,8
25,8,1,7,8
25,8,1,12,8
25,8,1,10,8
25,8,1,8,8
25,8,1,7,8
25,8,1,3,8
25,8,1,5,8
25,8,1,13,8
25,8,1,3,8
25,8,1,3,8
25,8,1,3,8
25,8,1,5,8
25,8,1,7,8
25,8,1,7,8
25,8,1,5,8
25,8,1,4,8
25,8,1,5,8
25,8,1,4,8
25,8,1,15,8
25,8,1,6,8
25,8,1,3,8
25,8,1,3,8
25,8,1,8,8
25,8,1,9,8
25,8,1,7,8
25,8,1,9,8
25,8,1,3,8
25,8,1,6,8
25,8,1,2,8
25,8,1,2,8
25,8,1,8,8
25,8,1,7,8
25,8,1,4,8
25,8,1,3,8
25,8,1,3,8
25,8,1,3,8
25,8,1,1,8
25,8,1,12,8
25,8,1,4,8
25,8,1,1,8
25,8,1,5,8
25,8,1,8,8
25,8,1,12,8
25,8,1,7,8
25,8,1,3,8
25,8,1,4,8
25,8,1,5,8
25,8,1,18,8
25,8,1,7,8
25,8,1,4,8
25,8,1,3,8
25,8,1,8,8
25,8,1,6,8
25,8,1,14,8
25,8,1,9,8
25,8,1,8,8
25,8,1,5,8
25,8,1,10,8
25,8,1,6,8
25,8,1,12,8
25,8,1,10,8
25,8,1,8,8
25,8,1,3,8
25,8,1,9,8
25,8,1,7,8
25,8,1,8,8
25,8,1,5,8
25,8,1,12,8
25,8,1,4,8
25,9,1,10,9
25,9,1,5,9
25,9,1,12,9
25,9,1,9,9
25,9,1,5,9
25,9,1,14,9
25,9,1,4,9
25,9,1,7,9
25,9,1,8,9
25,9,1,4,9
25,9,1,12,9
25,9,1,8,9
25,9,1,2,9
25,9,1,5,9
25,9,1,12,9
25,9,1,7,9
25,9,1,1,9
25,9,1,4,9
25,9,1,9,9
25,9,1,9,9
25,9,1,6,9
25,9,1,3,9
25,9,1,11,9
25,9,1,4,9
25,9,1,3,9
25,9,1,4,9
25,9,1,5,9
25,9,1,9,9
25,9,1,4,9
25,9,1,9,9
25,9,1,12,9
25,9,1,12,9
25,9,1,9,9
25,9,1,5,9
25,9,1,10,9
25,9,1,9,9
25,9,1,5,9
25,9,1,7,9
25,9,1,0,9
25,9,1,8,9
25,9,1,3,9
25,9,1,4,9
25,9,1,5,9
25,9,1,3,9
25,9,1,6,9
25,9,1,1,9
25,9,1,10,9
25,9,1,4,9
25,9,1,9,9
25,9,1,8,9
25,9,1,0,9
25,9,1,10,9
25,9,1,11,9
25,9,1,5,9
25,9,1,8,9
25,9,1,7,9
25,9,1,6,9
25,9,1,4,9
25,9,1,7,9
25,9,1,19,9
25,9,1,4,9
25,9,1,5,9
25,9,1,7,9
25,9,1,5,9
25,9,1,13,9
25,9,1,3,9
25,9,1,10,9
25,9,1,1,9
25,9,1,1,9
25,9,1,11,9
25,9,1,22,9
25,9,1,4,9
25,9,1,18,9
25,9,1,9,9
25,9,1,3,9
25,9,1,5,9
25,9,1,14,9
25,9,1,9,9
25,9,1,4,9
25,9,1,1,9
25,9,1,2,9
25,9,1,6,9
25,9,1,6,9
25,9,1,8,9
25,9,1,2,9
25,9,1,5,9
25,9,1,9,9
25,9,1,3,9
25,9,1,11,9
25,9,1,4,9
25,9,1,3,9
25,9,1,4,9
25,9,1,3,9
25,9,1,14,9
25,9,1,9,9
25,9,1,4,9
25,9,1,16,9
25,9,1,6,9
25,9,1,12,9
25,9,1,4,9
25,10,1,5,10
25,10,1,18,10
25,10,1,9,10
25,10,1,4,10
25,10,1,10,10
25,10,0,24,7
25,10,1,6,10
25,10,1,18,10
25,10,1,8,10
25,10,1,11,10
25,10,1,8,10
25,10,1,8,10
25,10,1,11,10
25,10,1,10,10
25,10,1,2,10
25,10,1,12,10
25,10,1,11,10
25,10,1,7,10
25,10,1,6,10
25,10,1,8,10
25,10,1,8,10
25,10,1,6,10
25,10,1,4,10
25,10,1,4,10
25,10,1,19,10
25,10,1,13,10
25,10,1,8,10
25,10,1,13,10
25,10,1,8,10
25,10,1,6,10
25,10,1,8,10
25,10,1,7,10
25,10,1,6,10
25,10,1,5,10
25,10,1,6,10
25,10,1,6,10
25,10,1,2,10
25,10,1,5,10
25,10,1,3,10
25,10,1,2,10
25,10,1,15,10
25,10,1,2,10
25,10,1,4,10
25,10,1,11,10
25,10,1,7,10
25,10,1,3,10
25,10,1,9,10
25,10,1,8,10
25,10,1,16,10
25,10,1,1,10
25,10,1,9,10
25,10,1,10,10
25,10,1,19,10
25,10,1,8,10
25,10,1,7,10
25,10,1,5,10
25,10,1,7,10
25,10,1,18,10
25,10,1,3,10
25,10,1,2,10
25,10,1,10,10
25,10,1,5,10
25,10,1,6,10
25,10,1,1,10
25,10,1,6,10
25,10,1,4,10
25,10,1,7,10
25,10,1,14,10
25,10,1,9,10
25,10,1,8,10
25,10,1,4,10
25,10,1,3,10
25,10,1,14,10
25,10,1,10,10
25,10,1,10,10
25,10,1,17,10
25,10,1,11,10
25,10,1,1,10
25,10,1,3,10
25,10,1,9,10
25,10,1,5,10
25,10,1,5,10
25,10,1,12,10
25,10,1,10,10
25,10,1,6,10
25,10,1,22,10
25,10,1,13,10
25,10,1,7,10
25,10,1,8,10
25,10,1,6,10
25,10,1,11,10
25,10,1,6,10
25,10,1,7,10
25,10,1,6,10
25,10,1,3,10
25,10,1,6,10
25,10,1,6,10
25,10,1,12,10
25,10,1,13,10
25,10,1,4,10
25,11,1,14,11
25,11,1,1,11
25,11,1,13,11
25,11,1,11,11
25,11,1,8,11
25,11,1,9,11
25,11,1,7,11
25,11,1,9,11
25,11,1,17,11
25,11,1,3,11
25,11,1,9,11
25,11,1,13,11
25,11,1,2,11
25,11,1,5,11
25,11,1,5,11
25,11,1,12,11
25,11,1,9,11
25,11,1,16,11
25,11,1,10,11
25,11,1,8,11
25,11,1,6,11
25,11,1,15,11
25,11,1,5,11
25,11,1,10,11
25,11,1,7,11
25,11,1,15,11
25,11,1,3,11
25,11,1,8,11
25,11,1,11,11
25,11,1,9,11
25,11,1,8,11
25,11,1,11,11
25,11,1,8,11
25,11,1,13,11
25,11,1,10,11
25,11,1,7,11
25,11,1,15,11
25,11,1,7,11
25,11,1,4,11
25,11,1,21,11
25,11,1,8,11
25,11,1,7,11
25,11,1,8,11
25,11,1,4,11
25,11,1,3,11
25,11,1,14,11
25,11,1,6,11
25,11,1,14,11
25,11,1,7,11
25,11,1,9,11
25,11,1,15,11
25,11,1,11,11
25,11,1,10,11
25,11,1,15,11
25,11,1,8,11
25,11,1,10,11
25,11,1,2,11
25,11,1,8,11
25,11,1,7,11
25,11,1,9,11
25,11,1,11,11
25,11,1,11,11
25,11,1,14,11
25,11,1,2,11
25,11,1,7,11
25,11,1,8,11
25,11,1,7,11
25,11,1,3,11
25,11,1,6,11
25,11,1,5,11
25,11,1,5,11
25,11,0,24,7
25,11,1,4,11
25,11,1,15,11
25,11,1,5,11
25,11,1,4,11
25,11,1,2,11
25,11,1,20,11
25,11,1,14,11
25,11,1,12,11
25,11,1,13,11
25,11,1,11,11
25,11,1,9,11
25,11,1,15,11
25,11,1,12,11
25,11,1,8,11
25,11,1,4,11
25,11,1,5,11
25,11,1,6,11
25,11,1,10,11
25,11,1,13,11
25,11,1,8,11
25,11,1,8,11
25,11,1,10,11
25,11,1,10,11
25,11,1,6,11
25,11,1,6,11
25,11,1,7,11
25,11,1,10,11
25,11,1,14,11
25,12,1,18,12
25,12,1,3,12
25,12,1,12,12
25,12,1,9,12
25,12,1,9,12
25,12,1,9,12
25,12,1,16,12
25,12,1,14,12
25,12,1,8,12
25,12,1,4,12
25,12,1,10,12
25,12,1,11,12
25,12,0,24,11
25,12,1,7,12
25,12,1,6,12
25,12,1,14,12
25,12,1,15,12
25,12,1,10,12
25,12,1,5,12
25,12,1,8,12
25,12,1,6,12
25,12,1,6,12
25,12,1,6,12
25,12,1,6,12
25,12,1,7,12
25,12,1,15,12
25,12,1,4,12
25,12,1,11,12
25,12,1,5,12
25,12,1,18,12
25,12,1,8,12
25,12,1,10,12
25,12,1,15,12
25,12,1,9,12
25,12,1,7,12
25,12,1,8,12
25,12,1,9,12
25,12,1,19,12
25,12,1,11,12
25,12,1,13,12
25,12,1,7,12
25,12,1,16,12
25,12,1,6,12
25,12,1,13,12
25,12,1,3,12
25,12,1,13,12
25,12,1,20,12
25,12,1,6,12
25,12,1,11,12
25,12,1,10,12
25,12,1,4,12
25,12,0,24,10
25,12,1,13,12
25,12,1,12,12
25,12,1,16,12
25,12,1,4,12
25,12,1,8,12
25,12,1,14,12
25,12,1,6,12
25,12,1,11,12
25,12,1,8,12
25,12,1,7,12
25,12,1,14,12
25,12,1,12,12
25,12,1,11,12
25,12,1,14,12
25,12,1,2,12
25,12,1,6,12
25,12,1,5,12
25,12,1,4,12
25,12,1,0,12
25,12,1,9,12
25,12,1,5,12
25,12,1,4,12
25,12,1,6,12
25,12,1,3,12
25,12,1,5,12
25,12,1,8,12
25,12,1,15,12
25,12,1,14,12
25,12,1,10,12
25,12,1,15,12
25,12,1,8,12
25,12,1,11,12
25,12,1,9,12
25,12,1,6,12
25,12,1,21,12
25,12,1,16,12
25,12,1,2,12
25,12,1,12,12
25,12,1,6,12
25,12,1,3,12
25,12,1,5,12
25,12,1,5,12
25,12,1,10,12
25,12,1,4,12
25,12,1,8,12
25,12,1,5,12
25,12,1,14,12
25,12,1,9,12
25,13,1,9,13
25,13,1,10,13
25,13,1,8,13
25,13,1,2,13
25,13,1,8,13
25,13,1,8,13
25,13,1,16,13
25,13,1,19,13
25,13,1,7,13
25,13,1,13,13
25,13,1,12,13
25,13,1,8,13
25,13,1,6,13
25,13,1,8,13
25,13,1,13,13
25,13,1,8,13
25,13,1,4,13
25,13,1,19,13
25,13,1,4,13
25,13,1,9,13
25,13,1,10,13
25,13,1,9,13
25,13,0,24,11
25,13,1,20,13
25,13,1,11,13
25,13,1,7,13
25,13,1,7,13
25,13,1,14,13
25,13,1,8,13
25,13,1,7,13
25,13,1,13,13
25,13,1,7,13
25,13,1,9,13
25,13,1,15,13
25,13,1,4,13
25,13,1,19,13
25,13,1,8,13
25,13,1,13,13
25,13,1,3,13
25,13,1,14,13
25,13,1,16,13
25,13,0,24,10
25,13,1,9,13
25,13,1,2,13
25,13,1,10,13
25,13,1,4,13
25,13,1,15,13
25,13,1,11,13
25,13,1,8,13
25,13,1,14,13
25,13,1,7,13
25,13,1,13,13
25,13,1,5,13
25,13,1,3,13
25,13,1,9,13
25,13,1,17,13
25,13,1,4,13
25,13,1,11,13
25,13,1,10,13
25,13,1,11,13
25,13,1,2,13
25,13,1,9,13
25,13,1,13,13
25,13,1,15,13
25,13,1,15,13
25,13,1,4,13
25,13,1,4,13
25,13,1,7,13
25,13,1,4,13
25,13,1,16,13
25,13,1,15,13
25,13,1,13,13
25,13,1,16,13
25,13,1,8,13
25,13,1,5,13
25,13,1,1,13
25,13,1,10,13
25,13,0,24,8
25,13,1,8,13
25,13,1,12,13
25,13,1,9,13
25,13,1,19,13
25,13,1,14,13
25,13,1,3,13
25,13,1,1,13
25,13,1,11,13
25,13,1,16,13
25,13,1,15,13
25,13,1,7,13
25,13,1,12,13
25,13,1,8,13
25,13,1,13,13
25,13,1,17,13
25,13,1,12,13
25,13,1,12,13
25,13,1,7,13
25,13,1,9,13
25,13,1,9,13
25,13,1,13,13
25,13,1,12,13
25,14,1,12,14
25,14,1,12,14
25,14,1,18,14
25,14,1,9,14
25,14,1,18,14
25,14,1,16,14
25,14,1,5,14
25,14,0,24,12
25,14,1,13,14
25,14,1,20,14
25,14,1,5,14
25,14,1,10,14
25,14,1,17,14
25,14,1,13,14
25,14,1,14,14
25,14,1,12,14
25,14,1,3,14
25,14,1,10,14
25,14,1,16,14
25,14,1,23,14
25,14,1,9,14
25,14,1,9,14
25,14,1,17,14
25,14,1,22,14
25,14,1,10,14
25,14,1,13,14
25,14,1,13,14
25,14,1,7,14
25,14,1,12,14
25,14,1,14,14
25,14,1,6,14
25,14,1,19,14
25,14,1,6,14
25,14,1,8,14
25,14,1,14,14
25,14,1,13,14
25,14,1,16,14
25,14,1,7,14
25,14,1,12,14
25,14,1,19,14
25,14,1,23,14
25,14,1,13,14
25,14,1,4,14
25,14,0,24,9
25,14,1,19,14
25,14,1,7,14
25,14,1,10,14
25,14,1,2,14
25,14,1,17,14
25,14,1,23,14
25,14,1,8,14
25,14,1,6,14
25,14,1,9,14
25,14,1,8,14
25,14,1,13,14
25,14,1,7,14
25,14,1,18,14
25,14,1,22,14
25,14,1,15,14
25,14,1,5,14
25,14,1,6,14
25,14,1,2,14
25,14,1,17,14
25,14,1,18,14
25,14,1,8,14
25,14,1,11,14
25,14,0,24,13
25,14,1,11,14
25,14,1,18,14
25,14,1,11,14
25,14,1,12,14
25,14,1,7,14
25,14,1,8,14
25,14,1,14,14
25,14,1,7,14
25,14,1,16,14
25,14,1,9,14
25,14,1,17,14
25,14,1,12,14
25,14,1,13,14
25,14,1,11,14
25,14,1,19,14
25,14,1,19,14
25,14,1,7,14
25,14,1,20,14
25,14,1,6,14
25,14,1,21,14
25,14,0,24,12
25,14,1,5,14
25,14,1,18,14
25,14,1,8,14
25,14,1,14,14
25,14,1,2,14
25,14,1,13,14
25,14,1,14,14
25,14,0,24,11
25,14,1,23,14
25,14,0,24,7
25,14,1,5,14
25,14,1,9,14
25,15,1,10,15
25,15,0,24,12
25,15,1,15,15
25,15,1,15,15
25,15,1,7,15
25,15,0,24,9
25,15,1,6,15
25,15,1,6,15
25,15,1,13,15
25,15,1,15,15
25,15,1,15,15
25,15,0,24,10
25,15,0,24,7
25,15,1,5,15
25,15,0,24,14
25,15,1,10,15
25,15,1,19,15
25,15,1,15,15
25,15,1,9,15
25,15,1,14,15
25,15,1,12,15
25,15,1,10,15
25,15,1,7,15
25,15,1,4,15
25,15,1,11,15
25,15,1,4,15
25,15,1,18,15
25,15,1,10,15
25,15,1,11,15
25,15,1,10,15
25,15,1,17,15
25,15,1,11,15
25,15,1,7,15
25,15,1,23,15
25,15,1,16,15
25,15,1,11,15
25,15,0,24,13
25,15,1,12,15
25,15,1,11,15
25,15,1,6,15
25,15,1,22,15
25,15,1,10,15
25,15,1,9,15
25,15,1,11,15
25,15,1,17,15
25,15,1,14,15
25,15,1,13,15
25,15,1,9,15
25,15,1,12,15
25,15,1,9,15
25,15,1,18,15
25,15,1,10,15
25,15,1,13,15
25,15,1,19,15
25,15,1,17,15
25,15,1,12,15
25,15,1,6,15
25,15,1,13,15
25,15,1,10,15
25,15,1,5,15
25,15,1,7,15
25,15,1,13,15
25,15,1,10,15
25,15,1,8,15
25,15,1,6,15
25,15,1,3,15
25,15,1,7,15
25,15,1,13,15
25,15,1,18,15
25,15,1,9,15
25,15,1,23,15
25,15,1,18,15
25,15,1,18,15
25,15,1,8,15
25,15,1,14,15
25,15,1,14,15
25,15,1,15,15
25,15,1,11,15
25,15,1,8,15
25,15,1,5,15
25,15,1,17,15
25,15,1,12,15
25,15,1,11,15
25,15,1,7,15
25,15,1,20,15
25,15,1,8,15
25,15,1,19,15
25,15,1,17,15
25,15,1,13,15
25,15,1,11,15
25,15,1,12,15
25,15,1,13,15
25,15,1,9,15
25,15,1,8,15
25,15,1,11,15
25,15,1,8,15
25,15,1,12,15
25,15,1,12,15
25,15,0,24,14
25,15,1,14,15
25,16,1,11,16
25,16,1,4,16
25,16,1,12,16
25,16,1,5,16
25,16,1,14,16
25,16,1,9,16
25,16,1,8,16
25,16,1,16,16
25,16,1,9,16
25,16,1,12,16
25,16,1,10,16
25,16,0,24,14
25,16,1,16,16
25,16,1,22,16
25,16,1,16,16
25,16,1,14,16
25,16,1,17,16
25,16,1,11,16
25,16,1,12,16
25,16,1,10,16
25,16,1,10,16
25,16,1,10,16
25,16,1,16,16
25,16,1,9,16
25,16,1,10,16
25,16,1,8,16
25,16,1,11,16
25,16,1,13,16
25,16,1,9,16
25,16,1,8,16
25,16,1,12,16
25,16,1,15,16
25,16,1,20,16
25,16,1,8,16
25,16,1,8,16
25,16,1,14,16
25,16,1,17,16
25,16,1,12,16
25,16,1,15,16
25,16,1,13,16
25,16,1,11,16
25,16,1,9,16
25,16,1,15,16
25,16,1,14,16
25,16,1,20,16
25,16,1,14,16
25,16,1,10,16
25,16,0,24,15
25,16,1,10,16
25,16,1,16,16
25,16,1,14,16
25,16,1,20,16
25,16,1,11,16
25,16,0,24,14
25,16,1,19,16
25,16,0,24,13
25,16,1,18,16
25,16,1,14,16
25,16,1,10,16
25,16,1,14,16
25,16,1,8,16
25,16,1,15,16
25,16,1,15,16
25,16,1,19,16
25,16,1,9,16
25,16,1,12,16
25,16,1,5,16
25,16,1,5,16
25,16,1,12,16
25,16,1,17,16
25,16,1,4,16
25,16,1,17,16
25,16,1,17,16
25,16,1,18,16
25,16,1,12,16
25,16,1,6,16
25,16,1,10,16
25,16,1,7,16
25,16,1,8,16
25,16,1,15,16
25,16,1,5,16
25,16,1,12,16
25,16,1,3,16
25,16,1,4,16
25,16,1,1,16
25,16,1,13,16
25,16,1,18,16
25,16,1,17,16
25,16,1,4,16
25,16,1,12,16
25,16,1,19,16
25,16,1,21,16
25,16,1,13,16
25,16,1,16,16
25,16,1,14,16
25,16,1,8,16
25,16,1,7,16
25,16,1,19,16
25,16,1,9,16
25,16,0,24,11
25,17,1,13,17
25,17,0,24,14
25,17,1,10,17
25,17,1,8,17
25,17,1,16,17
25,17,1,9,17
25,17,1,12,17
25,17,1,8,17
25,17,1,21,17
25,17,1,13,17
25,17,1,7,17
25,17,1,15,17
25,17,1,16,17
25,17,1,16,17
25,17,0,24,15
25,17,1,22,17
25,17,1,7,17
25,17,1,4,17
25,17,1,13,17
25,17,1,13,17
25,17,1,7,17
25,17,0,24,12
25,17,1,7,17
25,17,1,14,17
25,17,1,12,17
25,17,1,21,17
25,17,1,19,17
25,17,0,24,13
25,17,1,11,17
25,17,1,8,17
25,17,1,14,17
25,17,1,15,17
25,17,0,24,14
25,17,1,5,17
25,17,1,16,17
25,17,1,11,17
25,17,1,10,17
25,17,0,24,13
25,17,0,24,15
25,17,1,15,17
25,17,1,8,17
25,17,1,5,17
25,17,0,24,14
25,17,1,8,17
25,17,1,14,17
25,17,1,8,17
25,17,1,8,17
25,17,1,9,17
25,17,1,12,17
25,17,1,11,17
25,17,1,12,17
25,17,1,14,17
25,17,1,16,17
25,17,1,6,17
25,17,1,12,17
25,17,1,6,17
25,17,1,21,17
25,17,1,9,17
25,17,1,9,17
25,17,1,17,17
25,17,1,8,17
25,17,0,24,16
25,17,1,12,17
25,17,0,24,15
25,17,1,20,17
25,17,1,9,17
25,17,1,13,17
25,17,1,14,17
25,17,1,22,17
25,17,1,22,17
25,17,1,13,17
25,17,1,5,17
25,17,1,7,17
25,17,1,18,17
25,17,1,15,17
25,17,1,11,17
25,17,1,14,17
25,17,1,12,17
25,17,0,24,14
25,17,1,15,17
25,17,0,24,15
25,17,1,16,17
25,17,1,9,17
25,17,1,10,17
25,17,1,11,17
25,17,1,9,17
25,17,1,11,17
25,17,0,24,16
25,17,0,24,15
25,17,1,16,17
25,17,1,12,17
25,17,1,13,17
25,17,1,9,17
25,17,0,24,16
25,17,1,15,17
25,17,1,12,17
25,17,1,19,17
25,17,1,16,17
25,17,1,16,17
25,17,1,12,17
25,18,1,11,18
25,18,1,15,18
25,18,1,8,18
25,18,1,14,18
25,18,1,11,18
25,18,0,24,9
25,18,1,20,18
25,18,1,6,18
25,18,0,24,16
25,18,1,21,18
25,18,1,17,18
25,18,1,10,18
25,18,1,18,18
25,18,1,18,18
25,18,1,12,18
25,18,1,19,18
25,18,0,24,13
25,18,0,24,12
25,18,1,11,18
25,18,1,10,18
25,18,1,10,18
25,18,1,20,18
25,18,1,15,18
25,18,1,9,18
25,18,1,8,18
25,18,1,11,18
25,18,1,5,18
25,18,1,20,18
25,18,1,8,18
25,18,1,11,18
25,18,1,12,18
25,18,1,6,18
25,18,1,12,18
25,18,1,18,18
25,18,1,23,18
25,18,1,16,18
25,18,1,15,18
25,18,1,14,18
25,18,1,15,18
25,18,1,13,18
25,18,1,14,18
25,18,1,8,18
25,18,0,24,15
25,18,1,19,18
25,18,1,12,18
25,18,1,12,18
25,18,0,24,17
25,18,1,14,18
25,18,1,10,18
25,18,1,14,18
25,18,1,12,18
25,18,1,8,18
25,18,1,7,18
25,18,1,8,18
25,18,1,14,18
25,18,1,17,18
25,18,0,24,17
25,18,1,19,18
25,18,1,17,18
25,18,1,12,18
25,18,1,19,18
25,18,0,24,15
25,18,1,11,18
25,18,1,12,18
25,18,1,14,18
25,18,1,19,18
25,18,1,9,18
25,18,1,11,18
25,18,1,15,18
25,18,0,24,15
25,18,1,6,18
25,18,1,19,18
25,18,1,9,18
25,18,1,12,18
25,18,1,13,18
25,18,1,21,18
25,18,1,7,18
25,18,0,24,9
25,18,1,13,18
25,18,1,7,18
25,18,1,9,18
25,18,1,10,18
25,18,1,10,18
25,18,1,7,18
25,18,1,11,18
25,18,1,9,18
25,18,1,7,18
25,18,1,20,18
25,18,1,14,18
25,18,1,12,18
25,18,1,14,18
25,18,1,12,18
25,18,1,15,18
25,18,1,14,18
25,18,1,18,18
25,18,1,20,18
25,18,1,14,18
25,18,1,12,18
25,18,1,16,18
25,18,1,6,18
25,19,1,10,19
25,19,0,24,12
25,19,0,24,15
25,19,1,9,19
25,19,1,11,19
25,19,1,6,19
25,19,1,2,19
25,19,1,23,19
25,19,1,10,19
25,19,0,24,17
25,19,1,21,19
25,19,0,24,14
25,19,1,9,19
25,19,1,20,19
25,19,1,15,19
25,19,0,24,17
25,19,1,12,19
25,19,0,24,17
25,19,1,6,19
25,19,0,24,6
25,19,1,9,19
25,19,0,24,11
25,19,1,10,19
25,19,1,10,19
25,19,1,15,19
25,19,1,13,19
25,19,1,11,19
25,19,0,24,14
25,19,1,11,19
25,19,1,13,19
25,19,1,14,19
25,19,0,24,12
25,19,1,16,19
25,19,1,9,19
25,19,1,20,19
25,19,1,10,19
25,19,1,10,19
25,19,1,16,19
25,19,1,20,19
25,19,1,8,19
25,19,0,24,14
25,19,1,10,19
25,19,1,13,19
25,19,1,13,19
25,19,1,18,19
25,19,1,12,19
25,19,1,14,19
25,19,1,10,19
25,19,1,6,19
25,19,1,20,19
25,19,0,24,14
25,19,1,11,19
25,19,0,24,14
25,19,1,16,19
25,19,1,14,19
25,19,1,7,19
25,19,1,6,19
25,19,1,12,19
25,19,1,17,19
25,19,1,12,19
25,19,0,24,18
25,19,0,24,16
25,19,1,8,19
25,19,1,19,19
25,19,1,6,19
25,19,0,24,13
25,19,1,19,19
25,19,0,24,17
25,19,1,15,19
25,19,1,13,19
25,19,1,12,19
25,19,1,9,19
25,19,1,10,19
25,19,1,15,19
25,19,1,23,19
25,19,1,10,19
25,19,1,17,19
25,19,1,14,19
25,19,1,15,19
25,19,1,16,19
25,19,1,15,19
25,19,1,9,19
25,19,0,24,16
25,19,1,13,19
25,19,1,10,19
25,19,0,24,13
25,19,1,13,19
25,19,1,17,19
25,19,1,22,19
25,19,1,22,19
25,19,1,22,19
25,19,1,18,19
25,19,1,12,19
25,19,1,13,19
25,19,1,15,19
25,19,1,8,19
25,19,1,20,19
25,19,1,14,19
25,19,0,24,13
25,19,0,24,17
25,20,0,24,15
25,20,0,24,12
25,20,1,17,20
25,20,1,22,20
25,20,1,20,20
25,20,1,8,20
25,20,1,9,20
25,20,1,15,20
25,20,1,14,20
25,20,1,21,20
25,20,1,17,20
25,20,1,13,20
25,20,1,17,20
25,20,1,20,20
25,20,0,24,14
25,20,1,17,20
25,20,1,8,20
25,20,1,18,20
25,20,1,18,20
25,20,1,21,20
25,20,1,15,20
25,20,0,24,18
25,20,1,1,20
25,20,1,12,20
25,20,1,21,20
25,20,0,24,12
25,20,0,24,19
25,20,1,13,20
25,20,1,19,20
25,20,1,15,20
25,20,1,16,20
25,20,1,6,20
25,20,1,11,20
25,20,1,17,20
25,20,1,22,20
25,20,1,16,20
25,20,0,24,17
25,20,1,22,20
25,20,1,20,20
25,20,1,14,20
25,20,0,24,9
25,20,1,21,20
25,20,1,8,20
25,20,1,19,20
25,20,1,17,20
25,20,0,24,17
25,20,1,13,20
25,20,0,24,14
25,20,1,15,20
25,20,1,16,20
25,20,1,15,20
25,20,1,16,20
25,20,1,11,20
25,20,1,8,20
25,20,0,24,15
25,20,1,14,20
25,20,0,24,13
25,20,0,24,12
25,20,0,24,15
25,20,0,24,18
25,20,1,12,20
25,20,1,13,20
25,20,1,13,20
25,20,1,14,20
25,20,1,8,20
25,20,0,24,19
25,20,1,16,20
25,20,0,24,17
25,20,1,14,20
25,20,1,17,20
25,20,1,18,20
25,20,1,12,20
25,20,1,12,20
25,20,1,10,20
25,20,1,12,20
25,20,1,15,20
25,20,1,15,20
25,20,1,15,20
25,20,1,14,20
25,20,0,24,18
25,20,0,24,8
25,20,0,24,10
25,20,0,24,17
25,20,1,15,20
25,20,1,19,20
25,20,1,20,20
25,20,1,20,20
25,20,1,17,20
25,20,1,13,20
25,20,1,8,20
25,20,1,17,20
25,20,1,21,20
25,20,1,13,20
25,20,1,16,20
25,20,1,12,20
25,20,1,14,20
25,20,1,18,20
25,20,1,10,20
25,20,1,14,20
25,20,1,13,20
26,1,1,0,1
26,1,1,0,1
26,1,1,2,1
26,1,1,0,1
26,1,1,0,1
26,1,1,0,1
26,1,1,0,1
26,1,1,0,1
26,1,1,0,1
26,1,1,0,1
26,1,1,0,1
26,1,1,0,1
26,1,1,0,1
26,1,1,2,1
26,1,1,0,1
26,1,1,0,1
26,1,1,0,1
26,1,1,0,1
26,1,1,1,1
26,1,1,1,1
26,1,1,0,1
26,1,1,0,1
26,1,1,0,1
26,1,1,0,1
26,1,1,0,1
26,1,1,0,1
26,1,1,0,1
26,1,1,1,1
26,1,1,1,1
26,1,1,0,1
26,1,1,0,1
26,1,1,0,1
26,1,1,0,1
26,1,1,1,1
26,1,1,3,1
26,1,1,0,1
26,1,1,0,1
26,1,1,0,1
26,1,1,1,1
26,1,1,0,1
26,1,1,0,1
26,1,1,1,1
26,1,1,4,1
26,1,1,1,1
26,1,1,0,1
26,1,1,1,1
26,1,1,0,1
26,1,1,2,1
26,1,1,0,1
26,1,1,1,1
26,1,1,0,1
26,1,1,1,1
26,1,1,0,1
26,1,1,0,1
26,1,1,0,1
26,1,1,0,1
26,1,1,0,1
26,1,1,1,1
26,1,1,0,1
26,1,1,1,1
26,1,1,0,1
26,1,1,0,1
26,1,1,0,1
26,1,1,0,1
26,1,1,0,1
26,1,1,0,1
26,1,1,1,1
26,1,1,2,1
26,1,1,3,1
26,1,1,0,1
26,1,1,2,1
26,1,1,0,1
26,1,1,1,1
26,1,1,0,1
26,1,1,0,1
26,1,1,0,1
26,1,1,0,1
26,1,1,0,1
26,1,1,0,1
26,1,1,0,1
26,1,1,0,1
26,1,1,1,1
26,1,1,0,1
26,1,1,0,1
26,1,1,0,1
26,1,1,0,1
26,1,1,0,1
26,1,1,0,1
26,1,1,0,1
26,1,1,0,1
26,1,1,0,1
26,1,1,1,1
26,1,1,0,1
26,1,1,1,1
26,1,1,0,1
26,1,1,1,1
26,1,1,0,1
26,1,1,0,1
26,1,1,1,1
26,1,1,0,1
26,2,1,0,2
26,2,1,9,2
26,2,1,2,2
26,2,1,5,2
26,2,1,1,2
26,2,1,1,2
26,2,1,0,2
26,2,1,2,2
26,2,1,2,2
26,2,1,2,2
26,2,1,0,2
26,2,1,1,2
26,2,1,0,2
26,2,1,2,2
26,2,1,2,2
26,2,1,2,2
26,2,1,3,2
26,2,1,0,2
26,2,1,0,2
26,2,1,0,2
26,2,1,1,2
26,2,1,0,2
26,2,1,0,2
26,2,1,0,2
26,2,1,0,2
26,2,1,0,2
26,2,1,0,2
26,2,1,1,2
26,2,1,0,2
26,2,1,1,2
26,2,1,3,2
26,2,1,0,2
26,2,1,0,2
26,2,1,2,2
26,2,1,1,2
26,2,1,0,2
26,2,1,0,2
26,2,1,0,2
26,2,1,1,2
26,2,1,5,2
26,2,1,1,2
26,2,1,4,2
26,2,1,0,2
26,2,1,0,2
26,2,1,0,2
26,2,1,0,2
26,2,1,0,2
26,2,1,2,2
26,2,1,2,2
26,2,1,0,2
26,2,1,0,2
26,2,1,1,2
26,2,1,3,2
26,2,1,1,2
26,2,1,0,2
26,2,1,0,2
26,2,1,4,2
26,2,1,3,2
26,2,1,2,2
26,2,1,0,2
26,2,1,0,2
26,2,1,1,2
26,2,1,1,2
26,2,1,0,2
26,2,1,0,2
26,2,1,2,2
26,2,1,2,2
26,2,1,0,2
26,2,1,0,2
26,2,1,1,2
26,2,1,0,2
26,2,1,2,2
26,2,1,1,2
26,2,1,1,2
26,2,1,4,2
26,2,1,0,2
26,2,1,0,2
26,2,1,4,2
26,2,1,0,2
26,2,1,0,2
26,2,1,1,2
26,2,1,9,2
26,2,1,4,2
26,2,1,1,2
26,2,1,3,2
26,2,1,6,2
26,2,1,2,2
26,2,1,0,2
26,2,1,1,2
26,2,1,0,2
26,2,1,4,2
26,2,1,1,2
26,2,1,2,2
26,2,1,1,2
26,2,1,4,2
26,2,1,0,2
26,2,1,3,2
26,2,1,0,2
26,2,1,0,2
26,2,1,4,2
26,3,1,0,3
26,3,1,3,3
26,3,1,4,3
26,3,1,3,3
26,3,1,4,3
26,3,1,0,3
26,3,1,4,3
26,3,1,0,3
26,3,1,3,3
26,3,1,0,3
26,3,1,0,3
26,3,1,2,3
26,3,1,3,3
26,3,1,6,3
26,3,1,3,3
26,3,1,1,3
26,3,1,0,3
26,3,1,4,3
26,3,1,0,3
26,3,1,2,3
26,3,1,0,3
26,3,1,6,3
26,3,1,14,3
26,3,1,5,3
26,3,1,6,3
26,3,1,4,3
26,3,1,2,3
26,3,1,0,3
26,3,1,2,3
26,3,1,1,3
26,3,1,2,3
26,3,1,0,3
26,3,1,4,3
26,3,1,0,3
26,3,1,1,3
26,3,1,3,3
26,3,1,5,3
26,3,1,0,3
26,3,1,0,3
26,3,1,0,3
26,3,1,1,3
26,3,1,1,3
26,3,1,0,3
26,3,1,2,3
26,3,1,5,3
26,3,1,3,3
26,3,1,4,3
26,3,1,3,3
26,3,1,0,3
26,3,1,4,3
26,3,1,0,3
26,3,1,3,3
26,3,1,2,3
26,3,1,1,3
26,3,1,2,3
26,3,1,2,3
26,3,1,1,3
26,3,1,3,3
26,3,1,2,3
26,3,1,0,3
26,3,1,1,3
26,3,1,0,3
26,3,1,5,3
26,3,1,1,3
26,3,1,0,3
26,3,1,3,3
26,3,1,0,3
26,3,1,0,3
26,3,1,0,3
26,3,1,1,3
26,3,1,3,3
26,3,1,4,3
26,3,1,0,3
26,3,1,0,3
26,3,1,3,3
26,3,1,2,3
26,3,1,0,3
26,3,1,2,3
26,3,1,0,3
26,3,1,5,3
26,3,1,0,3
26,3,1,5,3
26,3,1,1,3
26,3,1,4,3
26,3,1,2,3
26,3,1,4,3
26,3,1,3,3
26,3,1,0,3
26,3,1,0,3
26,3,1,0,3
26,3,1,0,3
26,3,1,2,3
26,3,1,0,3
26,3,1,1,3
26,3,1,3,3
26,3,1,2,3
26,3,1,4,3
26,3,1,4,3
26,3,1,2,3
26,3,1,0,3
26,4,1,1,4
26,4,1,2,4
26,4,1,3,4
26,4,1,2,4
26,4,1,3,4
26,4,1,0,4
26,4,1,0,4
26,4,1,5,4
26,4,1,4,4
26,4,1,4,4
26,4,1,3,4
26,4,1,0,4
26,4,1,5,4
26,4,1,6,4
26,4,1,8,4
26,4,1,3,4
26,4,1,8,4
26,4,1,15,4
26,4,1,3,4
26,4,1,2,4
26,4,1,4,4
26,4,1,4,4
26,4,1,0,4
26,4,1,0,4
26,4,1,2,4
26,4,1,6,4
26,4,1,9,4
26,4,1,4,4
26,4,1,0,4
26,4,1,1,4
26,4,1,5,4
26,4,1,0,4
26,4,1,0,4
26,4,1,2,4
26,4,1,7,4
26,4,1,7,4
26,4,1,0,4
26,4,1,5,4
26,4,1,1,4
26,4,1,0,4
26,4,1,1,4
26,4,1,3,4
26,4,1,9,4
26,4,1,1,4
26,4,1,3,4
26,4,1,1,4
26,4,1,8,4
26,4,1,0,4
26,4,1,0,4
26,4,1,3,4
26,4,1,7,4
26,4,1,0,4
26,4,1,0,4
26,4,1,5,4
26,4,1,1,4
26,4,1,6,4
26,4,1,0,4
26,4,1,0,4
26,4,1,8,4
26,4,1,3,4
26,4,1,3,4
26,4,1,7,4
26,4,1,1,4
26,4,1,3,4
26,4,1,2,4
26,4,1,5,4
26,4,1,3,4
26,4,1,8,4
26,4,1,1,4
26,4,1,4,4
26,4,1,2,4
26,4,1,0,4
26,4,1,4,4
26,4,1,8,4
26,4,1,2,4
26,4,1,4,4
26,4,1,0,4
26,4,1,12,4
26,4,1,5,4
26,4,1,1,4
26,4,1,1,4
26,4,1,5,4
26,4,1,3,4
26,4,1,3,4
26,4,1,1,4
26,4,1,2,4
26,4,1,5,4
26,4,1,3,4
26,4,1,3,4
26,4,1,4,4
26,4,1,1,4
26,4,1,1,4
26,4,1,3,4
26,4,1,9,4
26,4,1,2,4
26,4,1,4,4
26,4,1,2,4
26,4,1,3,4
26,4,1,3,4
26,4,1,5,4
26,5,1,2,5
26,5,1,5,5
26,5,1,11,5
26,5,1,1,5
26,5,1,11,5
26,5,1,2,5
26,5,1,1,5
26,5,1,4,5
26,5,1,2,5
26,5,1,4,5
26,5,1,6,5
26,5,1,3,5
26,5,1,4,5
26,5,1,10,5
26,5,1,3,5
26,5,1,7,5
26,5,1,3,5
26,5,1,3,5
26,5,1,2,5
26,5,1,2,5
26,5,1,5,5
26,5,1,0,5
26,5,1,5,5
26,5,1,1,5
26,5,1,8,5
26,5,1,5,5
26,5,1,1,5
26,5,1,4,5
26,5,1,3,5
26,5,1,2,5
26,5,1,2,5
26,5,1,3,5
26,5,1,3,5
26,5,1,7,5
26,5,1,0,5
26,5,1,4,5
26,5,1,5,5
26,5,1,13,5
26,5,1,6,5
26,5,1,6,5
26,5,1,1,5
26,5,1,4,5
26,5,1,3,5
26,5,1,5,5
26,5,1,4,5
26,5,1,4,5
26,5,1,0,5
26,5,1,1,5
26,5,1,1,5
26,5,1,2,5
26,5,1,16,5
26,5,1,3,5
26,5,1,6,5
26,5,1,1,5
26,5,1,1,5
26,5,1,6,5
26,5,1,3,5
26,5,1,1,5
26,5,1,7,5
26,5,1,0,5
26,5,1,14,5
26,5,1,3,5
26,5,1,4,5
26,5,1,6,5
26,5,1,0,5
26,5,1,2,5
26,5,1,0,5
26,5,1,10,5
26,5,1,1,5
26,5,1,6,5
26,5,1,3,5
26,5,1,3,5
26,5,1,6,5
26,5,1,6,5
26,5,1,2,5
26,5,1,2,5
26,5,1,3,5
26,5,1,2,5
26,5,1,1,5
26,5,1,10,5
26,5,1,4,5
26,5,1,7,5
26,5,1,6,5
26,5,1,8,5
26,5,1,5,5
26,5,1,5,5
26,5,1,2,5
26,5,1,4,5
26,5,1,4,5
26,5,1,1,5
26,5,1,8,5
26,5,1,5,5
26,5,1,2,5
26,5,1,10,5
26,5,1,3,5
26,5,1,2,5
26,5,1,1,5
26,5,1,3,5
26,5,1,3,5
26,5,1,7,5
26,6,1,17,6
26,6,1,10,6
26,6,1,2,6
26,6,1,9,6
26,6,1,0,6
26,6,1,10,6
26,6,1,4,6
26,6,1,4,6
26,6,1,1,6
26,6,1,4,6
26,6,1,6,6
26,6,1,2,6
26,6,1,16,6
26,6,1,7,6
26,6,1,4,6
26,6,1,7,6
26,6,1,5,6
26,6,1,2,6
26,6,1,9,6
26,6,1,6,6
26,6,1,1,6
26,6,1,11,6
26,6,1,4,6
26,6,1,7,6
26,6,1,1,6
26,6,1,2,6
26,6,1,9,6
26,6,1,4,6
26,6,1,3,6
26,6,1,14,6
26,6,1,6,6
26,6,1,1,6
26,6,1,3,6
26,6,1,3,6
26,6,1,5,6
26,6,1,3,6
26,6,1,7,6
26,6,1,4,6
26,6,1,2,6
26,6,1,6,6
26,6,1,0,6
26,6,1,6,6
26,6,1,5,6
26,6,1,14,6
26,6,1,7,6
26,6,1,1,6
26,6,1,12,6
26,6,1,8,6
26,6,1,6,6
26,6,1,2,6
26,6,1,2,6
26,6,1,4,6
26,6,1,3,6
26,6,1,4,6
26,6,1,4,6
26,6,1,8,6
26,6,1,6,6
26,6,1,3,6
26,6,1,4,6
26,6,1,2,6
26,6,1,14,6
26,6,1,5,6
26,6,1,5,6
26,6,1,6,6
26,6,1,1,6
26,6,1,1,6
26,6,1,5,6
26,6,1,7,6
26,6,1,5,6
26,6,1,1,6
26,6,1,6,6
26,6,1,8,6
26,6,1,3,6
26,6,1,8,6
26,6,1,0,6
26,6,1,2,6
26,6,1,3,6
26,6,1,0,6
26,6,1,7,6
26,6,1,4,6
26,6,1,6,6
26,6,1,6,6
26,6,1,6,6
26,6,1,5,6
26,6,1,1,6
26,6,1,2,6
26,6,1,8,6
26,6,1,9,6
26,6,1,2,6
26,6,1,7,6
26,6,1,1,6
26,6,1,8,6
26,6,1,4,6
26,6,1,8,6
26,6,1,6,6
26,6,1,4,6
26,6,1,10,6
26,6,1,5,6
26,6,1,3,6
26,6,1,8,6
26,7,1,3,7
26,7,1,6,7
26,7,1,13,7
26,7,1,4,7
26,7,1,8,7
26,7,1,3,7
26,7,1,7,7
26,7,1,6,7
26,7,1,5,7
26,7,1,9,7
26,7,1,2,7
26,7,1,5,7
26,7,1,6,7
26,7,1,14,7
26,7,1,9,7
26,7,1,4,7
26,7,1,10,7
26,7,1,11,7
26,7,1,4,7
26,7,1,2,7
26,7,1,2,7
26,7,1,8,7
26,7,1,2,7
26,7,1,7,7
26,7,1,7,7
26,7,1,2,7
26,7,1,4,7
26,7,1,1,7
26,7,1,3,7
26,7,1,5,7
26,7,1,5,7
26,7,1,3,7
26,7,1,0,7
26,7,1,13,7
26,7,1,2,7
26,7,1,5,7
26,7,1,15,7
26,7,1,9,7
26,7,1,8,7
26,7,1,3,7
26,7,1,5,7
26,7,1,13,7
26,7,1,3,7
26,7,1,5,7
26,7,1,1,7
26,7,1,3,7
26,7,1,3,7
26,7,1,3,7
26,7,1,7,7
26,7,1,9,7
26,7,1,7,7
26,7,1,6,7
26,7,1,9,7
26,7,1,5,7
26,7,1,5,7
26,7,1,0,7
26,7,1,4,7
26,7,1,3,7
26,7,1,8,7
26,7,1,1,7
26,7,1,13,7
26,7,1,2,7
26,7,1,0,7
26,7,1,1,7
26,7,1,4,7
26,7,1,11,7
26,7,1,3,7
26,7,1,11,7
26,7,1,4,7
26,7,1,3,7
26,7,1,11,7
26,7,1,4,7
26,7,1,9,7
26,7,1,6,7
26,7,1,5,7
26,7,1,4,7
26,7,1,1,7
26,7,1,4,7
26,7,1,7,7
26,7,1,2,7
26,7,1,2,7
26,7,1,10,7
26,7,1,15,7
26,7,1,6,7
26,7,1,10,7
26,7,1,1,7
26,7,1,1,7
26,7,1,9,7
26,7,1,14,7
26,7,1,18,7
26,7,1,5,7
26,7,1,2,7
26,7,1,5,7
26,7,1,9,7
26,7,1,3,7
26,7,1,3,7
26,7,1,5,7
26,7,1,0,7
26,7,1,10,7
26,7,1,3,7
26,8,1,15,8
26,8,1,14,8
26,8,1,8,8
26,8,1,7,8
26,8,1,5,8
26,8,1,1,8
26,8,1,5,8
26,8,1,10,8
26,8,1,3,8
26,8,1,12,8
26,8,1,4,8
26,8,1,8,8
26,8,1,9,8
26,8,1,6,8
26,8,1,15,8
26,8,1,13,8
26,8,1,9,8
26,8,1,3,8
26,8,1,8,8
26,8,1,3,8
26,8,1,4,8
26,8,1,2,8
26,8,1,6,8
26,8,1,5,8
26,8,1,8,8
26,8,1,9,8
26,8,1,20,8
26,8,1,5,8
26,8,1,4,8
26,8,1,1,8
26,8,1,7,8
26,8,1,2,8
26,8,1,1,8
26,8,1,6,8
26,8,1,10,8
26,8,1,12,8
26,8,1,10,8
26,8,1,0,8
26,8,1,10,8
26,8,1,12,8
26,8,1,15,8
26,8,1,9,8
26,8,1,0,8
26,8,1,3,8
26,8,1,3,8
26,8,1,7,8
26,8,1,6,8
26,8,1,3,8
26,8,1,5,8
26,8,1,4,8
26,8,1,12,8
26,8,1,10,8
26,8,1,18,8
26,8,1,10,8
26,8,1,7,8
26,8,1,5,8
26,8,1,16,8
26,8,1,8,8
26,8,1,6,8
26,8,1,2,8
26,8,1,11,8
26,8,1,2,8
26,8,1,11,8
26,8,1,2,8
26,8,1,4,8
26,8,1,7,8
26,8,1,14,8
26,8,1,10,8
26,8,1,7,8
26,8,1,13,8
26,8,1,22,8
26,8,1,15,8
26,8,1,5,8
26,8,1,1,8
26,8,1,2,8
26,8,1,10,8
26,8,1,12,8
26,8,1,6,8
26,8,1,6,8
26,8,1,10,8
26,8,1,11,8
26,8,1,6,8
26,8,1,13,8
26,8,1,8,8
26,8,1,3,8
26,8,0,25,5
26,8,1,5,8
26,8,1,3,8
26,8,1,7,8
26,8,1,7,8
26,8,1,16,8
26,8,1,4,8
26,8,1,7,8
26,8,1,2,8
26,8,1,1,8
26,8,1,2,8
26,8,1,4,8
26,8,1,5,8
26,8,1,14,8
26,8,1,6,8
26,9,1,11,9
26,9,1,3,9
26,9,1,7,9
26,9,1,10,9
26,9,1,11,9
26,9,1,3,9
26,9,1,4,9
26,9,1,6,9
26,9,1,15,9
26,9,1,3,9
26,9,1,5,9
26,9,1,5,9
26,9,1,6,9
26,9,1,7,9
26,9,1,2,9
26,9,1,5,9
26,9,1,8,9
26,9,1,13,9
26,9,1,10,9
26,9,1,6,9
26,9,1,6,9
26,9,1,5,9
26,9,1,10,9
26,9,1,9,9
26,9,1,7,9
26,9,1,10,9
26,9,1,6,9
26,9,1,6,9
26,9,1,11,9
26,9,1,7,9
26,9,1,5,9
26,9,1,4,9
26,9,1,6,9
26,9,1,3,9
26,9,1,10,9
26,9,1,7,9
26,9,1,4,9
26,9,1,7,9
26,9,1,5,9
26,9,1,14,9
26,9,1,14,9
26,9,1,7,9
26,9,1,13,9
26,9,1,2,9
26,9,1,13,9
26,9,1,3,9
26,9,1,9,9
26,9,1,11,9
26,9,0,25,7
26,9,1,5,9
26,9,1,4,9
26,9,1,3,9
26,9,1,7,9
26,9,1,3,9
26,9,1,8,9
26,9,1,17,9
26,9,1,7,9
26,9,1,11,9
26,9,1,7,9
26,9,1,6,9
26,9,1,17,9
26,9,1,0,9
26,9,1,11,9
26,9,1,5,9
26,9,1,0,9
26,9,1,7,9
26,9,1,9,9
26,9,1,14,9
26,9,1,19,9
26,9,1,7,9
26,9,1,5,9
26,9,1,3,9
26,9,1,5,9
26,9,1,4,9
26,9,1,19,9
26,9,1,10,9
26,9,1,1,9
26,9,1,5,9
26,9,1,6,9
26,9,1,5,9
26,9,1,5,9
26,9,1,20,9
26,9,1,18,9
26,9,1,3,9
26,9,1,12,9
26,9,1,11,9
26,9,1,7,9
26,9,1,9,9
26,9,1,17,9
26,9,1,6,9
26,9,1,6,9
26,9,1,8,9
26,9,1,12,9
26,9,1,5,9
26,9,1,6,9
26,9,1,12,9
26,9,1,8,9
26,9,1,8,9
26,9,1,12,9
26,9,1,8,9
26,10,1,14,10
26,10,1,6,10
26,10,1,4,10
26,10,0,25,6
26,10,1,14,10
26,10,1,5,10
26,10,1,5,10
26,10,1,6,10
26,10,1,11,10
26,10,1,9,10
26,10,1,17,10
26,10,1,4,10
26,10,1,2,10
26,10,1,4,10
26,10,1,1,10
26,10,1,6,10
26,10,1,14,10
26,10,1,11,10
26,10,1,9,10
26,10,1,13,10
26,10,1,7,10
26,10,1,3,10
26,10,1,16,10
26,10,1,3,10
26,10,1,11,10
26,10,1,9,10
26,10,1,8,10
26,10,1,15,10
26,10,1,8,10
26,10,1,6,10
26,10,1,2,10
26,10,1,10,10
26,10,1,17,10
26,10,1,5,10
26,10,1,5,10
26,10,1,12,10
26,10,1,16,10
26,10,1,8,10
26,10,1,9,10
26,10,1,18,10
26,10,1,10,10
26,10,1,10,10
26,10,1,13,10
26,10,1,9,10
26,10,1,6,10
26,10,1,2,10
26,10,1,17,10
26,10,1,9,10
26,10,1,8,10
26,10,1,8,10
26,10,1,11,10
26,10,1,4,10
26,10,1,6,10
26,10,1,7,10
26,10,1,11,10
26,10,1,9,10
26,10,1,10,10
26,10,1,8,10
26,10,1,12,10
26,10,1,1,10
26,10,1,1,10
26,10,1,2,10
26,10,1,13,10
26,10,1,5,10
26,10,1,11,10
26,10,1,2,10
26,10,1,8,10
26,10,1,4,10
26,10,1,6,10
26,10,1,15,10
26,10,1,2,10
26,10,1,8,10
26,10,1,2,10
26,10,1,12,10
26,10,1,7,10
26,10,1,2,10
26,10,1,2,10
26,10,1,6,10
26,10,1,11,10
26,10,1,13,10
26,10,1,3,10
26,10,1,13,10
26,10,1,6,10
26,10,1,8,10
26,10,1,14,10
26,10,1,11,10
26,10,1,11,10
26,10,1,7,10
26,10,1,12,10
26,10,1,1,10
26,10,1,10,10
26,10,1,9,10
26,10,1,21,10
26,10,1,3,10
26,10,1,9,10
26,10,1,6,10
26,10,1,8,10
26,10,1,5,10
26,10,1,3,10
26,10,1,7,10
26,11,1,5,11
26,11,1,11,11
26,11,1,4,11
26,11,1,13,11
26,11,1,7,11
26,11,1,12,11
26,11,1,3,11
26,11,1,10,11
26,11,1,8,11
26,11,1,9,11
26,11,1,7,11
26,11,1,4,11
26,11,1,17,11
26,11,1,7,11
26,11,1,3,11
26,11,1,12,11
26,11,1,2,11
26,11,1,10,11
26,11,1,15,11
26,11,1,4,11
26,11,1,8,11
26,11,1,8,11
26,11,1,5,11
26,11,1,6,11
26,11,1,2,11
26,11,1,6,11
26,11,1,14,11
26,11,1,18,11
26,11,1,15,11
26,11,1,6,11
26,11,1,12,11
26,11,1,8,11
26,11,1,12,11
26,11,1,8,11
26,11,1,2,11
26,11,1,9,11
26,11,1,11,11
26,11,1,9,11
26,11,1,13,11
26,11,1,6,11
26,11,1,6,11
26,11,1,13,11
26,11,1,8,11
26,11,1,17,11
26,11,1,7,11
26,11,1,13,11
26,11,1,10,11
26,11,1,12,11
26,11,1,3,11
26,11,1,5,11
26,11,1,15,11
26,11,1,15,11
26,11,1,4,11
26,11,1,5,11
26,11,1,15,11
26,11,1,10,11
26,11,1,16,11
26,11,1,6,11
26,11,1,7,11
26,11,1,7,11
26,11,1,5,11
26,11,1,4,11
26,11,1,0,11
26,11,1,15,11
26,11,1,5,11
26,11,1,21,11
26,11,1,16,11
26,11,1,4,11
26,11,1,2,11
26,11,1,13,11
26,11,1,14,11
26,11,1,12,11
26,11,1,8,11
26,11,1,17,11
26,11,1,14,11
26,11,1,17,11
26,11,1,8,11
26,11,1,8,11
26,11,1,5,11
26,11,1,6,11
26,11,1,7,11
26,11,1,9,11
26,11,1,3,11
26,11,1,9,11
26,11,1,15,11
26,11,1,5,11
26,11,1,2,11
26,11,1,9,11
26,11,1,7,11
26,11,1,8,11
26,11,1,9,11
26,11,1,1,11
26,11,1,11,11
26,11,1,5,11
26,11,1,13,11
26,11,1,5,11
26,11,1,6,11
26,11,1,0,11
26,11,1,16,11
26,11,1,2,11
26,12,1,8,12
26,12,1,4,12
26,12,1,8,12
26,12,1,7,12
26,12,1,14,12
26,12,1,12,12
26,12,1,8,12
26,12,1,6,12
26,12,0,25,10
26,12,1,7,12
26,12,1,12,12
26,12,1,11,12
26,12,1,12,12
26,12,1,11,12
26,12,1,9,12
26,12,1,8,12
26,12,1,8,12
26,12,1,10,12
26,12,1,10,12
26,12,1,12,12
26,12,1,18,12
26,12,1,6,12
26,12,1,8,12
26,12,1,2,12
26,12,1,12,12
26,12,1,16,12
26,12,1,5,12
26,12,1,11,12
26,12,1,9,12
26,12,1,12,12
26,12,1,10,12
26,12,1,8,12
26,12,1,20,12
26,12,1,6,12
26,12,1,8,12
26,12,1,12,12
26,12,1,20,12
26,12,1,12,12
26,12,1,10,12
26,12,1,5,12
26,12,1,11,12
26,12,1,12,12
26,12,1,10,12
26,12,1,9,12
26,12,1,11,12
26,12,1,10,12
26,12,1,6,12
26,12,1,18,12
26,12,1,15,12
26,12,1,11,12
26,12,1,7,12
26,12,1,12,12
26,12,1,7,12
26,12,1,15,12
26,12,1,13,12
26,12,1,11,12
26,12,1,18,12
26,12,1,2,12
26,12,1,15,12
26,12,1,5,12
26,12,1,17,12
26,12,1,13,12
26,12,1,10,12
26,12,1,9,12
26,12,1,3,12
26,12,1,8,12
26,12,1,11,12
26,12,1,9,12
26,12,1,8,12
26,12,1,11,12
26,12,1,11,12
26,12,1,10,12
26,12,1,10,12
26,12,1,16,12
26,12,1,14,12
26,12,1,18,12
26,12,1,10,12
26,12,1,10,12
26,12,1,7,12
26,12,1,16,12
26,12,1,13,12
26,12,1,11,12
26,12,1,12,12
26,12,1,12,12
26,12,1,12,12
26,12,1,6,12
26,12,1,6,12
26,12,1,3,12
26,12,1,7,12
26,12,1,9,12
26,12,1,8,12
26,12,1,5,12
26,12,1,4,12
26,12,1,15,12
26,12,1,12,12
26,12,1,13,12
26,12,1,7,12
26,12,1,0,12
26,12,1,7,12
26,12,1,5,12
26,13,1,12,13
26,13,1,12,13
26,13,1,12,13
26,13,1,21,13
26,13,1,6,13
26,13,1,12,13
26,13,1,11,13
26,13,1,14,13
26,13,1,9,13
26,13,1,15,13
26,13,1,4,13
26,13,1,12,13
26,13,1,3,13
26,13,1,13,13
26,13,1,7,13
26,13,1,5,13
26,13,1,8,13
26,13,1,9,13
26,13,1,5,13
26,13,1,9,13
26,13,1,7,13
26,13,1,18,13
26,13,1,7,13
26,13,1,23,13
26,13,1,13,13
26,13,1,5,13
26,13,1,4,13
26,13,1,13,13
26,13,1,10,13
26,13,1,23,13
26,13,1,3,13
26,13,1,18,13
26,13,1,5,13
26,13,1,3,13
26,13,1,5,13
26,13,1,7,13
26,13,1,7,13
26,13,1,4,13
26,13,1,19,13
26,13,1,6,13
26,13,1,12,13
26,13,1,10,13
26,13,1,6,13
26,13,1,17,13
26,13,1,6,13
26,13,1,2,13
26,13,1,15,13
26,13,1,13,13
26,13,1,15,13
26,13,1,12,13
26,13,1,10,13
26,13,1,5,13
26,13,1,6,13
26,13,1,19,13
26,13,1,8,13
26,13,1,18,13
26,13,1,9,13
26,13,1,11,13
26,13,1,18,13
26,13,1,17,13
26,13,1,9,13
26,13,1,10,13
26,13,1,14,13
26,13,1,5,13
26,13,0,25,10
26,13,1,12,13
26,13,1,11,13
26,13,1,14,13
26,13,1,7,13
26,13,1,7,13
26,13,1,6,13
26,13,1,4,13
26,13,1,8,13
26,13,1,23,13
26,13,1,17,13
26,13,1,18,13
26,13,1,7,13
26,13,1,14,13
26,13,1,5,13
26,13,1,12,13
26,13,1,11,13
26,13,0,25,12
26,13,1,13,13
26,13,1,6,13
26,13,1,9,13
26,13,1,12,13
26,13,1,5,13
26,13,1,11,13
26,13,1,18,13
26,13,1,7,13
26,13,1,8,13
26,13,1,15,13
26,13,1,5,13
26,13,1,10,13
26,13,1,8,13
26,13,1,9,13
26,13,1,13,13
26,13,1,9,13
26,13,1,4,13
26,13,1,7,13
26,14,0,25,11
26,14,1,11,14
26,14,1,6,14
26,14,1,8,14
26,14,1,8,14
26,14,1,5,14
26,14,1,14,14
26,14,1,9,14
26,14,1,13,14
26,14,1,23,14
26,14,0,25,7
26,14,0,25,13
26,14,1,17,14
26,14,1,12,14
26,14,1,6,14
26,14,1,14,14
26,14,1,5,14
26,14,1,4,14
26,14,1,13,14
26,14,1,12,14
26,14,1,12,14
26,14,1,21,14
26,14,1,12,14
26,14,1,13,14
26,14,1,12,14
26,14,1,10,14
26,14,1,15,14
26,14,1,18,14
26,14,1,9,14
26,14,1,12,14
26,14,1,16,14
26,14,1,12,14
26,14,1,10,14
26,14,1,19,14
26,14,1,13,14
26,14,1,14,14
26,14,1,11,14
26,14,1,21,14
26,14,1,10,14
26,14,1,10,14
26,14,1,5,14
26,14,1,11,14
26,14,1,9,14
26,14,1,6,14
26,14,1,6,14
26,14,1,8,14
26,14,1,11,14
26,14,1,13,14
26,14,1,5,14
26,14,1,10,14
26,14,1,8,14
26,14,1,9,14
26,14,1,16,14
26,14,1,20,14
26,14,1,23,14
26,14,1,10,14
26,14,1,8,14
26,14,1,8,14
26,14,1,8,14
26,14,1,14,14
26,14,1,17,14
26,14,1,20,14
26,14,1,9,14
26,14,1,13,14
26,14,1,6,14
26,14,1,23,14
26,14,1,4,14
26,14,1,2,14
26,14,1,8,14
26,14,1,4,14
26,14,1,12,14
26,14,1,3,14
26,14,1,6,14
26,14,1,17,14
26,14,1,15,14
26,14,0,25,8
26,14,1,11,14
26,14,1,12,14
26,14,1,23,14
26,14,1,16,14
26,14,1,11,14
26,14,1,11,14
26,14,1,13,14
26,14,1,12,14
26,14,1,0,14
26,14,0,25,10
26,14,1,10,14
26,14,1,8,14
26,14,1,17,14
26,14,1,6,14
26,14,1,12,14
26,14,1,10,14
26,14,0,25,11
26,14,1,12,14
26,14,1,17,14
26,14,1,11,14
26,14,1,13,14
26,14,1,6,14
26,14,1,8,14
26,14,1,13,14
26,15,1,23,15
26,15,1,19,15
26,15,1,20,15
26,15,1,1,15
26,15,1,17,15
26,15,1,13,15
26,15,0,25,13
26,15,1,9,15
26,15,1,12,15
26,15,0,25,9
26,15,1,12,15
26,15,1,24,15
26,15,1,19,15
26,15,1,17,15
26,15,0,25,13
26,15,1,18,15
26,15,1,5,15
26,15,1,11,15
26,15,1,23,15
26,15,1,21,15
26,15,1,4,15
26,15,1,15,15
26,15,1,11,15
26,15,1,21,15
26,15,1,11,15
26,15,0,25,12
26,15,1,15,15
26,15,1,18,15
26,15,0,25,13
26,15,1,13,15
26,15,1,7,15
26,15,1,15,15
26,15,1,7,15
26,15,1,21,15
26,15,1,7,15
26,15,1,10,15
26,15,1,11,15
26,15,1,8,15
26,15,1,14,15
26,15,1,12,15
26,15,1,22,15
26,15,1,13,15
26,15,1,17,15
26,15,1,13,15
26,15,1,4,15
26,15,1,12,15
26,15,1,19,15
26,15,1,18,15
26,15,1,9,15
26,15,1,16,15
26,15,1,19,15
26,15,1,10,15
26,15,1,13,15
26,15,1,12,15
26,15,1,21,15
26,15,1,9,15
26,15,1,16,15
26,15,0,25,13
26,15,1,8,15
26,15,1,9,15
26,15,1,15,15
26,15,1,10,15
26,15,1,12,15
26,15,1,11,15
26,15,1,19,15
26,15,1,9,15
26,15,1,8,15
26,15,1,17,15
26,15,1,10,15
26,15,1,7,15
26,15,1,12,15
26,15,1,11,15
26,15,0,25,11
26,15,1,8,15
26,15,1,14,15
26,15,1,21,15
26,15,1,2,15
26,15,1,11,15
26,15,1,14,15
26,15,1,7,15
26,15,1,8,15
26,15,1,14,15
26,15,1,3,15
26,15,1,11,15
26,15,0,25,14
26,15,1,7,15
26,15,1,10,15
26,15,1,7,15
26,15,1,11,15
26,15,1,16,15
26,15,1,9,15
26,15,1,11,15
26,15,1,11,15
26,15,1,13,15
26,15,1,13,15
26,15,1,23,15
26,15,1,19,15
26,15,1,9,15
26,15,1,10,15
26,15,0,25,11
26,16,1,15,16
26,16,1,12,16
26,16,1,10,16
26,16,1,9,16
26,16,1,17,16
26,16,1,18,16
26,16,1,18,16
26,16,1,23,16
26,16,1,10,16
26,16,1,12,16
26,16,1,14,16
26,16,1,5,16
26,16,1,7,16
26,16,1,7,16
26,16,1,13,16
26,16,1,9,16
26,16,1,6,16
26,16,1,15,16
26,16,1,3,16
26,16,1,7,16
26,16,1,9,16
26,16,1,4,16
26,16,1,11,16
26,16,1,10,16
26,16,0,25,13
26,16,1,5,16
26,16,1,17,16
26,16,1,15,16
26,16,1,10,16
26,16,1,3,16
26,16,1,21,16
26,16,1,11,16
26,16,1,8,16
26,16,1,12,16
26,16,1,16,16
26,16,1,10,16
26,16,1,13,16
26,16,1,8,16
26,16,1,11,16
26,16,1,15,16
26,16,1,10,16
26,16,1,10,16
26,16,1,15,16
26,16,1,9,16
26,16,1,6,16
26,16,1,13,16
26,16,1,14,16
26,16,1,16,16
26,16,1,8,16
26,16,1,9,16
26,16,1,8,16
26,16,1,15,16
26,16,1,10,16
26,16,1,20,16
26,16,1,9,16
26,16,1,7,16
26,16,1,10,16
26,16,1,14,16
26,16,0,25,14
26,16,1,11,16
26,16,1,9,16
26,16,0,25,14
26,16,1,22,16
26,16,1,18,16
26,16,1,12,16
26,16,1,13,16
26,16,1,19,16
26,16,1,14,16
26,16,1,2,16
26,16,1,14,16
26,16,1,8,16
26,16,1,12,16
26,16,1,11,16
26,16,1,16,16
26,16,1,5,16
26,16,1,11,16
26,16,1,12,16
26,16,1,21,16
26,16,1,14,16
26,16,1,8,16
26,16,1,6,16
26,16,1,10,16
26,16,1,18,16
26,16,1,18,16
26,16,1,11,16
26,16,1,17,16
26,16,1,14,16
26,16,1,14,16
26,16,1,14,16
26,16,1,12,16
26,16,1,7,16
26,16,1,14,16
26,16,1,17,16
26,16,1,13,16
26,16,0,25,11
26,16,1,22,16
26,16,1,19,16
26,16,1,12,16
26,16,1,8,16
26,16,1,20,16
26,17,1,12,17
26,17,1,20,17
26,17,1,11,17
26,17,1,6,17
26,17,1,12,17
26,17,1,13,17
26,17,1,17,17
26,17,1,17,17
26,17,1,22,17
26,17,1,12,17
26,17,1,15,17
26,17,1,12,17
26,17,0,25,10
26,17,1,16,17
26,17,1,10,17
26,17,1,13,17
26,17,1,21,17
26,17,0,25,16
26,17,1,8,17
26,17,1,10,17
26,17,1,9,17
26,17,1,17,17
26,17,1,21,17
26,17,1,15,17
26,17,1,6,17
26,17,1,16,17
26,17,1,18,17
26,17,1,22,17
26,17,1,14,17
26,17,1,15,17
26,17,1,16,17
26,17,1,14,17
26,17,1,9,17
26,17,1,13,17
26,17,0,25,15
26,17,1,12,17
26,17,1,15,17
26,17,1,20,17
26,17,1,20,17
26,17,1,10,17
26,17,1,13,17
26,17,1,15,17
26,17,1,13,17
26,17,1,8,17
26,17,1,10,17
26,17,1,11,17
26,17,1,20,17
26,17,1,15,17
26,17,1,11,17
26,17,1,15,17
26,17,1,16,17
26,17,1,6,17
26,17,1,2,17
26,17,0,25,11
26,17,1,13,17
26,17,1,6,17
26,17,1,12,17
26,17,1,18,17
26,17,1,23,17
26,17,1,7,17
26,17,1,16,17
26,17,1,22,17
26,17,1,23,17
26,17,1,15,17
26,17,1,7,17
26,17,0,25,15
26,17,1,15,17
26,17,1,9,17
26,17,1,21,17
26,17,1,8,17
26,17,1,15,17
26,17,1,14,17
26,17,1,13,17
26,17,1,10,17
26,17,1,18,17
26,17,1,12,17
26,17,1,9,17
26,17,1,11,17
26,17,1,14,17
26,17,1,12,17
26,17,1,12,17
26,17,0,25,15
26,17,1,16,17
26,17,1,14,17
26,17,1,16,17
26,17,1,18,17
26,17,1,20,17
26,17,1,19,17
26,17,1,16,17
26,17,1,19,17
26,17,0,25,15
26,17,1,18,17
26,17,1,4,17
26,17,1,12,17
26,17,1,19,17
26,17,1,9,17
26,17,1,13,17
26,17,1,12,17
26,17,1,14,17
26,17,0,25,14
26,18,1,11,18
26,18,1,7,18
26,18,1,15,18
26,18,1,7,18
26,18,1,13,18
26,18,1,21,18
26,18,1,15,18
26,18,1,15,18
26,18,1,23,18
26,18,1,15,18
26,18,1,11,18
26,18,0,25,15
26,18,1,21,18
26,18,1,9,18
26,18,1,13,18
26,18,0,25,16
26,18,0,25,9
26,18,1,17,18
26,18,0,25,17
26,18,0,25,17
26,18,1,7,18
26,18,1,12,18
26,18,1,15,18
26,18,1,14,18
26,18,1,19,18
26,18,0,25,12
26,18,0,25,16
26,18,1,16,18
26,18,1,18,18
26,18,1,11,18
26,18,1,21,18
26,18,1,19,18
26,18,1,20,18
26,18,1,13,18
26,18,1,10,18
26,18,0,25,16
26,18,1,18,18
26,18,1,10,18
26,18,1,20,18
26,18,1,13,18
26,18,1,12,18
26,18,1,15,18
26,18,1,19,18
26,18,1,10,18
26,18,1,12,18
26,18,1,15,18
26,18,1,22,18
26,18,1,18,18
26,18,1,7,18
26,18,1,13,18
26,18,0,25,14
26,18,0,25,14
26,18,1,16,18
26,18,1,21,18
26,18,1,16,18
26,18,1,14,18
26,18,1,22,18
26,18,1,20,18
26,18,1,14,18
26,18,1,14,18
26,18,1,8,18
26,18,1,23,18
26,18,1,14,18
26,18,1,13,18
26,18,1,23,18
26,18,1,18,18
26,18,1,21,18
26,18,1,12,18
26,18,1,11,18
26,18,1,20,18
26,18,0,25,15
26,18,1,14,18
26,18,1,19,18
26,18,1,11,18
26,18,1,6,18
26,18,1,23,18
26,18,1,14,18
26,18,1,22,18
26,18,1,14,18
26,18,1,15,18
26,18,1,10,18
26,18,1,14,18
26,18,1,14,18
26,18,1,6,18
26,18,1,14,18
26,18,1,18,18
26,18,1,18,18
26,18,1,10,18
26,18,1,22,18
26,18,1,22,18
26,18,1,3,18
26,18,1,21,18
26,18,1,22,18
26,18,1,8,18
26,18,1,17,18
26,18,1,5,18
26,18,1,10,18
26,18,1,19,18
26,18,1,10,18
26,18,1,9,18
26,19,1,17,19
26,19,1,20,19
26,19,1,16,19
26,19,1,9,19
26,19,1,13,19
26,19,1,21,19
26,19,0,25,12
26,19,0,25,14
26,19,1,21,19
26,19,1,13,19
26,19,1,13,19
26,19,1,17,19
26,19,1,8,19
26,19,0,25,11
26,19,1,15,19
26,19,1,13,19
26,19,1,13,19
26,19,1,22,19
26,19,1,19,19
26,19,1,13,19
26,19,1,7,19
26,19,1,14,19
26,19,1,19,19
26,19,1,9,19
26,19,1,5,19
26,19,1,13,19
26,19,1,19,19
26,19,1,11,19
26,19,1,16,19
26,19,1,14,19
26,19,1,5,19
26,19,1,17,19
26,19,1,19,19
26,19,1,21,19
26,19,1,13,19
26,19,1,13,19
26,19,1,8,19
26,19,0,25,10
26,19,1,15,19
26,19,1,17,19
26,19,1,16,19
26,19,1,9,19
26,19,1,20,19
26,19,1,13,19
26,19,1,20,19
26,19,1,9,19
26,19,1,21,19
26,19,1,11,19
26,19,1,17,19
26,19,1,4,19
26,19,1,13,19
26,19,1,17,19
26,19,1,12,19
26,19,1,8,19
26,19,1,12,19
26,19,1,16,19
26,19,1,7,19
26,19,1,17,19
26,19,1,19,19
26,19,1,17,19
26,19,1,20,19
26,19,0,25,12
26,19,1,18,19
26,19,1,14,19
26,19,0,25,16
26,19,1,18,19
26,19,1,17,19
26,19,0,25,17
26,19,1,15,19
26,19,1,4,19
26,19,0,25,17
26,19,1,12,19
26,19,1,17,19
26,19,1,1,19
26,19,1,17,19
26,19,0,25,17
26,19,1,12,19
26,19,1,8,19
26,19,0,25,15
26,19,1,12,19
26,19,1,12,19
26,19,1,21,19
26,19,1,19,19
26,19,1,13,19
26,19,1,21,19
26,19,1,14,19
26,19,1,15,19
26,19,1,17,19
26,19,1,15,19
26,19,1,5,19
26,19,1,20,19
26,19,1,15,19
26,19,1,11,19
26,19,1,13,19
26,19,1,12,19
26,19,1,10,19
26,19,1,14,19
26,19,1,10,19
26,19,1,14,19
26,19,0,25,11
26,20,1,4,20
26,20,1,19,20
26,20,1,15,20
26,20,1,24,20
26,20,1,16,20
26,20,1,18,20
26,20,1,16,20
26,20,1,18,20
26,20,1,16,20
26,20,1,16,20
26,20,0,25,19
26,20,1,16,20
26,20,1,18,20
26,20,1,19,20
26,20,1,18,20
26,20,0,25,12
26,20,1,6,20
26,20,1,14,20
26,20,1,19,20
26,20,1,12,20
26,20,1,21,20
26,20,0,25,16
26,20,1,12,20
26,20,1,3,20
26,20,1,11,20
26,20,1,20,20
26,20,1,18,20
26,20,0,25,18
26,20,0,25,11
26,20,1,17,20
26,20,1,18,20
26,20,1,14,20
26,20,1,19,20
26,20,0,25,13
26,20,1,17,20
26,20,1,17,20
26,20,0,25,17
26,20,1,12,20
26,20,1,18,20
26,20,1,17,20
26,20,1,5,20
26,20,1,6,20
26,20,1,20,20
26,20,1,18,20
26,20,1,19,20
26,20,0,25,12
26,20,1,12,20
26,20,1,15,20
26,20,1,16,20
26,20,1,16,20
26,20,1,13,20
26,20,1,18,20
26,20,1,18,20
26,20,0,25,18
26,20,1,19,20
26,20,1,18,20
26,20,1,7,20
26,20,1,22,20
26,20,1,7,20
26,20,1,16,20
26,20,1,11,20
26,20,1,16,20
26,20,1,22,20
26,20,1,16,20
26,20,1,10,20
26,20,1,21,20
26,20,1,10,20
26,20,1,15,20
26,20,1,14,20
26,20,1,18,20
26,20,1,17,20
26,20,1,15,20
26,20,1,23,20
26,20,1,22,20
26,20,1,13,20
26,20,1,11,20
26,20,1,17,20
26,20,1,10,20
26,20,0,25,18
26,20,1,19,20
26,20,1,22,20
26,20,1,10,20
26,20,1,15,20
26,20,0,25,12
26,20,1,19,20
26,20,1,19,20
26,20,0,25,13
26,20,1,13,20
26,20,1,13,20
26,20,0,25,7
26,20,1,23,20
26,20,0,25,19
26,20,1,22,20
26,20,1,17,20
26,20,1,16,20
26,20,1,10,20
26,20,1,14,20
26,20,1,6,20
26,20,1,9,20
26,20,1,9,20
27,1,1,0,1
27,1,1,1,1
27,1,1,0,1
27,1,1,0,1
27,1,1,0,1
27,1,1,0,1
27,1,1,0,1
27,1,1,0,1
27,1,1,2,1
27,1,1,0,1
27,1,1,0,1
27,1,1,0,1
27,1,1,1,1
27,1,1,0,1
27,1,1,0,1
27,1,1,0,1
27,1,1,0,1
27,1,1,0,1
27,1,1,0,1
27,1,1,0,1
27,1,1,0,1
27,1,1,0,1
27,1,1,0,1
27,1,1,0,1
27,1,1,0,1
27,1,1,1,1
27,1,1,0,1
27,1,1,1,1
27,1,1,0,1
27,1,1,1,1
27,1,1,0,1
27,1,1,0,1
27,1,1,0,1
27,1,1,0,1
27,1,1,2,1
27,1,1,0,1
27,1,1,2,1
27,1,1,1,1
27,1,1,0,1
27,1,1,0,1
27,1,1,0,1
27,1,1,0,1
27,1,1,0,1
27,1,1,0,1
27,1,1,0,1
27,1,1,1,1
27,1,1,0,1
27,1,1,0,1
27,1,1,3,1
27,1,1,0,1
27,1,1,1,1
27,1,1,0,1
27,1,1,0,1
27,1,1,0,1
27,1,1,3,1
27,1,1,0,1
27,1,1,3,1
27,1,1,0,1
27,1,1,0,1
27,1,1,1,1
27,1,1,3,1
27,1,1,0,1
27,1,1,0,1
27,1,1,0,1
27,1,1,0,1
27,1,1,0,1
27,1,1,0,1
27,1,1,1,1
27,1,1,0,1
27,1,1,0,1
27,1,1,1,1
27,1,1,0,1
27,1,1,2,1
27,1,1,0,1
27,1,1,3,1
27,1,1,1,1
27,1,1,2,1
27,1,1,0,1
27,1,1,0,1
27,1,1,1,1
27,1,1,0,1
27,1,1,2,1
27,1,1,0,1
27,1,1,0,1
27,1,1,3,1
27,1,1,0,1
27,1,1,0,1
27,1,1,1,1
27,1,1,2,1
27,1,1,1,1
27,1,1,2,1
27,1,1,1,1
27,1,1,1,1
27,1,1,0,1
27,1,1,0,1
27,1,1,0,1
27,1,1,1,1
27,1,1,0,1
27,1,1,2,1
27,1,1,1,1
27,2,1,3,2
27,2,1,0,2
27,2,1,0,2
27,2,1,4,2
27,2,1,6,2
27,2,1,4,2
27,2,1,1,2
27,2,1,5,2
27,2,1,0,2
27,2,1,0,2
27,2,1,2,2
27,2,1,1,2
27,2,1,0,2
27,2,1,0,2
27,2,1,0,2
27,2,1,0,2
27,2,1,7,2
27,2,1,1,2
27,2,1,1,2
27,2,1,4,2
27,2,1,2,2
27,2,1,2,2
27,2,1,0,2
27,2,1,2,2
27,2,1,1,2
27,2,1,1,2
27,2,1,1,2
27,2,1,6,2
27,2,1,0,2
27,2,1,2,2
27,2,1,1,2
27,2,1,2,2
27,2,1,5,2
27,2,1,2,2
27,2,1,4,2
27,2,1,1,2
27,2,1,0,2
27,2,1,0,2
27,2,1,0,2
27,2,1,0,2
27,2,1,3,2
27,2,1,0,2
27,2,1,2,2
27,2,1,1,2
27,2,1,0,2
27,2,1,2,2
27,2,1,1,2
27,2,1,2,2
27,2,1,4,2
27,2,1,0,2
27,2,1,1,2
27,2,1,1,2
27,2,1,2,2
27,2,1,0,2
27,2,1,4,2
27,2,1,0,2
27,2,1,2,2
27,2,1,1,2
27,2,1,1,2
27,2,1,1,2
27,2,1,6,2
27,2,1,1,2
27,2,1,0,2
27,2,1,0,2
27,2,1,1,2
27,2,1,3,2
27,2,1,1,2
27,2,1,2,2
27,2,1,1,2
27,2,1,0,2
27,2,1,0,2
27,2,1,0,2
27,2,1,2,2
27,2,1,0,2
27,2,1,0,2
27,2,1,0,2
27,2,1,0,2
27,2,1,4,2
27,2,1,2,2
27,2,1,5,2
27,2,1,2,2
27,2,1,0,2
27,2,1,2,2
27,2,1,1,2
27,2,1,0,2
27,2,1,1,2
27,2,1,0,2
27,2,1,3,2
27,2,1,0,2
27,2,1,0,2
27,2,1,5,2
27,2,1,2,2
27,2,1,3,2
27,2,1,1,2
27,2,1,1,2
27,2,1,1,2
27,2,1,1,2
27,2,1,1,2
27,2,1,1,2
27,2,1,1,2
27,3,1,9,3
27,3,1,0,3
27,3,1,4,3
27,3,1,2,3
27,3,1,0,3
27,3,1,1,3
27,3,1,3,3
27,3,1,1,3
27,3,1,0,3
27,3,1,2,3
27,3,1,2,3
27,3,1,1,3
27,3,1,2,3
27,3,1,4,3
27,3,1,2,3
27,3,1,2,3
27,3,1,4,3
27,3,1,3,3
27,3,1,1,3
27,3,1,0,3
27,3,1,0,3
27,3,1,3,3
27,3,1,0,3
27,3,1,2,3
27,3,1,9,3
27,3,1,7,3
27,3,1,4,3
27,3,1,0,3
27,3,1,4,3
27,3,1,1,3
27,3,1,2,3
27,3,1,0,3
27,3,1,1,3
27,3,1,0,3
27,3,1,4,3
27,3,1,2,3
27,3,1,4,3
27,3,1,3,3
27,3,1,2,3
27,3,1,1,3
27,3,1,1,3
27,3,1,7,3
27,3,1,4,3
27,3,1,2,3
27,3,1,2,3
27,3,1,1,3
27,3,1,1,3
27,3,1,0,3
27,3,1,4,3
27,3,1,2,3
27,3,1,2,3
27,3,1,6,3
27,3,1,3,3
27,3,1,0,3
27,3,1,1,3
27,3,1,1,3
27,3,1,1,3
27,3,1,1,3
27,3,1,2,3
27,3,1,3,3
27,3,1,2,3
27,3,1,0,3
27,3,1,2,3
27,3,1,2,3
27,3,1,2,3
27,3,1,2,3
27,3,1,0,3
27,3,1,3,3
27,3,1,4,3
27,3,1,2,3
27,3,1,0,3
27,3,1,3,3
27,3,1,2,3
27,3,1,1,3
27,3,1,3,3
27,3,1,1,3
27,3,1,3,3
27,3,1,0,3
27,3,1,0,3
27,3,1,2,3
27,3,1,3,3
27,3,1,2,3
27,3,1,0,3
27,3,1,0,3
27,3,1,0,3
27,3,1,0,3
27,3,1,3,3
27,3,1,3,3
27,3,1,3,3
27,3,1,4,3
27,3,1,0,3
27,3,1,0,3
27,3,1,4,3
27,3,1,3,3
27,3,1,0,3
27,3,1,3,3
27,3,1,2,3
27,3,1,0,3
27,3,1,1,3
27,3,1,0,3
27,4,1,9,4
27,4,1,1,4
27,4,1,6,4
27,4,1,3,4
27,4,1,3,4
27,4,1,1,4
27,4,1,3,4
27,4,1,2,4
27,4,1,3,4
27,4,1,4,4
27,4,1,1,4
27,4,1,2,4
27,4,1,2,4
27,4,1,4,4
27,4,1,6,4
27,4,1,3,4
27,4,1,1,4
27,4,1,5,4
27,4,1,1,4
27,4,1,8,4
27,4,1,4,4
27,4,1,3,4
27,4,1,2,4
27,4,1,6,4
27,4,1,5,4
27,4,1,12,4
27,4,1,9,4
27,4,1,8,4
27,4,1,6,4
27,4,1,4,4
27,4,1,0,4
27,4,1,7,4
27,4,1,0,4
27,4,1,4,4
27,4,1,1,4
27,4,1,0,4
27,4,1,1,4
27,4,1,2,4
27,4,1,2,4
27,4,1,3,4
27,4,1,2,4
27,4,1,6,4
27,4,1,5,4
27,4,1,4,4
27,4,1,2,4
27,4,1,0,4
27,4,1,2,4
27,4,1,1,4
27,4,1,7,4
27,4,1,6,4
27,4,1,7,4
27,4,1,2,4
27,4,1,4,4
27,4,1,0,4
27,4,1,0,4
27,4,1,2,4
27,4,1,1,4
27,4,1,8,4
27,4,1,5,4
27,4,1,3,4
27,4,1,9,4
27,4,1,6,4
27,4,1,0,4
27,4,1,2,4
27,4,1,6,4
27,4,1,6,4
27,4,1,2,4
27,4,1,2,4
27,4,1,3,4
27,4,1,4,4
27,4,1,1,4
27,4,1,3,4
27,4,1,7,4
27,4,1,1,4
27,4,1,0,4
27,4,1,2,4
27,4,1,0,4
27,4,1,1,4
27,4,1,2,4
27,4,1,0,4
27,4,1,7,4
27,4,1,4,4
27,4,1,2,4
27,4,1,1,4
27,4,1,4,4
27,4,1,2,4
27,4,1,5,4
27,4,1,2,4
27,4,1,2,4
27,4,1,2,4
27,4,1,6,4
27,4,1,1,4
27,4,1,1,4
27,4,1,7,4
27,4,1,0,4
27,4,1,1,4
27,4,1,4,4
27,4,1,1,4
27,4,1,0,4
27,4,1,0,4
27,5,1,3,5
27,5,1,2,5
27,5,1,1,5
27,5,1,2,5
27,5,1,2,5
27,5,1,1,5
27,5,1,5,5
27,5,1,4,5
27,5,1,4,5
27,5,1,4,5
27,5,1,3,5
27,5,1,1,5
27,5,1,1,5
27,5,1,3,5
27,5,1,10,5
27,5,1,5,5
27,5,1,3,5
27,5,1,0,5
27,5,1,5,5
27,5,1,2,5
27,5,1,1,5
27,5,1,13,5
27,5,1,6,5
27,5,1,8,5
27,5,1,1,5
27,5,1,8,5
27,5,1,1,5
27,5,1,1,5
27,5,1,1,5
27,5,1,4,5
27,5,1,6,5
27,5,1,7,5
27,5,1,5,5
27,5,1,0,5
27,5,1,3,5
27,5,1,10,5
27,5,1,4,5
27,5,1,7,5
27,5,1,3,5
27,5,1,9,5
27,5,1,1,5
27,5,1,4,5
27,5,1,4,5
27,5,1,1,5
27,5,1,4,5
27,5,1,4,5
27,5,1,7,5
27,5,1,9,5
27,5,1,3,5
27,5,1,0,5
27,5,1,1,5
27,5,1,2,5
27,5,1,4,5
27,5,1,3,5
27,5,1,3,5
27,5,1,1,5
27,5,1,5,5
27,5,1,3,5
27,5,1,2,5
27,5,1,3,5
27,5,1,7,5
27,5,1,4,5
27,5,1,9,5
27,5,1,6,5
27,5,1,0,5
27,5,1,6,5
27,5,1,1,5
27,5,1,1,5
27,5,1,6,5
27,5,1,5,5
27,5,1,4,5
27,5,1,6,5
27,5,1,0,5
27,5,1,2,5
27,5,1,3,5
27,5,1,8,5
27,5,1,2,5
27,5,1,4,5
27,5,1,7,5
27,5,1,3,5
27,5,1,3,5
27,5,1,6,5
27,5,1,3,5
27,5,1,6,5
27,5,1,0,5
27,5,1,6,5
27,5,1,6,5
27,5,1,2,5
27,5,1,7,5
27,5,1,2,5
27,5,1,5,5
27,5,1,4,5
27,5,1,8,5
27,5,1,1,5
27,5,1,10,5
27,5,1,2,5
27,5,1,3,5
27,5,1,1,5
27,5,1,7,5
27,5,1,10,5
27,6,1,3,6
27,6,1,10,6
27,6,1,7,6
27,6,1,5,6
27,6,1,1,6
27,6,1,3,6
27,6,1,1,6
27,6,1,10,6
27,6,1,3,6
27,6,1,7,6
27,6,1,6,6
27,6,1,8,6
27,6,1,2,6
27,6,1,0,6
27,6,1,12,6
27,6,1,9,6
27,6,1,0,6
27,6,1,12,6
27,6,1,3,6
27,6,1,7,6
27,6,1,0,6
27,6,1,9,6
27,6,1,12,6
27,6,1,8,6
27,6,1,1,6
27,6,1,5,6
27,6,1,8,6
27,6,1,1,6
27,6,1,3,6
27,6,1,4,6
27,6,1,9,6
27,6,1,5,6
27,6,1,2,6
27,6,1,5,6
27,6,1,2,6
27,6,1,4,6
27,6,1,7,6
27,6,1,2,6
27,6,1,8,6
27,6,1,8,6
27,6,1,10,6
27,6,1,4,6
27,6,1,3,6
27,6,1,5,6
27,6,1,8,6
27,6,1,3,6
27,6,1,4,6
27,6,1,6,6
27,6,1,6,6
27,6,1,2,6
27,6,1,13,6
27,6,1,4,6
27,6,1,1,6
27,6,1,1,6
27,6,1,0,6
27,6,1,1,6
27,6,1,8,6
27,6,1,6,6
27,6,1,5,6
27,6,1,3,6
27,6,1,4,6
27,6,1,5,6
27,6,1,3,6
27,6,1,6,6
27,6,1,2,6
27,6,1,3,6
27,6,1,7,6
27,6,1,1,6
27,6,1,2,6
27,6,1,5,6
27,6,1,4,6
27,6,1,4,6
27,6,1,3,6
27,6,1,2,6
27,6,1,0,6
27,6,1,3,6
27,6,1,10,6
27,6,1,11,6
27,6,1,4,6
27,6,1,3,6
27,6,1,5,6
27,6,1,4,6
27,6,1,5,6
27,6,1,3,6
27,6,1,2,6
27,6,1,3,6
27,6,1,8,6
27,6,1,2,6
27,6,1,2,6
27,6,1,4,6
27,6,1,6,6
27,6,1,3,6
27,6,1,3,6
27,6,1,4,6
27,6,1,6,6
27,6,1,2,6
27,6,1,5,6
27,6,1,2,6
27,6,1,6,6
27,6,1,9,6
27,7,1,3,7
27,7,1,8,7
27,7,1,5,7
27,7,1,12,7
27,7,1,0,7
27,7,1,1,7
27,7,1,2,7
27,7,1,2,7
27,7,1,8,7
27,7,1,10,7
27,7,1,6,7
27,7,1,3,7
27,7,1,2,7
27,7,1,7,7
27,7,1,9,7
27,7,1,9,7
27,7,1,11,7
27,7,1,4,7
27,7,1,7,7
27,7,1,1,7
27,7,1,2,7
27,7,1,10,7
27,7,1,6,7
27,7,1,3,7
27,7,1,4,7
27,7,1,18,7
27,7,1,1,7
27,7,1,8,7
27,7,1,6,7
27,7,1,2,7
27,7,1,3,7
27,7,1,2,7
27,7,1,3,7
27,7,1,2,7
27,7,1,8,7
27,7,1,4,7
27,7,1,2,7
27,7,1,0,7
27,7,1,10,7
27,7,1,3,7
27,7,1,3,7
27,7,1,9,7
27,7,1,5,7
27,7,1,13,7
27,7,1,7,7
27,7,1,9,7
27,7,1,11,7
27,7,1,10,7
27,7,1,7,7
27,7,1,3,7
27,7,1,8,7
27,7,1,3,7
27,7,1,12,7
27,7,1,9,7
27,7,1,3,7
27,7,1,7,7
27,7,1,5,7
27,7,1,4,7
27,7,1,2,7
27,7,1,1,7
27,7,1,5,7
27,7,1,5,7
27,7,1,7,7
27,7,1,6,7
27,7,1,2,7
27,7,1,12,7
27,7,1,2,7
27,7,1,8,7
27,7,1,5,7
27,7,1,1,7
27,7,1,8,7
27,7,1,1,7
27,7,1,6,7
27,7,1,2,7
27,7,1,9,7
27,7,1,5,7
27,7,1,3,7
27,7,1,13,7
27,7,1,13,7
27,7,1,10,7
27,7,1,12,7
27,7,1,4,7
27,7,1,1,7
27,7,1,2,7
27,7,1,4,7
27,7,1,7,7
27,7,1,5,7
27,7,1,2,7
27,7,1,9,7
27,7,1,5,7
27,7,1,6,7
27,7,1,4,7
27,7,1,2,7
27,7,1,1,7
27,7,1,0,7
27,7,1,7,7
27,7,1,1,7
27,7,1,3,7
27,7,1,3,7
27,7,1,2,7
27,8,1,2,8
27,8,1,3,8
27,8,1,9,8
27,8,1,9,8
27,8,1,8,8
27,8,1,20,8
27,8,1,6,8
27,8,1,8,8
27,8,1,12,8
27,8,1,7,8
27,8,1,12,8
27,8,1,5,8
27,8,1,4,8
27,8,1,14,8
27,8,1,5,8
27,8,1,3,8
27,8,1,4,8
27,8,1,5,8
27,8,1,11,8
27,8,1,3,8
27,8,1,0,8
27,8,1,4,8
27,8,1,12,8
27,8,1,14,8
27,8,1,4,8
27,8,1,1,8
27,8,1,7,8
27,8,1,6,8
27,8,1,3,8
27,8,1,1,8
27,8,1,4,8
27,8,1,8,8
27,8,1,13,8
27,8,1,5,8
27,8,1,11,8
27,8,1,6,8
27,8,1,6,8
27,8,1,4,8
27,8,1,9,8
27,8,1,6,8
27,8,1,4,8
27,8,1,7,8
27,8,1,3,8
27,8,1,10,8
27,8,1,7,8
27,8,1,7,8
27,8,1,4,8
27,8,1,3,8
27,8,1,2,8
27,8,1,12,8
27,8,1,3,8
27,8,1,6,8
27,8,1,3,8
27,8,1,14,8
27,8,1,6,8
27,8,1,10,8
27,8,1,2,8
27,8,1,6,8
27,8,1,4,8
27,8,1,0,8
27,8,1,7,8
27,8,1,5,8
27,8,1,10,8
27,8,1,8,8
27,8,1,1,8
27,8,1,10,8
27,8,1,5,8
27,8,1,11,8
27,8,1,1,8
27,8,1,10,8
27,8,1,5,8
27,8,1,6,8
27,8,1,9,8
27,8,1,10,8
27,8,1,6,8
27,8,1,7,8
27,8,1,9,8
27,8,1,3,8
27,8,1,7,8
27,8,1,14,8
27,8,1,11,8
27,8,1,6,8
27,8,1,5,8
27,8,1,7,8
27,8,1,2,8
27,8,1,5,8
27,8,1,4,8
27,8,1,5,8
27,8,1,4,8
27,8,1,5,8
27,8,1,13,8
27,8,1,3,8
27,8,1,2,8
27,8,1,8,8
27,8,1,6,8
27,8,1,7,8
27,8,1,10,8
27,8,1,5,8
27,8,1,6,8
27,8,1,9,8
27,9,1,8,9
27,9,1,5,9
27,9,1,4,9
27,9,1,10,9
27,9,1,5,9
27,9,1,4,9
27,9,1,12,9
27,9,1,7,9
27,9,1,8,9
27,9,1,9,9
27,9,1,16,9
27,9,1,8,9
27,9,1,15,9
27,9,1,14,9
27,9,1,4,9
27,9,1,4,9
27,9,1,8,9
27,9,1,15,9
27,9,1,8,9
27,9,1,2,9
27,9,1,11,9
27,9,1,7,9
27,9,1,11,9
27,9,1,4,9
27,9,1,9,9
27,9,1,15,9
27,9,1,12,9
27,9,1,13,9
27,9,1,12,9
27,9,1,5,9
27,9,1,12,9
27,9,1,6,9
27,9,1,9,9
27,9,1,16,9
27,9,1,6,9
27,9,1,3,9
27,9,1,4,9
27,9,1,15,9
27,9,1,10,9
27,9,1,6,9
27,9,1,10,9
27,9,1,7,9
27,9,1,1,9
27,9,1,18,9
27,9,1,6,9
27,9,1,12,9
27,9,1,6,9
27,9,1,1,9
27,9,1,6,9
27,9,1,9,9
27,9,1,9,9
27,9,1,13,9
27,9,1,4,9
27,9,1,9,9
27,9,1,1,9
27,9,1,5,9
27,9,1,2,9
27,9,1,7,9
27,9,1,10,9
27,9,1,7,9
27,9,1,6,9
27,9,1,6,9
27,9,1,9,9
27,9,1,10,9
27,9,1,2,9
27,9,1,8,9
27,9,1,7,9
27,9,1,8,9
27,9,1,14,9
27,9,1,8,9
27,9,1,4,9
27,9,1,13,9
27,9,1,6,9
27,9,1,7,9
27,9,1,8,9
27,9,1,10,9
27,9,1,12,9
27,9,1,13,9
27,9,1,7,9
27,9,1,7,9
27,9,1,5,9
27,9,1,2,9
27,9,1,6,9
27,9,1,9,9
27,9,1,13,9
27,9,1,4,9
27,9,1,12,9
27,9,1,10,9
27,9,1,4,9
27,9,1,13,9
27,9,1,1,9
27,9,1,7,9
27,9,1,7,9
27,9,1,1,9
27,9,1,10,9
27,9,1,8,9
27,9,1,5,9
27,9,1,5,9
27,9,1,10,9
27,9,1,8,9
27,10,1,3,10
27,10,1,6,10
27,10,1,12,10
27,10,1,2,10
27,10,1,7,10
27,10,1,10,10
27,10,1,9,10
27,10,1,1,10
27,10,1,16,10
27,10,1,5,10
27,10,1,5,10
27,10,1,5,10
27,10,1,7,10
27,10,1,13,10
27,10,1,13,10
27,10,1,12,10
27,10,1,17,10
27,10,1,16,10
27,10,1,8,10
27,10,1,8,10
27,10,1,10,10
27,10,1,16,10
27,10,1,13,10
27,10,1,5,10
27,10,1,16,10
27,10,1,3,10
27,10,1,7,10
27,10,1,16,10
27,10,1,6,10
27,10,1,12,10
27,10,1,3,10
27,10,1,4,10
27,10,1,4,10
27,10,1,18,10
27,10,1,8,10
27,10,1,4,10
27,10,1,4,10
27,10,1,6,10
27,10,1,4,10
27,10,1,7,10
27,10,1,5,10
27,10,1,8,10
27,10,1,10,10
27,10,1,11,10
27,10,1,10,10
27,10,1,11,10
27,10,1,11,10
27,10,1,8,10
27,10,1,2,10
27,10,1,1,10
27,10,1,4,10
27,10,1,5,10
27,10,1,6,10
27,10,1,9,10
27,10,1,5,10
27,10,1,12,10
27,10,1,8,10
27,10,1,9,10
27,10,1,6,10
27,10,1,8,10
27,10,1,5,10
27,10,1,5,10
27,10,1,11,10
27,10,1,1,10
27,10,1,12,10
27,10,1,15,10
27,10,1,13,10
27,10,1,9,10
27,10,1,20,10
27,10,1,11,10
27,10,1,3,10
27,10,1,4,10
27,10,1,23,10
27,10,1,11,10
27,10,1,6,10
27,10,1,13,10
27,10,1,6,10
27,10,1,5,10
27,10,1,6,10
27,10,1,9,10
27,10,1,12,10
27,10,1,14,10
27,10,1,9,10
27,10,1,9,10
27,10,1,9,10
27,10,1,7,10
27,10,1,1,10
27,10,1,3,10
27,10,1,9,10
27,10,1,6,10
27,10,1,17,10
27,10,1,1,10
27,10,1,11,10
27,10,1,8,10
27,10,1,12,10
27,10,1,4,10
27,10,1,14,10
27,10,1,4,10
27,10,1,4,10
27,10,1,6,10
27,11,1,5,11
27,11,1,15,11
27,11,1,9,11
27,11,1,6,11
27,11,1,7,11
27,11,1,12,11
27,11,1,7,11
27,11,1,4,11
27,11,1,6,11
27,11,1,2,11
27,11,1,14,11
27,11,1,4,11
27,11,1,11,11
27,11,1,4,11
27,11,1,3,11
27,11,1,10,11
27,11,1,8,11
27,11,1,13,11
27,11,1,6,11
27,11,1,11,11
27,11,1,14,11
27,11,1,6,11
27,11,1,17,11
27,11,1,8,11
27,11,1,9,11
27,11,1,5,11
27,11,1,6,11
27,11,1,6,11
27,11,1,12,11
27,11,1,3,11
27,11,1,13,11
27,11,1,20,11
27,11,1,13,11
27,11,1,13,11
27,11,1,5,11
27,11,1,9,11
27,11,1,5,11
27,11,1,10,11
27,11,1,2,11
27,11,1,13,11
27,11,1,6,11
27,11,1,7,11
27,11,1,4,11
27,11,1,5,11
27,11,1,4,11
27,11,1,5,11
27,11,1,10,11
27,11,1,7,11
27,11,1,19,11
27,11,1,20,11
27,11,1,21,11
27,11,1,8,11
27,11,1,9,11
27,11,1,16,11
27,11,1,18,11
27,11,1,9,11
27,11,1,5,11
27,11,1,14,11
27,11,1,7,11
27,11,1,8,11
27,11,1,16,11
27,11,1,18,11
27,11,1,14,11
27,11,1,9,11
27,11,1,7,11
27,11,1,5,11
27,11,1,8,11
27,11,1,8,11
27,11,1,6,11
27,11,1,7,11
27,11,1,10,11
27,11,1,11,11
27,11,1,6,11
27,11,1,5,11
27,11,1,11,11
27,11,1,10,11
27,11,1,3,11
27,11,1,11,11
27,11,1,7,11
27,11,1,7,11
27,11,1,9,11
27,11,1,8,11
27,11,1,12,11
27,11,1,14,11
27,11,1,22,11
27,11,1,7,11
27,11,1,5,11
27,11,1,4,11
27,11,1,15,11
27,11,1,6,11
27,11,1,14,11
27,11,1,2,11
27,11,1,14,11
27,11,1,6,11
27,11,1,13,11
27,11,1,4,11
27,11,1,5,11
27,11,1,9,11
27,11,1,8,11
27,11,1,4,11
27,12,1,11,12
27,12,1,11,12
27,12,1,15,12
27,12,1,12,12
27,12,1,9,12
27,12,1,3,12
27,12,1,10,12
27,12,1,13,12
27,12,1,12,12
27,12,1,13,12
27,12,1,5,12
27,12,1,15,12
27,12,1,6,12
27,12,1,10,12
27,12,1,8,12
27,12,1,14,12
27,12,1,8,12
27,12,1,5,12
27,12,1,11,12
27,12,1,2,12
27,12,1,7,12
27,12,1,5,12
27,12,1,12,12
27,12,1,13,12
27,12,1,14,12
27,12,1,11,12
27,12,1,20,12
27,12,1,15,12
27,12,1,11,12
27,12,1,17,12
27,12,1,3,12
27,12,1,18,12
27,12,1,5,12
27,12,1,9,12
27,12,1,19,12
27,12,1,12,12
27,12,1,3,12
27,12,1,6,12
27,12,1,2,12
27,12,1,7,12
27,12,1,9,12
27,12,1,12,12
27,12,1,4,12
27,12,1,10,12
27,12,1,10,12
27,12,1,15,12
27,12,1,5,12
27,12,1,5,12
27,12,1,6,12
27,12,1,9,12
27,12,1,8,12
27,12,1,6,12
27,12,1,9,12
27,12,1,13,12
27,12,1,6,12
27,12,1,11,12
27,12,1,8,12
27,12,1,10,12
27,12,1,14,12
27,12,1,13,12
27,12,1,17,12
27,12,1,8,12
27,12,1,8,12
27,12,1,6,12
27,12,1,11,12
27,12,1,6,12
27,12,1,24,12
27,12,1,13,12
27,12,1,16,12
27,12,1,10,12
27,12,1,6,12
27,12,1,10,12
27,12,1,10,12
27,12,1,8,12
27,12,1,9,12
27,12,1,7,12
27,12,1,11,12
27,12,1,11,12
27,12,1,5,12
27,12,1,13,12
27,12,1,7,12
27,12,1,17,12
27,12,1,10,12
27,12,1,8,12
27,12,1,8,12
27,12,1,12,12
27,12,1,6,12
27,12,1,9,12
27,12,1,7,12
27,12,1,2,12
27,12,1,8,12
27,12,1,8,12
27,12,1,2,12
27,12,1,23,12
27,12,1,19,12
27,12,1,2,12
27,12,1,17,12
27,12,1,9,12
27,12,1,3,12
27,12,1,10,12
27,13,1,11,13
27,13,1,5,13
27,13,1,5,13
27,13,1,11,13
27,13,1,21,13
27,13,1,11,13
27,13,1,14,13
27,13,1,10,13
27,13,1,14,13
27,13,1,15,13
27,13,1,2,13
27,13,1,18,13
27,13,1,5,13
27,13,1,7,13
27,13,1,3,13
27,13,1,6,13
27,13,1,21,13
27,13,1,9,13
27,13,1,19,13
27,13,1,6,13
27,13,1,5,13
27,13,1,23,13
27,13,1,6,13
27,13,1,3,13
27,13,1,12,13
27,13,1,22,13
27,13,1,13,13
27,13,1,5,13
27,13,1,5,13
27,13,1,7,13
27,13,1,9,13
27,13,1,11,13
27,13,1,10,13
27,13,1,16,13
27,13,1,12,13
27,13,1,6,13
27,13,1,11,13
27,13,1,14,13
27,13,1,9,13
27,13,1,7,13
27,13,1,8,13
27,13,1,12,13
27,13,1,17,13
27,13,1,8,13
27,13,1,5,13
27,13,1,14,13
27,13,1,19,13
27,13,1,9,13
27,13,1,16,13
27,13,1,17,13
27,13,1,12,13
27,13,1,11,13
27,13,1,9,13
27,13,1,11,13
27,13,1,15,13
27,13,1,11,13
27,13,1,10,13
27,13,1,14,13
27,13,1,10,13
27,13,1,7,13
27,13,1,14,13
27,13,1,7,13
27,13,1,16,13
27,13,1,5,13
27,13,1,7,13
27,13,0,26,11
27,13,1,6,13
27,13,1,7,13
27,13,1,7,13
27,13,1,9,13
27,13,1,10,13
27,13,1,13,13
27,13,1,6,13
27,13,1,13,13
27,13,1,20,13
27,13,1,10,13
27,13,0,26,3
27,13,1,10,13
27,13,1,14,13
27,13,1,4,13
27,13,1,11,13
27,13,1,17,13
27,13,1,13,13
27,13,1,5,13
27,13,1,13,13
27,13,1,4,13
27,13,1,10,13
27,13,0,26,6
27,13,1,12,13
27,13,1,4,13
27,13,1,14,13
27,13,1,12,13
27,13,1,10,13
27,13,1,6,13
27,13,1,14,13
27,13,1,15,13
27,13,1,10,13
27,13,1,16,13
27,13,1,8,13
27,13,1,14,13
27,14,1,12,14
27,14,1,16,14
27,14,1,17,14
27,14,1,15,14
27,14,1,12,14
27,14,1,11,14
27,14,1,13,14
27,14,1,14,14
27,14,1,10,14
27,14,1,11,14
27,14,1,8,14
27,14,1,4,14
27,14,0,26,8
27,14,1,17,14
27,14,1,20,14
27,14,1,5,14
27,14,1,11,14
27,14,1,16,14
27,14,1,13,14
27,14,1,10,14
27,14,1,7,14
27,14,1,12,14
27,14,1,10,14
27,14,1,10,14
27,14,1,20,14
27,14,1,4,14
27,14,1,4,14
27,14,1,14,14
27,14,1,6,14
27,14,1,9,14
27,14,1,22,14
27,14,1,7,14
27,14,1,17,14
27,14,1,12,14
27,14,1,11,14
27,14,1,15,14
27,14,1,7,14
27,14,1,14,14
27,14,1,13,14
27,14,1,15,14
27,14,1,10,14
27,14,1,9,14
27,14,1,8,14
27,14,0,26,13
27,14,1,7,14
27,14,1,17,14
27,14,1,12,14
27,14,1,10,14
27,14,1,13,14
27,14,1,10,14
27,14,1,5,14
27,14,1,19,14
27,14,1,12,14
27,14,1,9,14
27,14,1,12,14
27,14,1,14,14
27,14,1,11,14
27,14,1,10,14
27,14,1,14,14
27,14,1,10,14
27,14,1,3,14
27,14,1,5,14
27,14,1,6,14
27,14,1,21,14
27,14,1,16,14
27,14,1,14,14
27,14,1,10,14
27,14,1,20,14
27,14,1,10,14
27,14,1,20,14
27,14,1,20,14
27,14,1,6,14
27,14,1,13,14
27,14,1,10,14
27,14,1,7,14
27,14,1,11,14
27,14,1,16,14
27,14,1,13,14
27,14,1,7,14
27,14,1,13,14
27,14,1,3,14
27,14,1,7,14
27,14,1,8,14
27,14,1,15,14
27,14,1,9,14
27,14,1,7,14
27,14,1,10,14
27,14,1,10,14
27,14,0,26,12
27,14,1,16,14
27,14,1,12,14
27,14,1,20,14
27,14,1,18,14
27,14,1,8,14
27,14,1,13,14
27,14,1,14,14
27,14,1,10,14
27,14,1,19,14
27,14,1,14,14
27,14,1,8,14
27,15,1,11,15
27,15,1,17,15
27,15,1,12,15
27,15,1,20,15
27,15,1,22,15
27,15,1,14,15
27,15,1,6,15
27,15,1,9,15
27,15,1,6,15
27,15,1,8,15
27,15,1,16,15
27,15,1,20,15
27,15,1,14,15
27,15,1,11,15
27,15,1,5,15
27,15,1,16,15
27,15,1,14,15
27,15,1,19,15
27,15,1,8,15
27,15,1,10,15
27,15,1,8,15
27,15,0,26,11
27,15,1,19,15
27,15,1,11,15
27,15,1,16,15
27,15,1,6,15
27,15,1,10,15
27,15,1,15,15
27,15,1,5,15
27,15,1,12,15
27,15,1,11,15
27,15,1,9,15
27,15,1,6,15
27,15,1,14,15
27,15,1,16,15
27,15,1,12,15
27,15,1,17,15
27,15,1,7,15
27,15,1,23,15
27,15,1,14,15
27,15,1,5,15
27,15,1,2,15
27,15,1,17,15
27,15,1,19,15
27,15,1,9,15
27,15,1,22,15
27,15,1,8,15
27,15,0,26,12
27,15,1,14,15
27,15,1,9,15
27,15,1,19,15
27,15,1,20,15
27,15,1,7,15
27,15,1,23,15
27,15,1,16,15
27,15,1,7,15
27,15,1,7,15
27,15,1,10,15
27,15,1,16,15
27,15,1,14,15
27,15,1,13,15
27,15,1,5,15
27,15,0,26,13
27,15,1,15,15
27,15,1,13,15
27,15,1,14,15
27,15,1,23,15
27,15,1,10,15
27,15,1,13,15
27,15,1,11,15
27,15,1,15,15
27,15,1,14,15
27,15,1,9,15
27,15,1,16,15
27,15,1,9,15
27,15,1,9,15
27,15,1,4,15
27,15,1,13,15
27,15,1,8,15
27,15,1,9,15
27,15,1,11,15
27,15,1,6,15
27,15,1,9,15
27,15,1,11,15
27,15,1,9,15
27,15,1,20,15
27,15,0,26,8
27,15,1,18,15
27,15,1,13,15
27,15,1,11,15
27,15,1,24,15
27,15,1,22,15
27,15,1,10,15
27,15,1,16,15
27,15,1,8,15
27,15,1,17,15
27,15,1,17,15
27,15,0,26,12
27,15,1,16,15
27,15,1,15,15
27,16,1,14,16
27,16,1,12,16
27,16,1,10,16
27,16,1,3,16
27,16,1,19,16
27,16,1,11,16
27,16,1,16,16
27,16,0,26,14
27,16,1,10,16
27,16,1,11,16
27,16,1,17,16
27,16,1,9,16
27,16,1,15,16
27,16,1,5,16
27,16,1,8,16
27,16,1,17,16
27,16,1,9,16
27,16,1,15,16
27,16,1,8,16
27,16,1,15,16
27,16,1,23,16
27,16,1,9,16
27,16,1,11,16
27,16,1,15,16
27,16,1,15,16
27,16,1,14,16
27,16,1,22,16
27,16,0,26,14
27,16,1,14,16
27,16,1,2,16
27,16,1,4,16
27,16,1,9,16
27,16,1,20,16
27,16,1,15,16
27,16,1,5,16
27,16,1,15,16
27,16,1,17,16
27,16,1,17,16
27,16,1,16,16
27,16,0,26,14
27,16,1,6,16
27,16,1,9,16
27,16,1,15,16
27,16,1,6,16
27,16,1,11,16
27,16,1,3,16
27,16,1,20,16
27,16,1,5,16
27,16,1,7,16
27,16,1,7,16
27,16,1,18,16
27,16,1,19,16
27,16,1,12,16
27,16,1,16,16
27,16,1,13,16
27,16,1,14,16
27,16,1,18,16
27,16,1,4,16
27,16,1,19,16
27,16,1,11,16
27,16,1,17,16
27,16,1,12,16
27,16,1,7,16
27,16,1,13,16
27,16,1,11,16
27,16,1,12,16
27,16,1,12,16
27,16,1,8,16
27,16,1,11,16
27,16,1,22,16
27,16,1,11,16
27,16,1,20,16
27,16,1,15,16
27,16,1,19,16
27,16,1,5,16
27,16,1,22,16
27,16,1,14,16
27,16,1,9,16
27,16,1,22,16
27,16,1,10,16
27,16,1,14,16
27,16,1,14,16
27,16,1,12,16
27,16,1,12,16
27,16,1,10,16
27,16,1,18,16
27,16,1,6,16
27,16,1,12,16
27,16,1,16,16
27,16,1,8,16
27,16,1,14,16
27,16,1,16,16
27,16,1,11,16
27,16,1,14,16
27,16,1,17,16
27,16,1,7,16
27,16,1,9,16
27,16,1,5,16
27,16,1,8,16
27,16,1,9,16
27,17,1,14,17
27,17,1,19,17
27,17,1,15,17
27,17,1,15,17
27,17,1,9,17
27,17,1,22,17
27,17,1,20,17
27,17,1,17,17
27,17,1,22,17
27,17,1,17,17
27,17,1,23,17
27,17,1,10,17
27,17,1,11,17
27,17,1,13,17
27,17,1,18,17
27,17,1,15,17
27,17,1,20,17
27,17,1,9,17
27,17,1,5,17
27,17,1,10,17
27,17,1,15,17
27,17,1,14,17
27,17,1,17,17
27,17,1,18,17
27,17,1,8,17
27,17,1,18,17
27,17,1,18,17
27,17,1,7,17
27,17,1,15,17
27,17,0,26,13
27,17,1,13,17
27,17,0,26,12
27,17,1,17,17
27,17,0,26,15
27,17,1,5,17
27,17,1,18,17
27,17,1,15,17
27,17,1,17,17
27,17,1,8,17
27,17,1,14,17
27,17,1,9,17
27,17,0,26,13
27,17,1,11,17
27,17,1,14,17
27,17,1,19,17
27,17,1,21,17
27,17,1,15,17
27,17,1,11,17
27,17,1,12,17
27,17,1,12,17
27,17,1,25,17
27,17,1,21,17
27,17,1,8,17
27,17,1,14,17
27,17,1,17,17
27,17,1,20,17
27,17,1,19,17
27,17,1,13,17
27,17,1,8,17
27,17,1,21,17
27,17,0,26,13
27,17,1,16,17
27,17,1,11,17
27,17,1,15,17
27,17,1,17,17
27,17,1,14,17
27,17,1,12,17
27,17,1,15,17
27,17,1,18,17
27,17,1,8,17
27,17,1,25,17
27,17,1,14,17
27,17,1,14,17
27,17,1,12,17
27,17,1,20,17
27,17,1,5,17
27,17,1,8,17
27,17,1,22,17
27,17,1,20,17
27,17,1,18,17
27,17,1,13,17
27,17,1,7,17
27,17,1,8,17
27,17,1,9,17
27,17,1,8,17
27,17,1,21,17
27,17,1,19,17
27,17,1,8,17
27,17,1,4,17
27,17,1,10,17
27,17,1,7,17
27,17,1,10,17
27,17,1,21,17
27,17,1,12,17
27,17,0,26,16
27,17,1,21,17
27,17,1,10,17
27,17,1,13,17
27,17,1,8,17
27,17,1,13,17
27,18,1,13,18
27,18,1,17,18
27,18,1,10,18
27,18,1,11,18
27,18,1,21,18
27,18,1,22,18
27,18,1,12,18
27,18,1,24,18
27,18,1,19,18
27,18,1,19,18
27,18,1,12,18
27,18,1,12,18
27,18,1,14,18
27,18,1,10,18
27,18,1,22,18
27,18,1,20,18
27,18,1,13,18
27,18,1,10,18
27,18,1,15,18
27,18,1,12,18
27,18,1,6,18
27,18,1,7,18
27,18,1,13,18
27,18,1,17,18
27,18,1,8,18
27,18,1,16,18
27,18,1,23,18
27,18,1,15,18
27,18,1,8,18
27,18,1,9,18
27,18,1,21,18
27,18,1,21,18
27,18,1,8,18
27,18,1,20,18
27,18,0,26,14
27,18,1,11,18
27,18,0,26,14
27,18,1,18,18
27,18,1,12,18
27,18,1,15,18
27,18,1,21,18
27,18,1,15,18
27,18,1,20,18
27,18,1,16,18
27,18,1,22,18
27,18,1,13,18
27,18,1,22,18
27,18,1,9,18
27,18,1,18,18
27,18,1,13,18
27,18,1,19,18
27,18,1,18,18
27,18,1,12,18
27,18,1,21,18
27,18,1,14,18
27,18,1,22,18
27,18,1,11,18
27,18,1,7,18
27,18,1,17,18
27,18,1,20,18
27,18,0,26,12
27,18,1,6,18
27,18,1,13,18
27,18,1,21,18
27,18,1,16,18
27,18,1,8,18
27,18,1,14,18
27,18,1,16,18
27,18,1,23,18
27,18,1,17,18
27,18,1,21,18
27,18,1,14,18
27,18,1,16,18
27,18,1,21,18
27,18,1,6,18
27,18,1,17,18
27,18,1,14,18
27,18,1,9,18
27,18,1,15,18
27,18,1,6,18
27,18,1,13,18
27,18,1,15,18
27,18,1,16,18
27,18,1,22,18
27,18,1,14,18
27,18,0,26,15
27,18,1,16,18
27,18,1,10,18
27,18,1,18,18
27,18,1,19,18
27,18,0,26,14
27,18,1,11,18
27,18,1,21,18
27,18,1,15,18
27,18,1,21,18
27,18,1,14,18
27,18,1,8,18
27,18,1,16,18
27,18,1,5,18
27,18,0,26,9
27,19,1,21,19
27,19,0,26,12
27,19,1,6,19
27,19,1,10,19
27,19,1,14,19
27,19,1,16,19
27,19,1,15,19
27,19,1,12,19
27,19,1,12,19
27,19,1,21,19
27,19,1,9,19
27,19,1,18,19
27,19,1,21,19
27,19,1,3,19
27,19,1,7,19
27,19,1,21,19
27,19,1,22,19
27,19,1,23,19
27,19,1,22,19
27,19,1,15,19
27,19,1,15,19
27,19,1,16,19
27,19,1,19,19
27,19,1,25,19
27,19,1,10,19
27,19,1,11,19
27,19,1,20,19
27,19,1,11,19
27,19,1,17,19
27,19,1,11,19
27,19,1,15,19
27,19,1,15,19
27,19,1,8,19
27,19,1,17,19
27,19,1,20,19
27,19,1,11,19
27,19,1,12,19
27,19,1,3,19
27,19,0,26,14
27,19,1,9,19
27,19,1,19,19
27,19,1,10,19
27,19,1,18,19
27,19,1,11,19
27,19,1,10,19
27,19,1,13,19
27,19,1,21,19
27,19,1,15,19
27,19,1,13,19
27,19,1,8,19
27,19,1,17,19
27,19,1,11,19
27,19,1,8,19
27,19,1,14,19
27,19,1,6,19
27,19,1,12,19
27,19,1,21,19
27,19,1,7,19
27,19,1,11,19
27,19,0,26,13
27,19,1,14,19
27,19,1,3,19
27,19,1,19,19
27,19,1,12,19
27,19,1,13,19
27,19,1,14,19
27,19,0,26,17
27,19,1,9,19
27,19,1,7,19
27,19,1,7,19
27,19,1,4,19
27,19,1,9,19
27,19,1,14,19
27,19,1,13,19
27,19,1,23,19
27,19,1,18,19
27,19,1,20,19
27,19,1,15,19
27,19,1,17,19
27,19,1,6,19
27,19,1,16,19
27,19,1,8,19
27,19,1,24,19
27,19,1,19,19
27,19,0,26,16
27,19,1,8,19
27,19,1,18,19
27,19,1,15,19
27,19,1,13,19
27,19,1,15,19
27,19,1,9,19
27,19,1,25,19
27,19,1,8,19
27,19,1,22,19
27,19,1,15,19
27,19,1,22,19
27,19,1,22,19
27,19,1,7,19
27,19,1,23,19
27,19,1,23,19
27,20,1,14,20
27,20,1,16,20
27,20,1,15,20
27,20,1,12,20
27,20,1,18,20
27,20,1,9,20
27,20,1,15,20
27,20,1,17,20
27,20,1,9,20
27,20,1,5,20
27,20,1,16,20
27,20,1,16,20
27,20,1,15,20
27,20,1,18,20
27,20,1,12,20
27,20,0,26,14
27,20,1,18,20
27,20,0,26,18
27,20,1,14,20
27,20,1,14,20
27,20,1,12,20
27,20,0,26,17
27,20,1,12,20
27,20,1,17,20
27,20,1,15,20
27,20,1,18,20
27,20,1,11,20
27,20,1,18,20
27,20,1,17,20
27,20,1,10,20
27,20,1,23,20
27,20,1,17,20
27,20,1,11,20
27,20,1,22,20
27,20,1,12,20
27,20,1,10,20
27,20,1,17,20
27,20,1,18,20
27,20,1,15,20
27,20,1,15,20
27,20,1,14,20
27,20,0,26,18
27,20,1,22,20
27,20,0,26,17
27,20,1,13,20
27,20,1,19,20
27,20,1,20,20
27,20,1,13,20
27,20,1,17,20
27,20,1,12,20
27,20,1,15,20
27,20,1,24,20
27,20,1,16,20
27,20,1,17,20
27,20,1,18,20
27,20,0,26,16
27,20,1,17,20
27,20,1,18,20
27,20,1,13,20
27,20,1,13,20
27,20,1,20,20
27,20,1,10,20
27,20,1,15,20
27,20,1,18,20
27,20,1,20,20
27,20,1,18,20
27,20,1,16,20
27,20,1,13,20
27,20,1,8,20
27,20,1,23,20
27,20,1,22,20
27,20,1,18,20
27,20,0,26,15
27,20,1,11,20
27,20,1,15,20
27,20,1,16,20
27,20,1,11,20
27,20,1,24,20
27,20,1,10,20
27,20,1,16,20
27,20,1,20,20
27,20,0,26,9
27,20,1,18,20
27,20,0,26,18
27,20,1,21,20
27,20,1,19,20
27,20,1,14,20
27,20,1,18,20
27,20,1,22,20
27,20,1,17,20
27,20,1,15,20
27,20,0,26,18
27,20,1,13,20
27,20,1,24,20
27,20,1,18,20
27,20,1,12,20
27,20,1,12,20
27,20,1,17,20
27,20,1,10,20
27,20,1,10,20
28,1,1,1,1
28,1,1,1,1
28,1,1,0,1
28,1,1,0,1
28,1,1,0,1
28,1,1,0,1
28,1,1,0,1
28,1,1,1,1
28,1,1,0,1
28,1,1,4,1
28,1,1,0,1
28,1,1,0,1
28,1,1,0,1
28,1,1,0,1
28,1,1,1,1
28,1,1,1,1
28,1,1,2,1
28,1,1,0,1
28,1,1,0,1
28,1,1,0,1
28,1,1,1,1
28,1,1,0,1
28,1,1,0,1
28,1,1,1,1
28,1,1,0,1
28,1,1,0,1
28,1,1,0,1
28,1,1,0,1
28,1,1,0,1
28,1,1,1,1
28,1,1,0,1
28,1,1,2,1
28,1,1,0,1
28,1,1,1,1
28,1,1,1,1
28,1,1,0,1
28,1,1,0,1
28,1,1,0,1
28,1,1,0,1
28,1,1,0,1
28,1,1,0,1
28,1,1,0,1
28,1,1,0,1
28,1,1,0,1
28,1,1,1,1
28,1,1,1,1
28,1,1,0,1
28,1,1,1,1
28,1,1,0,1
28,1,1,0,1
28,1,1,0,1
28,1,1,2,1
28,1,1,0,1
28,1,1,0,1
28,1,1,0,1
28,1,1,0,1
28,1,1,0,1
28,1,1,0,1
28,1,1,0,1
28,1,1,2,1
28,1,1,2,1
28,1,1,0,1
28,1,1,0,1
28,1,1,0,1
28,1,1,0,1
28,1,1,0,1
28,1,1,1,1
28,1,1,0,1
28,1,1,0,1
28,1,1,2,1
28,1,1,1,1
28,1,1,1,1
28,1,1,1,1
28,1,1,0,1
28,1,1,0,1
28,1,1,1,1
28,1,1,1,1
28,1,1,1,1
28,1,1,0,1
28,1,1,0,1
28,1,1,2,1
28,1,1,2,1
28,1,1,0,1
28,1,1,2,1
28,1,1,0,1
28,1,1,0,1
28,1,1,2,1
28,1,1,1,1
28,1,1,0,1
28,1,1,0,1
28,1,1,0,1
28,1,1,0,1
28,1,1,0,1
28,1,1,1,1
28,1,1,0,1
28,1,1,0,1
28,1,1,0,1
28,1,1,0,1
28,1,1,0,1
28,1,1,0,1
28,2,1,0,2
28,2,1,2,2
28,2,1,2,2
28,2,1,2,2
28,2,1,2,2
28,2,1,2,2
28,2,1,2,2
28,2,1,5,2
28,2,1,5,2
28,2,1,3,2
28,2,1,0,2
28,2,1,1,2
28,2,1,0,2
28,2,1,7,2
28,2,1,2,2
28,2,1,0,2
28,2,1,0,2
28,2,1,0,2
28,2,1,2,2
28,2,1,3,2
28,2,1,0,2
28,2,1,0,2
28,2,1,0,2
28,2,1,0,2
28,2,1,0,2
28,2,1,0,2
28,2,1,2,2
28,2,1,5,2
28,2,1,0,2
28,2,1,1,2
28,2,1,0,2
28,2,1,1,2
28,2,1,5,2
28,2,1,0,2
28,2,1,0,2
28,2,1,1,2
28,2,1,0,2
28,2,1,1,2
28,2,1,1,2
28,2,1,0,2
28,2,1,1,2
28,2,1,0,2
28,2,1,0,2
28,2,1,0,2
28,2,1,0,2
28,2,1,1,2
28,2,1,0,2
28,2,1,2,2
28,2,1,3,2
28,2,1,0,2
28,2,1,7,2
28,2,1,1,2
28,2,1,2,2
28,2,1,0,2
28,2,1,0,2
28,2,1,2,2
28,2,1,0,2
28,2,1,0,2
28,2,1,0,2
28,2,1,0,2
28,2,1,1,2
28,2,1,0,2
28,2,1,3,2
28,2,1,1,2
28,2,1,2,2
28,2,1,1,2
28,2,1,0,2
28,2,1,2,2
28,2,1,4,2
28,2,1,0,2
28,2,1,1,2
28,2,1,1,2
28,2,1,1,2
28,2,1,4,2
28,2,1,6,2
28,2,1,2,2
28,2,1,1,2
28,2,1,2,2
28,2,1,0,2
28,2,1,1,2
28,2,1,0,2
28,2,1,4,2
28,2,1,0,2
28,2,1,0,2
28,2,1,1,2
28,2,1,1,2
28,2,1,0,2
28,2,1,2,2
28,2,1,3,2
28,2,1,5,2
28,2,1,1,2
28,2,1,2,2
28,2,1,0,2
28,2,1,2,2
28,2,1,2,2
28,2,1,3,2
28,2,1,0,2
28,2,1,5,2
28,2,1,2,2
28,2,1,2,2
28,3,1,7,3
28,3,1,1,3
28,3,1,2,3
28,3,1,0,3
28,3,1,2,3
28,3,1,1,3
28,3,1,0,3
28,3,1,1,3
28,3,1,8,3
28,3,1,4,3
28,3,1,2,3
28,3,1,5,3
28,3,1,0,3
28,3,1,9,3
28,3,1,7,3
28,3,1,2,3
28,3,1,1,3
28,3,1,7,3
28,3,1,1,3
28,3,1,0,3
28,3,1,0,3
28,3,1,0,3
28,3,1,5,3
28,3,1,4,3
28,3,1,4,3
28,3,1,1,3
28,3,1,1,3
28,3,1,7,3
28,3,1,3,3
28,3,1,0,3
28,3,1,2,3
28,3,1,1,3
28,3,1,4,3
28,3,1,0,3
28,3,1,4,3
28,3,1,2,3
28,3,1,3,3
28,3,1,3,3
28,3,1,0,3
28,3,1,3,3
28,3,1,0,3
28,3,1,11,3
28,3,1,4,3
28,3,1,0,3
28,3,1,0,3
28,3,1,1,3
28,3,1,0,3
28,3,1,3,3
28,3,1,2,3
28,3,1,5,3
28,3,1,1,3
28,3,1,4,3
28,3,1,0,3
28,3,1,1,3
28,3,1,1,3
28,3,1,0,3
28,3,1,2,3
28,3,1,2,3
28,3,1,6,3
28,3,1,1,3
28,3,1,6,3
28,3,1,2,3
28,3,1,2,3
28,3,1,0,3
28,3,1,4,3
28,3,1,3,3
28,3,1,2,3
28,3,1,7,3
28,3,1,4,3
28,3,1,1,3
28,3,1,0,3
28,3,1,0,3
28,3,1,1,3
28,3,1,8,3
28,3,1,4,3
28,3,1,0,3
28,3,1,0,3
28,3,1,4,3
28,3,1,0,3
28,3,1,8,3
28,3,1,2,3
28,3,1,1,3
28,3,1,5,3
28,3,1,5,3
28,3,1,3,3
28,3,1,0,3
28,3,1,0,3
28,3,1,3,3
28,3,1,2,3
28,3,1,1,3
28,3,1,3,3
28,3,1,2,3
28,3,1,0,3
28,3,1,4,3
28,3,1,0,3
28,3,1,0,3
28,3,1,0,3
28,3,1,4,3
28,3,1,1,3
28,3,1,3,3
28,4,1,2,4
28,4,1,1,4
28,4,1,2,4
28,4,1,4,4
28,4,1,0,4
28,4,1,2,4
28,4,1,4,4
28,4,1,1,4
28,4,1,2,4
28,4,1,0,4
28,4,1,8,4
28,4,1,2,4
28,4,1,3,4
28,4,1,1,4
28,4,1,1,4
28,4,1,1,4
28,4,1,3,4
28,4,1,3,4
28,4,1,3,4
28,4,1,3,4
28,4,1,6,4
28,4,1,0,4
28,4,1,4,4
28,4,1,0,4
28,4,1,1,4
28,4,1,2,4
28,4,1,7,4
28,4,1,3,4
28,4,1,10,4
28,4,1,2,4
28,4,1,2,4
28,4,1,1,4
28,4,1,7,4
28,4,1,4,4
28,4,1,1,4
28,4,1,5,4
28,4,1,2,4
28,4,1,0,4
28,4,1,1,4
28,4,1,1,4
28,4,1,0,4
28,4,1,7,4
28,4,1,3,4
28,4,1,2,4
28,4,1,0,4
28,4,1,5,4
28,4,1,12,4
28,4,1,0,4
28,4,1,1,4
28,4,1,0,4
28,4,1,0,4
28,4,1,0,4
28,4,1,2,4
28,4,1,1,4
28,4,1,0,4
28,4,1,5,4
28,4,1,7,4
28,4,1,3,4
28,4,1,2,4
28,4,1,5,4
28,4,1,0,4
28,4,1,8,4
28,4,1,1,4
28,4,1,2,4
28,4,1,5,4
28,4,1,6,4
28,4,1,5,4
28,4,1,4,4
28,4,1,2,4
28,4,1,3,4
28,4,1,5,4
28,4,1,1,4
28,4,1,1,4
28,4,1,3,4
28,4,1,6,4
28,4,1,2,4
28,4,1,5,4
28,4,1,3,4
28,4,1,0,4
28,4,1,1,4
28,4,1,2,4
28,4,1,4,4
28,4,1,7,4
28,4,1,4,4
28,4,1,0,4
28,4,1,4,4
28,4,1,14,4
28,4,1,7,4
28,4,1,2,4
28,4,1,0,4
28,4,1,4,4
28,4,1,1,4
28,4,1,2,4
28,4,1,1,4
28,4,1,2,4
28,4,1,5,4
28,4,1,7,4
28,4,1,3,4
28,4,1,1,4
28,4,1,6,4
28,5,1,3,5
28,5,1,1,5
28,5,1,10,5
28,5,1,1,5
28,5,1,6,5
28,5,1,1,5
28,5,1,1,5
28,5,1,6,5
28,5,1,8,5
28,5,1,4,5
28,5,1,1,5
28,5,1,4,5
28,5,1,4,5
28,5,1,5,5
28,5,1,2,5
28,5,1,10,5
28,5,1,4,5
28,5,1,0,5
28,5,1,3,5
28,5,1,4,5
28,5,1,5,5
28,5,1,8,5
28,5,1,4,5
28,5,1,0,5
28,5,1,3,5
28,5,1,5,5
28,5,1,4,5
28,5,1,1,5
28,5,1,2,5
28,5,1,3,5
28,5,1,0,5
28,5,1,2,5
28,5,1,6,5
28,5,1,9,5
28,5,1,5,5
28,5,1,2,5
28,5,1,5,5
28,5,1,1,5
28,5,1,4,5
28,5,1,6,5
28,5,1,0,5
28,5,1,0,5
28,5,1,2,5
28,5,1,2,5
28,5,1,4,5
28,5,1,3,5
28,5,1,3,5
28,5,1,3,5
28,5,1,5,5
28,5,1,6,5
28,5,1,0,5
28,5,1,1,5
28,5,1,1,5
28,5,1,7,5
28,5,1,8,5
28,5,1,3,5
28,5,1,1,5
28,5,1,1,5
28,5,1,0,5
28,5,1,4,5
28,5,1,3,5
28,5,1,3,5
28,5,1,6,5
28,5,1,2,5
28,5,1,6,5
28,5,1,7,5
28,5,1,3,5
28,5,1,4,5
28,5,1,0,5
28,5,1,2,5
28,5,1,0,5
28,5,1,5,5
28,5,1,3,5
28,5,1,1,5
28,5,1,1,5
28,5,1,0,5
28,5,1,1,5
28,5,1,6,5
28,5,1,8,5
28,5,1,2,5
28,5,1,6,5
28,5,1,4,5
28,5,1,7,5
28,5,1,5,5
28,5,1,6,5
28,5,1,2,5
28,5,1,3,5
28,5,1,5,5
28,5,1,3,5
28,5,1,4,5
28,5,1,2,5
28,5,1,5,5
28,5,1,2,5
28,5,1,14,5
28,5,1,0,5
28,5,1,1,5
28,5,1,4,5
28,5,1,0,5
28,5,1,2,5
28,5,1,3,5
28,6,1,4,6
28,6,1,1,6
28,6,1,0,6
28,6,1,1,6
28,6,1,8,6
28,6,1,2,6
28,6,1,7,6
28,6,1,1,6
28,6,1,4,6
28,6,1,4,6
28,6,1,3,6
28,6,1,6,6
28,6,1,8,6
28,6,1,1,6
28,6,1,4,6
28,6,1,5,6
28,6,1,5,6
28,6,1,1,6
28,6,1,6,6
28,6,1,1,6
28,6,1,7,6
28,6,1,7,6
28,6,1,4,6
28,6,1,6,6
28,6,1,12,6
28,6,1,25,6
28,6,1,12,6
28,6,1,3,6
28,6,1,9,6
28,6,1,14,6
28,6,1,0,6
28,6,1,4,6
28,6,1,4,6
28,6,1,3,6
28,6,1,4,6
28,6,1,6,6
28,6,1,8,6
28,6,1,4,6
28,6,1,7,6
28,6,1,2,6
28,6,1,4,6
28,6,1,4,6
28,6,1,3,6
28,6,1,4,6
28,6,1,11,6
28,6,1,4,6
28,6,1,1,6
28,6,1,1,6
28,6,1,4,6
28,6,1,6,6
28,6,1,7,6
28,6,1,5,6
28,6,1,2,6
28,6,1,6,6
28,6,1,3,6
28,6,1,8,6
28,6,1,3,6
28,6,1,10,6
28,6,1,10,6
28,6,1,2,6
28,6,1,5,6
28,6,1,6,6
28,6,1,10,6
28,6,1,2,6
28,6,1,3,6
28,6,1,8,6
28,6,1,12,6
28,6,1,6,6
28,6,1,4,6
28,6,1,2,6
28,6,1,3,6
28,6,1,1,6
28,6,1,4,6
28,6,1,7,6
28,6,1,5,6
28,6,1,3,6
28,6,1,1,6
28,6,1,4,6
28,6,1,3,6
28,6,1,2,6
28,6,1,1,6
28,6,1,7,6
28,6,1,1,6
28,6,1,6,6
28,6,1,4,6
28,6,1,7,6
28,6,1,5,6
28,6,1,1,6
28,6,1,4,6
28,6,1,1,6
28,6,1,4,6
28,6,1,7,6
28,6,1,2,6
28,6,1,2,6
28,6,1,6,6
28,6,1,7,6
28,6,1,5,6
28,6,1,2,6
28,6,1,15,6
28,6,1,1,6
28,7,1,9,7
28,7,1,4,7
28,7,1,2,7
28,7,1,6,7
28,7,1,5,7
28,7,1,2,7
28,7,1,5,7
28,7,1,5,7
28,7,1,8,7
28,7,1,9,7
28,7,1,8,7
28,7,1,7,7
28,7,1,2,7
28,7,1,7,7
28,7,1,8,7
28,7,1,8,7
28,7,1,6,7
28,7,1,2,7
28,7,1,2,7
28,7,1,5,7
28,7,1,8,7
28,7,1,3,7
28,7,1,5,7
28,7,1,7,7
28,7,1,5,7
28,7,1,5,7
28,7,1,10,7
28,7,1,2,7
28,7,1,5,7
28,7,1,8,7
28,7,1,8,7
28,7,1,11,7
28,7,1,6,7
28,7,1,10,7
28,7,1,8,7
28,7,1,14,7
28,7,1,2,7
28,7,1,2,7
28,7,1,9,7
28,7,1,4,7
28,7,1,7,7
28,7,1,6,7
28,7,1,5,7
28,7,1,8,7
28,7,1,1,7
28,7,1,5,7
28,7,1,5,7
28,7,1,1,7
28,7,1,5,7
28,7,1,5,7
28,7,1,8,7
28,7,1,7,7
28,7,1,4,7
28,7,1,7,7
28,7,1,5,7
28,7,1,7,7
28,7,1,1,7
28,7,1,4,7
28,7,1,10,7
28,7,1,3,7
28,7,1,5,7
28,7,1,7,7
28,7,1,8,7
28,7,1,0,7
28,7,1,5,7
28,7,1,10,7
28,7,1,5,7
28,7,1,4,7
28,7,1,5,7
28,7,1,7,7
28,7,1,2,7
28,7,1,9,7
28,7,1,2,7
28,7,1,2,7
28,7,1,6,7
28,7,1,9,7
28,7,1,8,7
28,7,1,4,7
28,7,1,7,7
28,7,1,7,7
28,7,1,6,7
28,7,1,1,7
28,7,1,3,7
28,7,1,1,7
28,7,1,2,7
28,7,1,1,7
28,7,1,3,7
28,7,1,2,7
28,7,1,5,7
28,7,1,8,7
28,7,1,0,7
28,7,1,11,7
28,7,1,4,7
28,7,1,1,7
28,7,1,2,7
28,7,1,4,7
28,7,1,0,7
28,7,1,1,7
28,7,1,14,7
28,7,1,2,7
28,8,1,0,8
28,8,1,5,8
28,8,1,6,8
28,8,1,5,8
28,8,1,5,8
28,8,1,13,8
28,8,1,14,8
28,8,1,3,8
28,8,1,10,8
28,8,1,9,8
28,8,1,6,8
28,8,1,9,8
28,8,1,2,8
28,8,1,3,8
28,8,1,8,8
28,8,1,8,8
28,8,1,2,8
28,8,1,11,8
28,8,1,9,8
28,8,1,11,8
28,8,1,8,8
28,8,1,4,8
28,8,1,8,8
28,8,1,8,8
28,8,1,4,8
28,8,1,4,8
28,8,1,4,8
28,8,1,9,8
28,8,1,6,8
28,8,1,6,8
28,8,1,2,8
28,8,1,4,8
28,8,1,3,8
28,8,1,5,8
28,8,1,3,8
28,8,1,5,8
28,8,1,9,8
28,8,1,8,8
28,8,1,16,8
28,8,1,10,8
28,8,1,6,8
28,8,1,10,8
28,8,1,6,8
28,8,1,6,8
28,8,1,2,8
28,8,1,7,8
28,8,1,10,8
28,8,1,7,8
28,8,1,2,8
28,8,1,8,8
28,8,1,6,8
28,8,1,3,8
28,8,1,11,8
28,8,1,6,8
28,8,1,6,8
28,8,1,7,8
28,8,1,13,8
28,8,1,4,8
28,8,1,13,8
28,8,1,6,8
28,8,1,7,8
28,8,1,4,8
28,8,1,11,8
28,8,1,3,8
28,8,1,3,8
28,8,1,5,8
28,8,1,6,8
28,8,1,13,8
28,8,1,2,8
28,8,1,6,8
28,8,1,14,8
28,8,1,3,8
28,8,1,4,8
28,8,1,3,8
28,8,1,3,8
28,8,1,2,8
28,8,1,5,8
28,8,1,19,8
28,8,1,25,8
28,8,1,8,8
28,8,1,7,8
28,8,1,13,8
28,8,1,5,8
28,8,1,14,8
28,8,1,9,8
28,8,1,5,8
28,8,1,6,8
28,8,1,5,8
28,8,1,6,8
28,8,1,5,8
28,8,1,9,8
28,8,1,3,8
28,8,1,7,8
28,8,1,4,8
28,8,1,7,8
28,8,1,5,8
28,8,1,5,8
28,8,1,9,8
28,8,1,6,8
28,8,1,5,8
28,9,1,4,9
28,9,1,9,9
28,9,1,12,9
28,9,1,0,9
28,9,1,3,9
28,9,1,5,9
28,9,1,4,9
28,9,1,7,9
28,9,1,7,9
28,9,1,10,9
28,9,1,6,9
28,9,1,6,9
28,9,1,16,9
28,9,1,8,9
28,9,1,7,9
28,9,1,7,9
28,9,1,10,9
28,9,1,8,9
28,9,1,4,9
28,9,1,8,9
28,9,1,1,9
28,9,1,3,9
28,9,1,7,9
28,9,1,7,9
28,9,1,10,9
28,9,1,9,9
28,9,1,4,9
28,9,1,8,9
28,9,1,7,9
28,9,1,6,9
28,9,1,12,9
28,9,1,8,9
28,9,1,10,9
28,9,1,2,9
28,9,1,9,9
28,9,1,3,9
28,9,1,14,9
28,9,1,5,9
28,9,1,8,9
28,9,1,11,9
28,9,1,5,9
28,9,1,8,9
28,9,1,9,9
28,9,1,8,9
28,9,1,2,9
28,9,1,18,9
28,9,1,3,9
28,9,1,12,9
28,9,1,8,9
28,9,1,7,9
28,9,1,2,9
28,9,1,3,9
28,9,1,12,9
28,9,1,6,9
28,9,1,1,9
28,9,1,4,9
28,9,1,6,9
28,9,1,4,9
28,9,1,4,9
28,9,1,9,9
28,9,1,8,9
28,9,1,7,9
28,9,1,2,9
28,9,1,4,9
28,9,1,5,9
28,9,1,4,9
28,9,1,4,9
28,9,1,15,9
28,9,1,12,9
28,9,1,4,9
28,9,1,4,9
28,9,1,19,9
28,9,1,5,9
28,9,1,7,9
28,9,1,7,9
28,9,1,2,9
28,9,1,14,9
28,9,1,5,9
28,9,1,13,9
28,9,1,12,9
28,9,1,2,9
28,9,1,8,9
28,9,1,3,9
28,9,1,15,9
28,9,1,5,9
28,9,1,4,9
28,9,1,9,9
28,9,1,21,9
28,9,1,2,9
28,9,1,13,9
28,9,1,15,9
28,9,1,8,9
28,9,1,9,9
28,9,1,6,9
28,9,1,7,9
28,9,1,1,9
28,9,1,0,9
28,9,1,7,9
28,9,1,3,9
28,9,1,13,9
28,10,1,6,10
28,10,1,0,10
28,10,1,14,10
28,10,1,9,10
28,10,1,15,10
28,10,1,5,10
28,10,1,9,10
28,10,1,8,10
28,10,1,6,10
28,10,1,4,10
28,10,1,5,10
28,10,1,11,10
28,10,1,13,10
28,10,1,0,10
28,10,1,1,10
28,10,1,4,10
28,10,1,6,10
28,10,1,2,10
28,10,1,1,10
28,10,1,9,10
28,10,1,10,10
28,10,1,9,10
28,10,1,8,10
28,10,1,7,10
28,10,1,9,10
28,10,1,10,10
28,10,1,11,10
28,10,1,7,10
28,10,1,5,10
28,10,1,4,10
28,10,1,4,10
28,10,1,7,10
28,10,1,14,10
28,10,1,9,10
28,10,1,5,10
28,10,1,11,10
28,10,1,8,10
28,10,1,5,10
28,10,1,4,10
28,10,1,7,10
28,10,1,5,10
28,10,1,9,10
28,10,1,12,10
28,10,1,13,10
28,10,1,11,10
28,10,1,9,10
28,10,1,7,10
28,10,1,7,10
28,10,1,3,10
28,10,1,10,10
28,10,1,5,10
28,10,1,15,10
28,10,1,5,10
28,10,1,16,10
28,10,1,6,10
28,10,1,9,10
28,10,1,15,10
28,10,1,15,10
28,10,1,7,10
28,10,1,9,10
28,10,1,16,10
28,10,1,9,10
28,10,1,19,10
28,10,1,6,10
28,10,1,7,10
28,10,1,5,10
28,10,1,4,10
28,10,1,5,10
28,10,1,3,10
28,10,1,7,10
28,10,1,10,10
28,10,1,5,10
28,10,1,9,10
28,10,1,4,10
28,10,1,11,10
28,10,1,3,10
28,10,1,6,10
28,10,1,9,10
28,10,1,6,10
28,10,1,6,10
28,10,1,12,10
28,10,1,6,10
28,10,1,2,10
28,10,1,11,10
28,10,1,8,10
28,10,1,8,10
28,10,1,4,10
28,10,1,5,10
28,10,1,9,10
28,10,1,8,10
28,10,1,4,10
28,10,1,5,10
28,10,1,3,10
28,10,1,5,10
28,10,1,14,10
28,10,1,5,10
28,10,1,10,10
28,10,1,7,10
28,10,1,14,10
28,10,1,14,10
28,11,1,5,11
28,11,1,7,11
28,11,1,18,11
28,11,1,11,11
28,11,1,18,11
28,11,1,3,11
28,11,1,10,11
28,11,1,14,11
28,11,1,14,11
28,11,1,5,11
28,11,1,9,11
28,11,1,6,11
28,11,1,8,11
28,11,1,19,11
28,11,1,8,11
28,11,0,27,2
28,11,1,15,11
28,11,1,11,11
28,11,1,5,11
28,11,1,6,11
28,11,1,4,11
28,11,1,5,11
28,11,1,7,11
28,11,1,7,11
28,11,1,4,11
28,11,1,10,11
28,11,1,6,11
28,11,1,10,11
28,11,1,4,11
28,11,1,7,11
28,11,1,15,11
28,11,1,7,11
28,11,1,7,11
28,11,1,6,11
28,11,1,13,11
28,11,1,5,11
28,11,1,9,11
28,11,1,13,11
28,11,1,3,11
28,11,1,7,11
28,11,1,11,11
28,11,1,10,11
28,11,1,16,11
28,11,1,16,11
28,11,1,6,11
28,11,1,6,11
28,11,1,16,11
28,11,1,5,11
28,11,1,13,11
28,11,1,7,11
28,11,1,7,11
28,11,1,5,11
28,11,1,6,11
28,11,1,3,11
28,11,1,4,11
28,11,1,8,11
28,11,1,9,11
28,11,1,6,11
28,11,1,6,11
28,11,1,13,11
28,11,1,9,11
28,11,1,8,11
28,11,1,10,11
28,11,1,8,11
28,11,1,11,11
28,11,1,14,11
28,11,1,15,11
28,11,1,11,11
28,11,1,4,11
28,11,1,7,11
28,11,1,5,11
28,11,1,10,11
28,11,1,9,11
28,11,1,3,11
28,11,1,4,11
28,11,1,10,11
28,11,1,8,11
28,11,1,11,11
28,11,1,7,11
28,11,1,6,11
28,11,1,11,11
28,11,1,8,11
28,11,1,7,11
28,11,1,22,11
28,11,1,3,11
28,11,1,19,11
28,11,1,3,11
28,11,1,9,11
28,11,1,20,11
28,11,1,22,11
28,11,1,12,11
28,11,1,9,11
28,11,1,5,11
28,11,1,9,11
28,11,1,5,11
28,11,1,7,11
28,11,1,15,11
28,11,1,8,11
28,11,1,7,11
28,11,1,18,11
28,12,1,3,12
28,12,1,5,12
28,12,1,16,12
28,12,1,4,12
28,12,1,9,12
28,12,1,13,12
28,12,1,5,12
28,12,1,4,12
28,12,1,11,12
28,12,1,8,12
28,12,1,7,12
28,12,1,2,12
28,12,1,6,12
28,12,1,4,12
28,12,1,21,12
28,12,1,13,12
28,12,1,3,12
28,12,1,8,12
28,12,1,12,12
28,12,1,5,12
28,12,1,7,12
28,12,1,4,12
28,12,1,17,12
28,12,1,25,12
28,12,1,8,12
28,12,1,15,12
28,12,1,8,12
28,12,1,17,12
28,12,1,6,12
28,12,1,7,12
28,12,1,15,12
28,12,1,6,12
28,12,1,15,12
28,12,1,13,12
28,12,1,10,12
28,12,1,9,12
28,12,1,5,12
28,12,1,6,12
28,12,1,4,12
28,12,1,10,12
28,12,1,13,12
28,12,1,7,12
28,12,1,12,12
28,12,1,9,12
28,12,0,27,10
28,12,1,16,12
28,12,1,17,12
28,12,1,7,12
28,12,1,8,12
28,12,1,15,12
28,12,1,6,12
28,12,1,10,12
28,12,1,6,12
28,12,1,8,12
28,12,1,24,12
28,12,1,4,12
28,12,1,8,12
28,12,1,17,12
28,12,1,12,12
28,12,1,18,12
28,12,1,19,12
28,12,1,10,12
28,12,1,6,12
28,12,1,6,12
28,12,1,10,12
28,12,1,9,12
28,12,1,10,12
28,12,1,7,12
28,12,1,10,12
28,12,1,4,12
28,12,1,7,12
28,12,1,8,12
28,12,1,16,12
28,12,1,12,12
28,12,1,17,12
28,12,1,6,12
28,12,1,10,12
28,12,1,14,12
28,12,1,8,12
28,12,1,7,12
28,12,1,10,12
28,12,1,6,12
28,12,1,8,12
28,12,1,17,12
28,12,1,5,12
28,12,1,8,12
28,12,1,20,12
28,12,1,8,12
28,12,1,26,12
28,12,1,8,12
28,12,1,8,12
28,12,1,5,12
28,12,1,1,12
28,12,1,11,12
28,12,1,10,12
28,12,1,8,12
28,12,1,8,12
28,12,1,10,12
28,12,1,10,12
28,12,1,24,12
28,13,1,9,13
28,13,1,12,13
28,13,1,9,13
28,13,1,8,13
28,13,1,10,13
28,13,1,8,13
28,13,1,8,13
28,13,1,9,13
28,13,1,11,13
28,13,1,18,13
28,13,1,8,13
28,13,1,5,13
28,13,1,12,13
28,13,1,6,13
28,13,1,11,13
28,13,1,11,13
28,13,1,20,13
28,13,1,9,13
28,13,1,7,13
28,13,1,12,13
28,13,1,16,13
28,13,1,9,13
28,13,1,11,13
28,13,1,7,13
28,13,1,10,13
28,13,1,10,13
28,13,1,7,13
28,13,1,6,13
28,13,1,6,13
28,13,1,13,13
28,13,1,6,13
28,13,1,2,13
28,13,1,13,13
28,13,1,14,13
28,13,1,8,13
28,13,1,10,13
28,13,1,15,13
28,13,1,8,13
28,13,1,5,13
28,13,1,17,13
28,13,1,16,13
28,13,1,12,13
28,13,1,10,13
28,13,1,11,13
28,13,1,7,13
28,13,1,22,13
28,13,1,8,13
28,13,1,2,13
28,13,1,14,13
28,13,1,11,13
28,13,1,6,13
28,13,1,10,13
28,13,1,17,13
28,13,1,15,13
28,13,1,9,13
28,13,1,5,13
28,13,1,5,13
28,13,1,13,13
28,13,1,24,13
28,13,1,3,13
28,13,1,12,13
28,13,1,19,13
28,13,1,8,13
28,13,1,10,13
28,13,1,18,13
28,13,1,13,13
28,13,1,11,13
28,13,1,8,13
28,13,1,14,13
28,13,1,4,13
28,13,1,6,13
28,13,1,6,13
28,13,1,17,13
28,13,1,7,13
28,13,1,10,13
28,13,1,3,13
28,13,1,11,13
28,13,1,12,13
28,13,1,20,13
28,13,1,15,13
28,13,1,7,13
28,13,1,15,13
28,13,1,12,13
28,13,1,9,13
28,13,1,9,13
28,13,1,14,13
28,13,1,13,13
28,13,1,12,13
28,13,1,13,13
28,13,1,18,13
28,13,1,5,13
28,13,1,10,13
28,13,1,14,13
28,13,1,13,13
28,13,1,11,13
28,13,1,9,13
28,13,1,14,13
28,13,1,13,13
28,13,1,12,13
28,13,1,20,13
28,14,1,10,14
28,14,1,5,14
28,14,1,22,14
28,14,1,18,14
28,14,1,13,14
28,14,1,13,14
28,14,1,18,14
28,14,1,18,14
28,14,1,8,14
28,14,1,21,14
28,14,1,11,14
28,14,1,11,14
28,14,1,7,14
28,14,1,8,14
28,14,1,8,14
28,14,0,27,8
28,14,1,19,14
28,14,1,8,14
28,14,1,19,14
28,14,1,9,14
28,14,1,7,14
28,14,1,6,14
28,14,1,2,14
28,14,1,10,14
28,14,1,21,14
28,14,1,11,14
28,14,1,10,14
28,14,1,6,14
28,14,1,8,14
28,14,1,10,14
28,14,1,5,14
28,14,1,5,14
28,14,1,20,14
28,14,1,4,14
28,14,1,8,14
28,14,1,10,14
28,14,1,12,14
28,14,1,12,14
28,14,1,10,14
28,14,1,13,14
28,14,1,9,14
28,14,1,11,14
28,14,1,16,14
28,14,1,4,14
28,14,1,16,14
28,14,1,9,14
28,14,1,16,14
28,14,1,10,14
28,14,1,14,14
28,14,1,12,14
28,14,1,20,14
28,14,1,3,14
28,14,1,7,14
28,14,1,14,14
28,14,1,13,14
28,14,1,14,14
28,14,1,7,14
28,14,1,5,14
28,14,1,11,14
28,14,1,20,14
28,14,1,14,14
28,14,1,17,14
28,14,1,13,14
28,14,1,6,14
28,14,1,12,14
28,14,1,9,14
28,14,1,7,14
28,14,1,12,14
28,14,1,11,14
28,14,1,6,14
28,14,1,9,14
28,14,1,12,14
28,14,1,23,14
28,14,1,12,14
28,14,1,19,14
28,14,1,7,14
28,14,1,21,14
28,14,1,19,14
28,14,1,10,14
28,14,1,7,14
28,14,1,1,14
28,14,1,12,14
28,14,1,17,14
28,14,1,12,14
28,14,1,9,14
28,14,1,3,14
28,14,1,18,14
28,14,1,9,14
28,14,1,7,14
28,14,1,9,14
28,14,1,12,14
28,14,1,16,14
28,14,1,6,14
28,14,1,16,14
28,14,1,6,14
28,14,1,16,14
28,14,1,11,14
28,14,1,8,14
28,14,1,16,14
28,14,1,8,14
28,15,1,10,15
28,15,1,13,15
28,15,1,8,15
28,15,1,14,15
28,15,1,6,15
28,15,1,12,15
28,15,1,6,15
28,15,0,27,12
28,15,1,14,15
28,15,1,19,15
28,15,1,11,15
28,15,1,24,15
28,15,1,10,15
28,15,1,5,15
28,15,1,26,15
28,15,1,10,15
28,15,1,18,15
28,15,1,12,15
28,15,1,10,15
28,15,1,19,15
28,15,1,13,15
28,15,1,9,15
28,15,1,14,15
28,15,1,7,15
28,15,1,17,15
28,15,1,3,15
28,15,1,3,15
28,15,1,21,15
28,15,1,20,15
28,15,1,11,15
28,15,1,11,15
28,15,1,7,15
28,15,1,8,15
28,15,1,14,15
28,15,1,9,15
28,15,1,12,15
28,15,1,15,15
28,15,1,22,15
28,15,1,8,15
28,15,1,6,15
28,15,1,19,15
28,15,1,13,15
28,15,1,14,15
28,15,1,15,15
28,15,1,20,15
28,15,1,10,15
28,15,1,19,15
28,15,1,12,15
28,15,1,11,15
28,15,1,13,15
28,15,1,8,15
28,15,1,8,15
28,15,1,11,15
28,15,1,21,15
28,15,1,11,15
28,15,1,18,15
28,15,1,24,15
28,15,1,24,15
28,15,1,12,15
28,15,1,18,15
28,15,1,12,15
28,15,1,15,15
28,15,1,11,15
28,15,1,13,15
28,15,1,13,15
28,15,1,11,15
28,15,1,12,15
28,15,1,15,15
28,15,1,9,15
28,15,1,13,15
28,15,1,6,15
28,15,1,17,15
28,15,1,13,15
28,15,1,9,15
28,15,1,19,15
28,15,1,3,15
28,15,1,13,15
28,15,1,25,15
28,15,1,8,15
28,15,1,16,15
28,15,1,10,15
28,15,1,4,15
28,15,1,3,15
28,15,1,7,15
28,15,1,12,15
28,15,1,11,15
28,15,1,7,15
28,15,1,16,15
28,15,1,14,15
28,15,1,21,15
28,15,1,13,15
28,15,1,4,15
28,15,1,22,15
28,15,1,17,15
28,15,1,20,15
28,15,1,9,15
28,15,1,20,15
28,15,1,7,15
28,15,1,11,15
28,15,1,18,15
28,16,1,18,16
28,16,1,16,16
28,16,1,10,16
28,16,1,20,16
28,16,1,9,16
28,16,1,9,16
28,16,1,13,16
28,16,1,9,16
28,16,1,21,16
28,16,1,4,16
28,16,1,10,16
28,16,1,12,16
28,16,1,11,16
28,16,1,15,16
28,16,1,15,16
28,16,1,20,16
28,16,1,17,16
28,16,1,22,16
28,16,1,7,16
28,16,1,6,16
28,16,1,15,16
28,16,1,13,16
28,16,1,12,16
28,16,1,15,16
28,16,1,19,16
28,16,1,12,16
28,16,1,12,16
28,16,1,14,16
28,16,1,9,16
28,16,1,9,16
28,16,1,9,16
28,16,1,13,16
28,16,1,8,16
28,16,1,25,16
28,16,1,16,16
28,16,1,14,16
28,16,1,4,16
28,16,1,14,16
28,16,1,19,16
28,16,1,11,16
28,16,1,9,16
28,16,1,25,16
28,16,1,16,16
28,16,1,16,16
28,16,1,20,16
28,16,1,13,16
28,16,1,13,16
28,16,1,8,16
28,16,1,14,16
28,16,1,6,16
28,16,1,11,16
28,16,1,16,16
28,16,1,10,16
28,16,1,24,16
28,16,1,15,16
28,16,1,14,16
28,16,1,24,16
28,16,1,15,16
28,16,1,17,16
28,16,1,16,16
28,16,1,14,16
28,16,1,19,16
28,16,1,13,16
28,16,1,23,16
28,16,1,14,16
28,16,1,16,16
28,16,1,15,16
28,16,1,13,16
28,16,1,15,16
28,16,1,16,16
28,16,1,18,16
28,16,1,17,16
28,16,0,27,11
28,16,1,15,16
28,16,1,20,16
28,16,1,14,16
28,16,1,8,16
28,16,1,25,16
28,16,1,13,16
28,16,1,17,16
28,16,1,23,16
28,16,1,12,16
28,16,1,6,16
28,16,1,17,16
28,16,1,12,16
28,16,1,5,16
28,16,1,9,16
28,16,1,21,16
28,16,1,14,16
28,16,1,15,16
28,16,1,11,16
28,16,1,9,16
28,16,1,6,16
28,16,1,6,16
28,16,1,19,16
28,16,1,17,16
28,16,1,16,16
28,16,1,18,16
28,16,1,10,16
28,16,1,15,16
28,17,1,21,17
28,17,1,12,17
28,17,1,10,17
28,17,1,20,17
28,17,1,14,17
28,17,1,12,17
28,17,1,14,17
28,17,1,23,17
28,17,1,15,17
28,17,1,20,17
28,17,1,14,17
28,17,1,15,17
28,17,1,20,17
28,17,1,17,17
28,17,1,18,17
28,17,1,15,17
28,17,1,16,17
28,17,1,18,17
28,17,1,12,17
28,17,1,20,17
28,17,1,8,17
28,17,1,25,17
28,17,1,8,17
28,17,1,7,17
28,17,1,10,17
28,17,1,9,17
28,17,1,11,17
28,17,1,9,17
28,17,1,11,17
28,17,1,13,17
28,17,1,19,17
28,17,1,13,17
28,17,1,14,17
28,17,1,13,17
28,17,1,8,17
28,17,1,14,17
28,17,1,15,17
28,17,0,27,13
28,17,1,16,17
28,17,1,15,17
28,17,1,22,17
28,17,1,15,17
28,17,1,21,17
28,17,1,12,17
28,17,1,8,17
28,17,0,27,14
28,17,1,14,17
28,17,1,9,17
28,17,1,19,17
28,17,1,20,17
28,17,1,20,17
28,17,1,14,17
28,17,1,19,17
28,17,1,13,17
28,17,1,16,17
28,17,1,6,17
28,17,1,21,17
28,17,1,6,17
28,17,1,7,17
28,17,1,12,17
28,17,1,10,17
28,17,1,23,17
28,17,1,7,17
28,17,1,10,17
28,17,1,14,17
28,17,1,18,17
28,17,1,8,17
28,17,1,14,17
28,17,1,12,17
28,17,1,7,17
28,17,1,15,17
28,17,1,6,17
28,17,1,10,17
28,17,1,10,17
28,17,1,16,17
28,17,0,27,10
28,17,1,13,17
28,17,1,6,17
28,17,1,13,17
28,17,1,13,17
28,17,1,15,17
28,17,1,10,17
28,17,1,25,17
28,17,1,14,17
28,17,1,15,17
28,17,1,15,17
28,17,1,7,17
28,17,1,12,17
28,17,1,16,17
28,17,1,14,17
28,17,1,17,17
28,17,1,17,17
28,17,1,16,17
28,17,1,6,17
28,17,1,20,17
28,17,1,15,17
28,17,1,4,17
28,17,1,6,17
28,17,1,16,17
28,17,1,13,17
28,18,1,13,18
28,18,1,17,18
28,18,1,7,18
28,18,1,16,18
28,18,1,11,18
28,18,1,18,18
28,18,1,11,18
28,18,1,6,18
28,18,1,5,18
28,18,1,12,18
28,18,1,13,18
28,18,1,23,18
28,18,1,21,18
28,18,1,18,18
28,18,1,13,18
28,18,1,11,18
28,18,0,27,13
28,18,1,22,18
28,18,1,16,18
28,18,1,7,18
28,18,1,10,18
28,18,1,21,18
28,18,1,7,18
28,18,1,7,18
28,18,1,8,18
28,18,1,14,18
28,18,1,8,18
28,18,1,14,18
28,18,1,3,18
28,18,1,11,18
28,18,1,22,18
28,18,1,15,18
28,18,1,16,18
28,18,0,27,13
28,18,1,21,18
28,18,1,8,18
28,18,1,15,18
28,18,1,11,18
28,18,1,12,18
28,18,1,16,18
28,18,1,24,18
28,18,1,21,18
28,18,1,9,18
28,18,1,8,18
28,18,1,9,18
28,18,0,27,17
28,18,1,14,18
28,18,1,10,18
28,18,1,12,18
28,18,1,12,18
28,18,1,13,18
28,18,1,18,18
28,18,0,27,15
28,18,1,20,18
28,18,0,27,16
28,18,1,9,18
28,18,1,6,18
28,18,1,7,18
28,18,0,27,10
28,18,1,10,18
28,18,1,6,18
28,18,1,17,18
28,18,1,23,18
28,18,1,19,18
28,18,1,19,18
28,18,1,8,18
28,18,1,8,18
28,18,1,21,18
28,18,1,7,18
28,18,0,27,17
28,18,1,20,18
28,18,1,21,18
28,18,1,18,18
28,18,1,24,18
28,18,1,15,18
28,18,1,23,18
28,18,1,11,18
28,18,1,12,18
28,18,1,11,18
28,18,1,9,18
28,18,1,14,18
28,18,1,21,18
28,18,1,11,18
28,18,0,27,13
28,18,1,8,18
28,18,1,10,18
28,18,1,11,18
28,18,1,19,18
28,18,1,18,18
28,18,1,15,18
28,18,1,18,18
28,18,1,14,18
28,18,1,8,18
28,18,1,20,18
28,18,1,19,18
28,18,1,6,18
28,18,1,4,18
28,18,1,20,18
28,18,1,20,18
28,18,1,12,18
28,19,1,11,19
28,19,1,8,19
28,19,1,21,19
28,19,1,20,19
28,19,1,9,19
28,19,1,8,19
28,19,1,24,19
28,19,1,16,19
28,19,1,14,19
28,19,1,13,19
28,19,0,27,12
28,19,1,11,19
28,19,0,27,18
28,19,1,10,19
28,19,0,27,15
28,19,1,12,19
28,19,1,20,19
28,19,1,10,19
28,19,1,14,19
28,19,1,20,19
28,19,0,27,13
28,19,1,22,19
28,19,1,14,19
28,19,0,27,16
28,19,1,17,19
28,19,1,13,19
28,19,1,23,19
28,19,1,21,19
28,19,1,17,19
28,19,1,20,19
28,19,1,20,19
28,19,1,14,19
28,19,1,7,19
28,19,1,14,19
28,19,1,22,19
28,19,1,6,19
28,19,1,21,19
28,19,1,19,19
28,19,1,18,19
28,19,1,24,19
28,19,1,16,19
28,19,1,14,19
28,19,1,7,19
28,19,1,7,19
28,19,1,11,19
28,19,1,14,19
28,19,0,27,14
28,19,1,11,19
28,19,1,17,19
28,19,0,27,18
28,19,1,11,19
28,19,1,25,19
28,19,1,14,19
28,19,1,15,19
28,19,1,24,19
28,19,0,27,16
28,19,1,7,19
28,19,1,13,19
28,19,1,7,19
28,19,1,21,19
28,19,1,15,19
28,19,1,23,19
28,19,1,18,19
28,19,1,11,19
28,19,1,11,19
28,19,1,22,19
28,19,1,12,19
28,19,1,24,19
28,19,1,13,19
28,19,1,25,19
28,19,1,16,19
28,19,1,8,19
28,19,1,19,19
28,19,1,14,19
28,19,1,16,19
28,19,1,6,19
28,19,1,25,19
28,19,1,7,19
28,19,1,13,19
28,19,1,21,19
28,19,1,21,19
28,19,1,12,19
28,19,1,20,19
28,19,1,9,19
28,19,1,21,19
28,19,1,13,19
28,19,1,12,19
28,19,1,11,19
28,19,1,9,19
28,19,1,6,19
28,19,1,26,19
28,19,0,27,18
28,19,0,27,16
28,19,1,7,19
28,19,1,16,19
28,19,1,15,19
28,19,0,27,12
28,19,1,24,19
28,19,1,19,19
28,19,1,15,19
28,20,1,21,20
28,20,0,27,9
28,20,0,27,15
28,20,0,27,17
28,20,1,13,20
28,20,1,4,20
28,20,1,22,20
28,20,1,14,20
28,20,1,9,20
28,20,1,17,20
28,20,1,11,20
28,20,1,14,20
28,20,1,18,20
28,20,1,15,20
28,20,1,20,20
28,20,1,21,20
28,20,0,27,15
28,20,1,15,20
28,20,1,11,20
28,20,1,11,20
28,20,1,14,20
28,20,1,13,20
28,20,1,19,20
28,20,1,13,20
28,20,1,15,20
28,20,1,12,20
28,20,1,12,20
28,20,1,15,20
28,20,1,15,20
28,20,1,15,20
28,20,1,14,20
28,20,1,19,20
28,20,1,22,20
28,20,0,27,14
28,20,0,27,13
28,20,1,12,20
28,20,1,26,20
28,20,1,17,20
28,20,0,27,16
28,20,1,26,20
28,20,1,12,20
28,20,1,10,20
28,20,1,20,20
28,20,1,9,20
28,20,1,18,20
28,20,1,15,20
28,20,1,8,20
28,20,1,15,20
28,20,1,10,20
28,20,1,15,20
28,20,1,22,20
28,20,0,27,19
28,20,1,21,20
28,20,1,16,20
28,20,1,9,20
28,20,1,17,20
28,20,1,18,20
28,20,1,13,20
28,20,1,11,20
28,20,1,14,20
28,20,1,19,20
28,20,1,11,20
28,20,1,12,20
28,20,1,24,20
28,20,1,20,20
28,20,1,19,20
28,20,1,13,20
28,20,1,14,20
28,20,1,20,20
28,20,1,8,20
28,20,1,13,20
28,20,1,21,20
28,20,1,13,20
28,20,1,24,20
28,20,1,18,20
28,20,0,27,17
28,20,1,14,20
28,20,1,14,20
28,20,1,14,20
28,20,1,23,20
28,20,1,15,20
28,20,0,27,18
28,20,1,20,20
28,20,1,19,20
28,20,0,27,12
28,20,1,10,20
28,20,1,15,20
28,20,1,15,20
28,20,1,22,20
28,20,1,11,20
28,20,1,18,20
28,20,1,16,20
28,20,1,20,20
28,20,1,19,20
28,20,1,12,20
28,20,0,27,16
28,20,1,15,20
28,20,1,6,20
28,20,1,17,20
28,20,1,12,20
29,1,1,1,1
29,1,1,0,1
29,1,1,0,1
29,1,1,0,1
29,1,1,0,1
29,1,1,0,1
29,1,1,4,1
29,1,1,1,1
29,1,1,0,1
29,1,1,0,1
29,1,1,1,1
29,1,1,0,1
29,1,1,0,1
29,1,1,0,1
29,1,1,0,1
29,1,1,2,1
29,1,1,2,1
29,1,1,0,1
29,1,1,0,1
29,1,1,0,1
29,1,1,4,1
29,1,1,2,1
29,1,1,0,1
29,1,1,2,1
29,1,1,0,1
29,1,1,1,1
29,1,1,0,1
29,1,1,0,1
29,1,1,0,1
29,1,1,1,1
29,1,1,0,1
29,1,1,2,1
29,1,1,1,1
29,1,1,1,1
29,1,1,0,1
29,1,1,4,1
29,1,1,0,1
29,1,1,0,1
29,1,1,0,1
29,1,1,0,1
29,1,1,2,1
29,1,1,5,1
29,1,1,0,1
29,1,1,1,1
29,1,1,0,1
29,1,1,0,1
29,1,1,0,1
29,1,1,1,1
29,1,1,0,1
29,1,1,0,1
29,1,1,1,1
29,1,1,0,1
29,1,1,0,1
29,1,1,0,1
29,1,1,1,1
29,1,1,0,1
29,1,1,1,1
29,1,1,0,1
29,1,1,0,1
29,1,1,1,1
29,1,1,0,1
29,1,1,0,1
29,1,1,1,1
29,1,1,2,1
29,1,1,2,1
29,1,1,0,1
29,1,1,3,1
29,1,1,1,1
29,1,1,0,1
29,1,1,0,1
29,1,1,1,1
29,1,1,1,1
29,1,1,0,1
29,1,1,2,1
29,1,1,2,1
29,1,1,1,1
29,1,1,0,1
29,1,1,1,1
29,1,1,0,1
29,1,1,0,1
29,1,1,0,1
29,1,1,0,1
29,1,1,1,1
29,1,1,0,1
29,1,1,0,1
29,1,1,0,1
29,1,1,0,1
29,1,1,0,1
29,1,1,0,1
29,1,1,0,1
29,1,1,1,1
29,1,1,0,1
29,1,1,0,1
29,1,1,0,1
29,1,1,3,1
29,1,1,1,1
29,1,1,0,1
29,1,1,1,1
29,1,1,0,1
29,1,1,0,1
29,2,1,0,2
29,2,1,7,2
29,2,1,1,2
29,2,1,1,2
29,2,1,2,2
29,2,1,4,2
29,2,1,1,2
29,2,1,3,2
29,2,1,2,2
29,2,1,0,2
29,2,1,3,2
29,2,1,1,2
29,2,1,1,2
29,2,1,0,2
29,2,1,3,2
29,2,1,0,2
29,2,1,1,2
29,2,1,1,2
29,2,1,1,2
29,2,1,0,2
29,2,1,1,2
29,2,1,0,2
29,2,1,0,2
29,2,1,0,2
29,2,1,2,2
29,2,1,0,2
29,2,1,0,2
29,2,1,0,2
29,2,1,0,2
29,2,1,1,2
29,2,1,0,2
29,2,1,2,2
29,2,1,3,2
29,2,1,0,2
29,2,1,3,2
29,2,1,9,2
29,2,1,0,2
29,2,1,7,2
29,2,1,0,2
29,2,1,2,2
29,2,1,2,2
29,2,1,3,2
29,2,1,0,2
29,2,1,3,2
29,2,1,1,2
29,2,1,1,2
29,2,1,3,2
29,2,1,4,2
29,2,1,0,2
29,2,1,4,2
29,2,1,2,2
29,2,1,3,2
29,2,1,0,2
29,2,1,0,2
29,2,1,4,2
29,2,1,2,2
29,2,1,0,2
29,2,1,2,2
29,2,1,4,2
29,2,1,2,2
29,2,1,0,2
29,2,1,1,2
29,2,1,2,2
29,2,1,0,2
29,2,1,6,2
29,2,1,0,2
29,2,1,1,2
29,2,1,0,2
29,2,1,0,2
29,2,1,1,2
29,2,1,1,2
29,2,1,0,2
29,2,1,1,2
29,2,1,3,2
29,2,1,4,2
29,2,1,0,2
29,2,1,6,2
29,2,1,0,2
29,2,1,2,2
29,2,1,2,2
29,2,1,2,2
29,2,1,0,2
29,2,1,0,2
29,2,1,9,2
29,2,1,0,2
29,2,1,1,2
29,2,1,1,2
29,2,1,2,2
29,2,1,4,2
29,2,1,1,2
29,2,1,1,2
29,2,1,0,2
29,2,1,0,2
29,2,1,0,2
29,2,1,3,2
29,2,1,0,2
29,2,1,0,2
29,2,1,2,2
29,2,1,0,2
29,2,1,2,2
29,3,1,2,3
29,3,1,0,3
29,3,1,1,3
29,3,1,1,3
29,3,1,1,3
29,3,1,3,3
29,3,1,0,3
29,3,1,2,3
29,3,1,2,3
29,3,1,0,3
29,3,1,3,3
29,3,1,0,3
29,3,1,0,3
29,3,1,2,3
29,3,1,1,3
29,3,1,3,3
29,3,1,0,3
29,3,1,2,3
29,3,1,8,3
29,3,1,0,3
29,3,1,1,3
29,3,1,0,3
29,3,1,2,3
29,3,1,5,3
29,3,1,1,3
29,3,1,1,3
29,3,1,1,3
29,3,1,2,3
29,3,1,4,3
29,3,1,1,3
29,3,1,9,3
29,3,1,3,3
29,3,1,2,3
29,3,1,4,3
29,3,1,4,3
29,3,1,6,3
29,3,1,5,3
29,3,1,2,3
29,3,1,5,3
29,3,1,6,3
29,3,1,1,3
29,3,1,0,3
29,3,1,3,3
29,3,1,1,3
29,3,1,7,3
29,3,1,3,3
29,3,1,1,3
29,3,1,2,3
29,3,1,5,3
29,3,1,5,3
29,3,1,0,3
29,3,1,6,3
29,3,1,5,3
29,3,1,0,3
29,3,1,8,3
29,3,1,3,3
29,3,1,5,3
29,3,1,3,3
29,3,1,2,3
29,3,1,2,3
29,3,1,4,3
29,3,1,0,3
29,3,1,1,3
29,3,1,0,3
29,3,1,3,3
29,3,1,0,3
29,3,1,2,3
29,3,1,0,3
29,3,1,2,3
29,3,1,0,3
29,3,1,3,3
29,3,1,0,3
29,3,1,2,3
29,3,1,0,3
29,3,1,1,3
29,3,1,3,3
29,3,1,2,3
29,3,1,1,3
29,3,1,1,3
29,3,1,0,3
29,3,1,5,3
29,3,1,10,3
29,3,1,5,3
29,3,1,6,3
29,3,1,1,3
29,3,1,3,3
29,3,1,5,3
29,3,1,1,3
29,3,1,0,3
29,3,1,2,3
29,3,1,0,3
29,3,1,0,3
29,3,1,0,3
29,3,1,2,3
29,3,1,1,3
29,3,1,3,3
29,3,1,4,3
29,3,1,3,3
29,3,1,8,3
29,3,1,5,3
29,4,1,5,4
29,4,1,2,4
29,4,1,2,4
29,4,1,2,4
29,4,1,4,4
29,4,1,3,4
29,4,1,1,4
29,4,1,8,4
29,4,1,4,4
29,4,1,2,4
29,4,1,4,4
29,4,1,7,4
29,4,1,2,4
29,4,1,3,4
29,4,1,2,4
29,4,1,1,4
29,4,1,2,4
29,4,1,1,4
29,4,1,2,4
29,4,1,0,4
29,4,1,3,4
29,4,1,3,4
29,4,1,4,4
29,4,1,3,4
29,4,1,1,4
29,4,1,2,4
29,4,1,6,4
29,4,1,1,4
29,4,1,2,4
29,4,1,1,4
29,4,1,7,4
29,4,1,2,4
29,4,1,2,4
29,4,1,2,4
29,4,1,3,4
29,4,1,0,4
29,4,1,4,4
29,4,1,1,4
29,4,1,2,4
29,4,1,2,4
29,4,1,3,4
29,4,1,5,4
29,4,1,3,4
29,4,1,0,4
29,4,1,1,4
29,4,1,9,4
29,4,1,6,4
29,4,1,6,4
29,4,1,1,4
29,4,1,1,4
29,4,1,6,4
29,4,1,1,4
29,4,1,0,4
29,4,1,1,4
29,4,1,3,4
29,4,1,8,4
29,4,1,3,4
29,4,1,11,4
29,4,1,7,4
29,4,1,0,4
29,4,1,6,4
29,4,1,3,4
29,4,1,7,4
29,4,1,2,4
29,4,1,6,4
29,4,1,1,4
29,4,1,6,4
29,4,1,6,4
29,4,1,6,4
29,4,1,3,4
29,4,1,3,4
29,4,1,4,4
29,4,1,1,4
29,4,1,1,4
29,4,1,10,4
29,4,1,6,4
29,4,1,2,4
29,4,1,4,4
29,4,1,7,4
29,4,1,3,4
29,4,1,1,4
29,4,1,7,4
29,4,1,3,4
29,4,1,7,4
29,4,1,2,4
29,4,1,4,4
29,4,1,2,4
29,4,1,3,4
29,4,1,6,4
29,4,1,3,4
29,4,1,4,4
29,4,1,1,4
29,4,1,2,4
29,4,1,2,4
29,4,1,1,4
29,4,1,10,4
29,4,1,0,4
29,4,1,2,4
29,4,1,3,4
29,4,1,1,4
29,5,1,3,5
29,5,1,5,5
29,5,1,6,5
29,5,1,0,5
29,5,1,7,5
29,5,1,5,5
29,5,1,8,5
29,5,1,3,5
29,5,1,7,5
29,5,1,0,5
29,5,1,0,5
29,5,1,2,5
29,5,1,5,5
29,5,1,4,5
29,5,1,6,5
29,5,1,5,5
29,5,1,4,5
29,5,1,5,5
29,5,1,3,5
29,5,1,2,5
29,5,1,1,5
29,5,1,1,5
29,5,1,5,5
29,5,1,8,5
29,5,1,3,5
29,5,1,6,5
29,5,1,3,5
29,5,1,10,5
29,5,1,3,5
29,5,1,7,5
29,5,1,1,5
29,5,1,2,5
29,5,1,8,5
29,5,1,7,5
29,5,1,5,5
29,5,1,3,5
29,5,1,3,5
29,5,1,4,5
29,5,1,6,5
29,5,1,5,5
29,5,1,5,5
29,5,1,5,5
29,5,1,4,5
29,5,1,3,5
29,5,1,7,5
29,5,1,6,5
29,5,1,0,5
29,5,1,1,5
29,5,1,2,5
29,5,1,0,5
29,5,1,2,5
29,5,1,7,5
29,5,1,5,5
29,5,1,11,5
29,5,1,0,5
29,5,1,8,5
29,5,1,2,5
29,5,1,7,5
29,5,1,6,5
29,5,1,0,5
29,5,1,5,5
29,5,1,1,5
29,5,1,1,5
29,5,1,6,5
29,5,1,4,5
29,5,1,3,5
29,5,1,4,5
29,5,1,9,5
29,5,1,7,5
29,5,1,10,5
29,5,1,3,5
29,5,1,3,5
29,5,1,0,5
29,5,1,6,5
29,5,1,2,5
29,5,1,8,5
29,5,1,6,5
29,5,1,1,5
29,5,1,3,5
29,5,1,2,5
29,5,1,4,5
29,5,1,8,5
29,5,1,0,5
29,5,1,6,5
29,5,1,7,5
29,5,1,3,5
29,5,1,4,5
29,5,1,6,5
29,5,1,0,5
29,5,1,2,5
29,5,1,5,5
29,5,1,4,5
29,5,1,5,5
29,5,1,8,5
29,5,1,5,5
29,5,1,11,5
29,5,1,3,5
29,5,1,7,5
29,5,1,5,5
29,5,1,4,5
29,6,1,6,6
29,6,1,4,6
29,6,1,1,6
29,6,1,5,6
29,6,1,4,6
29,6,1,4,6
29,6,1,4,6
29,6,1,5,6
29,6,1,3,6
29,6,1,5,6
29,6,1,3,6
29,6,1,9,6
29,6,1,3,6
29,6,1,2,6
29,6,1,3,6
29,6,1,1,6
29,6,1,5,6
29,6,1,1,6
29,6,1,4,6
29,6,1,9,6
29,6,1,8,6
29,6,1,3,6
29,6,1,5,6
29,6,1,3,6
29,6,1,2,6
29,6,1,3,6
29,6,1,5,6
29,6,1,8,6
29,6,1,4,6
29,6,1,1,6
29,6,1,2,6
29,6,1,5,6
29,6,1,8,6
29,6,1,4,6
29,6,1,6,6
29,6,1,2,6
29,6,1,4,6
29,6,1,1,6
29,6,1,10,6
29,6,1,3,6
29,6,1,5,6
29,6,1,8,6
29,6,1,1,6
29,6,1,0,6
29,6,1,3,6
29,6,1,4,6
29,6,1,3,6
29,6,1,3,6
29,6,1,7,6
29,6,1,8,6
29,6,1,4,6
29,6,1,6,6
29,6,1,7,6
29,6,1,6,6
29,6,1,11,6
29,6,1,7,6
29,6,1,4,6
29,6,1,4,6
29,6,1,2,6
29,6,1,2,6
29,6,1,1,6
29,6,1,8,6
29,6,1,2,6
29,6,1,8,6
29,6,1,8,6
29,6,1,6,6
29,6,1,4,6
29,6,1,6,6
29,6,1,4,6
29,6,1,2,6
29,6,1,10,6
29,6,1,1,6
29,6,1,4,6
29,6,1,0,6
29,6,1,2,6
29,6,1,7,6
29,6,1,12,6
29,6,1,7,6
29,6,1,7,6
29,6,1,12,6
29,6,1,12,6
29,6,1,0,6
29,6,1,0,6
29,6,1,4,6
29,6,1,4,6
29,6,1,7,6
29,6,1,6,6
29,6,1,6,6
29,6,1,4,6
29,6,1,6,6
29,6,1,4,6
29,6,1,15,6
29,6,1,2,6
29,6,1,2,6
29,6,1,10,6
29,6,1,3,6
29,6,1,6,6
29,6,1,6,6
29,6,1,12,6
29,6,1,6,6
29,7,1,4,7
29,7,1,5,7
29,7,1,7,7
29,7,1,5,7
29,7,1,2,7
29,7,1,7,7
29,7,1,7,7
29,7,1,3,7
29,7,1,10,7
29,7,1,3,7
29,7,1,6,7
29,7,1,5,7
29,7,1,6,7
29,7,1,14,7
29,7,1,1,7
29,7,1,7,7
29,7,1,6,7
29,7,1,5,7
29,7,1,16,7
29,7,1,4,7
29,7,1,4,7
29,7,1,0,7
29,7,1,7,7
29,7,1,4,7
29,7,1,10,7
29,7,1,9,7
29,7,1,11,7
29,7,1,12,7
29,7,1,14,7
29,7,1,6,7
29,7,1,1,7
29,7,1,13,7
29,7,1,5,7
29,7,1,3,7
29,7,1,4,7
29,7,1,6,7
29,7,1,11,7
29,7,1,7,7
29,7,1,9,7
29,7,1,3,7
29,7,1,1,7
29,7,1,15,7
29,7,1,12,7
29,7,1,10,7
29,7,1,11,7
29,7,1,3,7
29,7,1,9,7
29,7,1,8,7
29,7,1,5,7
29,7,1,2,7
29,7,1,10,7
29,7,1,2,7
29,7,1,4,7
29,7,1,5,7
29,7,1,0,7
29,7,1,7,7
29,7,1,11,7
29,7,1,2,7
29,7,1,7,7
29,7,1,4,7
29,7,1,2,7
29,7,1,5,7
29,7,1,4,7
29,7,1,7,7
29,7,1,6,7
29,7,1,6,7
29,7,1,15,7
29,7,1,8,7
29,7,1,4,7
29,7,1,3,7
29,7,1,5,7
29,7,1,12,7
29,7,1,4,7
29,7,1,7,7
29,7,1,7,7
29,7,1,13,7
29,7,1,6,7
29,7,1,3,7
29,7,1,2,7
29,7,1,5,7
29,7,1,3,7
29,7,1,2,7
29,7,1,6,7
29,7,1,8,7
29,7,1,4,7
29,7,1,10,7
29,7,1,16,7
29,7,1,13,7
29,7,1,10,7
29,7,1,4,7
29,7,1,5,7
29,7,1,5,7
29,7,1,5,7
29,7,1,12,7
29,7,1,3,7
29,7,1,11,7
29,7,1,22,7
29,7,1,2,7
29,7,1,0,7
29,7,1,3,7
29,8,1,4,8
29,8,1,4,8
29,8,1,3,8
29,8,1,7,8
29,8,1,2,8
29,8,1,3,8
29,8,1,2,8
29,8,1,3,8
29,8,1,3,8
29,8,1,6,8
29,8,1,14,8
29,8,1,10,8
29,8,1,8,8
29,8,1,3,8
29,8,1,12,8
29,8,1,10,8
29,8,1,12,8
29,8,1,4,8
29,8,1,7,8
29,8,1,2,8
29,8,1,15,8
29,8,1,5,8
29,8,1,4,8
29,8,1,1,8
29,8,1,4,8
29,8,1,9,8
29,8,1,7,8
29,8,1,4,8
29,8,1,8,8
29,8,1,5,8
29,8,1,8,8
29,8,1,1,8
29,8,1,9,8
29,8,1,5,8
29,8,1,9,8
29,8,1,16,8
29,8,1,10,8
29,8,1,12,8
29,8,1,5,8
29,8,1,7,8
29,8,1,8,8
29,8,1,3,8
29,8,1,4,8
29,8,1,6,8
29,8,1,14,8
29,8,1,10,8
29,8,1,1,8
29,8,1,10,8
29,8,1,8,8
29,8,1,6,8
29,8,1,6,8
29,8,1,8,8
29,8,1,9,8
29,8,1,12,8
29,8,1,6,8
29,8,1,8,8
29,8,1,9,8
29,8,1,6,8
29,8,1,5,8
29,8,1,6,8
29,8,1,8,8
29,8,1,8,8
29,8,1,9,8
29,8,1,3,8
29,8,1,10,8
29,8,1,2,8
29,8,1,7,8
29,8,1,5,8
29,8,1,3,8
29,8,1,3,8
29,8,1,7,8
29,8,1,5,8
29,8,1,2,8
29,8,1,5,8
29,8,1,3,8
29,8,1,7,8
29,8,1,10,8
29,8,1,3,8
29,8,1,4,8
29,8,1,3,8
29,8,1,8,8
29,8,1,14,8
29,8,1,4,8
29,8,1,2,8
29,8,1,7,8
29,8,1,4,8
29,8,1,4,8
29,8,1,2,8
29,8,1,4,8
29,8,1,7,8
29,8,1,4,8
29,8,1,17,8
29,8,1,10,8
29,8,1,8,8
29,8,1,7,8
29,8,1,1,8
29,8,1,1,8
29,8,1,4,8
29,8,1,9,8
29,8,1,4,8
29,9,1,4,9
29,9,1,5,9
29,9,1,8,9
29,9,1,9,9
29,9,1,8,9
29,9,1,12,9
29,9,1,20,9
29,9,1,8,9
29,9,1,8,9
29,9,1,8,9
29,9,1,10,9
29,9,1,5,9
29,9,1,3,9
29,9,1,7,9
29,9,1,7,9
29,9,1,19,9
29,9,1,3,9
29,9,1,8,9
29,9,1,4,9
29,9,1,2,9
29,9,1,3,9
29,9,1,9,9
29,9,1,9,9
29,9,1,8,9
29,9,1,8,9
29,9,1,10,9
29,9,1,3,9
29,9,1,8,9
29,9,1,7,9
29,9,1,5,9
29,9,1,15,9
29,9,1,9,9
29,9,1,11,9
29,9,1,6,9
29,9,1,7,9
29,9,1,2,9
29,9,1,6,9
29,9,1,4,9
29,9,1,2,9
29,9,1,13,9
29,9,1,6,9
29,9,1,1,9
29,9,1,3,9
29,9,1,7,9
29,9,1,4,9
29,9,1,8,9
29,9,1,9,9
29,9,1,8,9
29,9,1,2,9
29,9,1,4,9
29,9,1,3,9
29,9,1,4,9
29,9,1,6,9
29,9,1,0,9
29,9,1,2,9
29,9,1,8,9
29,9,1,4,9
29,9,1,5,9
29,9,1,6,9
29,9,1,4,9
29,9,1,6,9
29,9,1,6,9
29,9,1,14,9
29,9,1,4,9
29,9,1,14,9
29,9,1,9,9
29,9,1,11,9
29,9,1,4,9
29,9,1,12,9
29,9,1,5,9
29,9,1,5,9
29,9,1,5,9
29,9,1,5,9
29,9,1,9,9
29,9,1,6,9
29,9,1,2,9
29,9,1,1,9
29,9,1,9,9
29,9,1,12,9
29,9,1,10,9
29,9,1,3,9
29,9,1,11,9
29,9,1,4,9
29,9,1,2,9
29,9,1,4,9
29,9,1,1,9
29,9,1,4,9
29,9,1,9,9
29,9,1,12,9
29,9,1,8,9
29,9,1,9,9
29,9,1,11,9
29,9,1,14,9
29,9,1,4,9
29,9,1,4,9
29,9,1,6,9
29,9,1,8,9
29,9,1,9,9
29,9,1,7,9
29,9,1,6,9
29,10,1,12,10
29,10,1,12,10
29,10,1,4,10
29,10,1,9,10
29,10,1,20,10
29,10,1,5,10
29,10,1,9,10
29,10,1,2,10
29,10,1,5,10
29,10,1,7,10
29,10,1,7,10
29,10,1,0,10
29,10,1,11,10
29,10,1,6,10
29,10,1,12,10
29,10,1,10,10
29,10,1,4,10
29,10,1,12,10
29,10,1,4,10
29,10,1,14,10
29,10,1,3,10
29,10,1,2,10
29,10,1,17,10
29,10,1,17,10
29,10,1,15,10
29,10,1,8,10
29,10,1,2,10
29,10,1,4,10
29,10,1,2,10
29,10,1,1,10
29,10,1,9,10
29,10,1,5,10
29,10,1,4,10
29,10,1,8,10
29,10,1,4,10
29,10,1,6,10
29,10,1,6,10
29,10,1,3,10
29,10,1,10,10
29,10,1,10,10
29,10,1,12,10
29,10,1,14,10
29,10,1,2,10
29,10,1,4,10
29,10,1,3,10
29,10,1,11,10
29,10,1,8,10
29,10,1,12,10
29,10,1,9,10
29,10,1,8,10
29,10,1,5,10
29,10,1,10,10
29,10,1,8,10
29,10,1,16,10
29,10,1,2,10
29,10,1,9,10
29,10,1,5,10
29,10,1,5,10
29,10,1,9,10
29,10,1,13,10
29,10,1,9,10
29,10,1,11,10
29,10,1,15,10
29,10,1,4,10
29,10,1,9,10
29,10,1,4,10
29,10,1,8,10
29,10,1,10,10
29,10,1,2,10
29,10,1,10,10
29,10,1,1,10
29,10,1,9,10
29,10,1,14,10
29,10,1,10,10
29,10,1,8,10
29,10,1,4,10
29,10,1,10,10
29,10,1,11,10
29,10,1,11,10
29,10,1,1,10
29,10,1,1,10
29,10,1,10,10
29,10,1,8,10
29,10,1,19,10
29,10,1,7,10
29,10,1,5,10
29,10,1,6,10
29,10,1,8,10
29,10,1,2,10
29,10,1,12,10
29,10,1,16,10
29,10,1,6,10
29,10,1,4,10
29,10,1,6,10
29,10,1,13,10
29,10,1,6,10
29,10,1,9,10
29,10,1,15,10
29,10,1,5,10
29,10,1,19,10
29,11,1,13,11
29,11,1,9,11
29,11,1,10,11
29,11,1,5,11
29,11,1,7,11
29,11,1,5,11
29,11,1,11,11
29,11,1,17,11
29,11,1,2,11
29,11,1,3,11
29,11,1,11,11
29,11,1,3,11
29,11,1,14,11
29,11,1,14,11
29,11,1,10,11
29,11,1,6,11
29,11,1,22,11
29,11,1,11,11
29,11,1,8,11
29,11,1,11,11
29,11,1,13,11
29,11,1,6,11
29,11,1,9,11
29,11,1,13,11
29,11,1,7,11
29,11,1,12,11
29,11,1,22,11
29,11,1,4,11
29,11,1,12,11
29,11,1,2,11
29,11,1,4,11
29,11,1,8,11
29,11,1,13,11
29,11,1,7,11
29,11,1,8,11
29,11,1,12,11
29,11,1,16,11
29,11,1,8,11
29,11,1,11,11
29,11,1,12,11
29,11,1,0,11
29,11,1,15,11
29,11,1,9,11
29,11,1,13,11
29,11,1,5,11
29,11,1,9,11
29,11,1,7,11
29,11,1,8,11
29,11,1,9,11
29,11,1,15,11
29,11,1,10,11
29,11,1,19,11
29,11,1,9,11
29,11,1,14,11
29,11,1,14,11
29,11,1,10,11
29,11,1,7,11
29,11,1,9,11
29,11,1,2,11
29,11,1,8,11
29,11,1,7,11
29,11,1,9,11
29,11,1,11,11
29,11,1,5,11
29,11,1,16,11
29,11,1,16,11
29,11,1,3,11
29,11,1,5,11
29,11,1,7,11
29,11,1,9,11
29,11,1,8,11
29,11,1,6,11
29,11,1,3,11
29,11,1,12,11
29,11,1,9,11
29,11,1,18,11
29,11,1,8,11
29,11,1,9,11
29,11,1,4,11
29,11,1,12,11
29,11,1,8,11
29,11,1,10,11
29,11,1,7,11
29,11,1,3,11
29,11,1,8,11
29,11,1,2,11
29,11,1,10,11
29,11,1,9,11
29,11,1,11,11
29,11,1,5,11
29,11,1,10,11
29,11,1,10,11
29,11,1,18,11
29,11,1,4,11
29,11,1,9,11
29,11,1,5,11
29,11,1,4,11
29,11,1,3,11
29,11,1,8,11
29,11,1,3,11
29,12,1,4,12
29,12,1,11,12
29,12,1,11,12
29,12,1,10,12
29,12,1,6,12
29,12,1,11,12
29,12,1,6,12
29,12,1,2,12
29,12,1,9,12
29,12,1,9,12
29,12,1,7,12
29,12,1,8,12
29,12,1,4,12
29,12,1,9,12
29,12,1,7,12
29,12,1,14,12
29,12,1,10,12
29,12,1,12,12
29,12,1,8,12
29,12,1,9,12
29,12,1,12,12
29,12,1,10,12
29,12,1,11,12
29,12,1,10,12
29,12,1,13,12
29,12,1,9,12
29,12,1,14,12
29,12,1,7,12
29,12,1,17,12
29,12,1,6,12
29,12,1,3,12
29,12,1,10,12
29,12,1,9,12
29,12,1,11,12
29,12,1,10,12
29,12,1,6,12
29,12,1,16,12
29,12,1,21,12
29,12,1,12,12
29,12,1,24,12
29,12,1,12,12
29,12,1,19,12
29,12,1,7,12
29,12,1,1,12
29,12,1,3,12
29,12,1,3,12
29,12,1,17,12
29,12,1,20,12
29,12,1,10,12
29,12,1,12,12
29,12,1,11,12
29,12,1,13,12
29,12,1,14,12
29,12,1,9,12
29,12,1,6,12
29,12,1,11,12
29,12,1,10,12
29,12,1,8,12
29,12,1,4,12
29,12,1,15,12
29,12,1,10,12
29,12,1,3,12
29,12,1,5,12
29,12,1,11,12
29,12,1,23,12
29,12,1,13,12
29,12,1,11,12
29,12,1,18,12
29,12,1,8,12
29,12,1,14,12
29,12,1,14,12
29,12,1,4,12
29,12,1,9,12
29,12,1,2,12
29,12,1,10,12
29,12,1,9,12
29,12,1,10,12
29,12,1,12,12
29,12,1,10,12
29,12,1,4,12
29,12,1,12,12
29,12,1,7,12
29,12,1,8,12
29,12,1,14,12
29,12,1,12,12
29,12,1,3,12
29,12,1,5,12
29,12,1,10,12
29,12,1,9,12
29,12,1,6,12
29,12,1,13,12
29,12,1,4,12
29,12,1,11,12
29,12,1,9,12
29,12,1,5,12
29,12,1,9,12
29,12,1,4,12
29,12,1,2,12
29,12,1,13,12
29,12,1,8,12
29,13,1,7,13
29,13,1,20,13
29,13,1,11,13
29,13,1,15,13
29,13,1,15,13
29,13,1,3,13
29,13,1,16,13
29,13,1,14,13
29,13,1,7,13
29,13,1,16,13
29,13,1,4,13
29,13,1,4,13
29,13,1,7,13
29,13,1,15,13
29,13,1,6,13
29,13,1,11,13
29,13,1,14,13
29,13,1,11,13
29,13,1,10,13
29,13,1,22,13
29,13,1,13,13
29,13,1,11,13
29,13,1,9,13
29,13,1,20,13
29,13,1,8,13
29,13,1,13,13
29,13,1,8,13
29,13,1,17,13
29,13,1,9,13
29,13,1,5,13
29,13,1,12,13
29,13,1,13,13
29,13,1,22,13
29,13,1,6,13
29,13,1,7,13
29,13,1,8,13
29,13,1,16,13
29,13,1,7,13
29,13,1,4,13
29,13,1,14,13
29,13,1,11,13
29,13,1,5,13
29,13,1,8,13
29,13,1,8,13
29,13,1,15,13
29,13,1,12,13
29,13,1,15,13
29,13,1,14,13
29,13,1,6,13
29,13,1,3,13
29,13,1,8,13
29,13,1,5,13
29,13,1,11,13
29,13,1,6,13
29,13,1,7,13
29,13,1,11,13
29,13,1,24,13
29,13,1,14,13
29,13,1,17,13
29,13,1,11,13
29,13,1,13,13
29,13,1,5,13
29,13,1,7,13
29,13,1,14,13
29,13,1,11,13
29,13,1,11,13
29,13,1,14,13
29,13,1,6,13
29,13,1,8,13
29,13,1,13,13
29,13,1,10,13
29,13,1,16,13
29,13,1,10,13
29,13,1,16,13
29,13,1,7,13
29,13,1,17,13
29,13,1,21,13
29,13,1,9,13
29,13,1,18,13
29,13,1,11,13
29,13,1,11,13
29,13,1,11,13
29,13,1,11,13
29,13,1,13,13
29,13,1,20,13
29,13,1,9,13
29,13,1,7,13
29,13,1,12,13
29,13,1,11,13
29,13,1,10,13
29,13,1,7,13
29,13,1,15,13
29,13,1,14,13
29,13,1,2,13
29,13,1,20,13
29,13,1,11,13
29,13,1,13,13
29,13,1,3,13
29,13,1,11,13
29,13,1,5,13
29,14,1,3,14
29,14,1,14,14
29,14,1,5,14
29,14,1,11,14
29,14,1,14,14
29,14,1,15,14
29,14,1,16,14
29,14,1,16,14
29,14,1,11,14
29,14,1,17,14
29,14,1,15,14
29,14,1,11,14
29,14,1,13,14
29,14,1,13,14
29,14,1,11,14
29,14,1,4,14
29,14,1,15,14
29,14,1,18,14
29,14,1,9,14
29,14,1,4,14
29,14,1,12,14
29,14,1,10,14
29,14,1,4,14
29,14,1,8,14
29,14,1,6,14
29,14,1,13,14
29,14,1,12,14
29,14,1,10,14
29,14,1,10,14
29,14,1,12,14
29,14,1,2,14
29,14,1,9,14
29,14,1,11,14
29,14,1,8,14
29,14,1,1,14
29,14,1,9,14
29,14,1,18,14
29,14,1,18,14
29,14,1,13,14
29,14,1,16,14
29,14,1,11,14
29,14,1,16,14
29,14,1,2,14
29,14,1,14,14
29,14,1,16,14
29,14,1,9,14
29,14,1,9,14
29,14,1,11,14
29,14,1,11,14
29,14,1,13,14
29,14,1,14,14
29,14,1,18,14
29,14,1,19,14
29,14,1,9,14
29,14,1,6,14
29,14,1,17,14
29,14,1,8,14
29,14,1,17,14
29,14,1,6,14
29,14,1,6,14
29,14,1,12,14
29,14,1,9,14
29,14,1,11,14
29,14,1,11,14
29,14,1,24,14
29,14,1,8,14
29,14,1,9,14
29,14,1,5,14
29,14,1,19,14
29,14,1,15,14
29,14,1,6,14
29,14,1,16,14
29,14,1,10,14
29,14,1,26,14
29,14,1,11,14
29,14,1,5,14
29,14,1,10,14
29,14,1,6,14
29,14,1,5,14
29,14,1,9,14
29,14,1,6,14
29,14,1,16,14
29,14,1,21,14
29,14,1,12,14
29,14,1,16,14
29,14,1,14,14
29,14,1,13,14
29,14,1,8,14
29,14,1,13,14
29,14,1,11,14
29,14,1,12,14
29,14,1,7,14
29,14,1,13,14
29,14,1,10,14
29,14,1,20,14
29,14,1,5,14
29,14,1,18,14
29,14,1,7,14
29,14,1,8,14
29,14,1,22,14
29,15,1,11,15
29,15,1,17,15
29,15,1,14,15
29,15,1,10,15
29,15,1,12,15
29,15,1,12,15
29,15,1,23,15
29,15,1,11,15
29,15,1,9,15
29,15,1,14,15
29,15,1,8,15
29,15,1,21,15
29,15,1,9,15
29,15,1,19,15
29,15,1,14,15
29,15,1,8,15
29,15,1,21,15
29,15,1,8,15
29,15,1,4,15
29,15,1,9,15
29,15,1,9,15
29,15,1,19,15
29,15,1,12,15
29,15,1,24,15
29,15,1,11,15
29,15,1,18,15
29,15,1,24,15
29,15,1,6,15
29,15,1,13,15
29,15,1,16,15
29,15,1,13,15
29,15,1,12,15
29,15,1,9,15
29,15,1,21,15
29,15,1,3,15
29,15,1,15,15
29,15,1,5,15
29,15,1,15,15
29,15,1,14,15
29,15,1,5,15
29,15,1,8,15
29,15,1,23,15
29,15,1,13,15
29,15,1,19,15
29,15,1,16,15
29,15,1,9,15
29,15,1,9,15
29,15,1,18,15
29,15,1,25,15
29,15,1,17,15
29,15,1,15,15
29,15,1,8,15
29,15,1,4,15
29,15,1,7,15
29,15,1,16,15
29,15,1,13,15
29,15,1,14,15
29,15,1,13,15
29,15,1,22,15
29,15,1,7,15
29,15,1,16,15
29,15,1,13,15
29,15,1,15,15
29,15,1,11,15
29,15,1,9,15
29,15,1,11,15
29,15,1,7,15
29,15,1,18,15
29,15,1,8,15
29,15,1,9,15
29,15,1,6,15
29,15,1,5,15
29,15,1,6,15
29,15,1,6,15
29,15,1,4,15
29,15,1,13,15
29,15,1,10,15
29,15,1,15,15
29,15,1,9,15
29,15,1,15,15
29,15,1,12,15
29,15,1,7,15
29,15,1,22,15
29,15,1,4,15
29,15,1,17,15
29,15,1,6,15
29,15,1,9,15
29,15,1,13,15
29,15,1,19,15
29,15,1,9,15
29,15,1,8,15
29,15,1,14,15
29,15,1,16,15
29,15,1,14,15
29,15,1,21,15
29,15,1,10,15
29,15,1,12,15
29,15,1,10,15
29,15,1,8,15
29,15,1,12,15
29,16,1,8,16
29,16,1,9,16
29,16,1,16,16
29,16,1,16,16
29,16,1,11,16
29,16,1,15,16
29,16,1,20,16
29,16,1,18,16
29,16,1,6,16
29,16,1,13,16
29,16,1,13,16
29,16,1,6,16
29,16,1,8,16
29,16,1,17,16
29,16,1,23,16
29,16,1,18,16
29,16,1,17,16
29,16,1,15,16
29,16,1,14,16
29,16,1,14,16
29,16,1,13,16
29,16,1,7,16
29,16,1,12,16
29,16,1,6,16
29,16,1,14,16
29,16,1,13,16
29,16,1,13,16
29,16,1,17,16
29,16,1,13,16
29,16,1,23,16
29,16,1,17,16
29,16,1,11,16
29,16,1,11,16
29,16,1,11,16
29,16,1,12,16
29,16,1,24,16
29,16,0,28,13
29,16,1,13,16
29,16,1,17,16
29,16,1,17,16
29,16,1,8,16
29,16,1,15,16
29,16,1,10,16
29,16,1,15,16
29,16,1,7,16
29,16,1,14,16
29,16,1,23,16
29,16,1,17,16
29,16,1,7,16
29,16,1,15,16
29,16,1,10,16
29,16,1,6,16
29,16,1,23,16
29,16,1,10,16
29,16,1,19,16
29,16,1,10,16
29,16,1,13,16
29,16,1,15,16
29,16,1,19,16
29,16,1,19,16
29,16,1,12,16
29,16,1,15,16
29,16,1,12,16
29,16,1,20,16
29,16,1,9,16
29,16,1,17,16
29,16,1,6,16
29,16,1,8,16
29,16,1,12,16
29,16,1,16,16
29,16,1,7,16
29,16,1,7,16
29,16,1,14,16
29,16,1,15,16
29,16,1,8,16
29,16,0,28,14
29,16,1,9,16
29,16,1,12,16
29,16,1,16,16
29,16,1,17,16
29,16,1,17,16
29,16,1,16,16
29,16,1,11,16
29,16,1,14,16
29,16,1,10,16
29,16,1,15,16
29,16,1,11,16
29,16,1,25,16
29,16,1,14,16
29,16,1,25,16
29,16,1,14,16
29,16,1,14,16
29,16,1,13,16
29,16,1,17,16
29,16,1,7,16
29,16,1,17,16
29,16,1,12,16
29,16,1,14,16
29,16,1,16,16
29,16,1,12,16
29,17,1,12,17
29,17,1,11,17
29,17,1,13,17
29,17,1,14,17
29,17,1,10,17
29,17,1,6,17
29,17,1,13,17
29,17,1,10,17
29,17,1,15,17
29,17,1,16,17
29,17,1,16,17
29,17,1,5,17
29,17,1,10,17
29,17,1,13,17
29,17,1,12,17
29,17,1,8,17
29,17,1,19,17
29,17,1,23,17
29,17,1,8,17
29,17,1,18,17
29,17,1,5,17
29,17,1,13,17
29,17,1,10,17
29,17,1,6,17
29,17,1,19,17
29,17,1,17,17
29,17,1,18,17
29,17,1,15,17
29,17,1,6,17
29,17,1,9,17
29,17,1,19,17
29,17,1,19,17
29,17,1,21,17
29,17,1,21,17
29,17,1,8,17
29,17,1,7,17
29,17,1,20,17
29,17,1,22,17
29,17,1,5,17
29,17,1,4,17
29,17,1,22,17
29,17,1,22,17
29,17,1,8,17
29,17,1,18,17
29,17,1,16,17
29,17,1,17,17
29,17,1,16,17
29,17,1,13,17
29,17,1,11,17
29,17,1,16,17
29,17,0,28,14
29,17,1,10,17
29,17,1,13,17
29,17,1,11,17
29,17,1,18,17
29,17,1,20,17
29,17,1,8,17
29,17,1,5,17
29,17,1,11,17
29,17,1,18,17
29,17,0,28,15
29,17,1,13,17
29,17,1,26,17
29,17,1,8,17
29,17,1,15,17
29,17,1,20,17
29,17,1,17,17
29,17,1,14,17
29,17,1,14,17
29,17,1,18,17
29,17,1,13,17
29,17,1,18,17
29,17,1,11,17
29,17,1,8,17
29,17,1,17,17
29,17,1,17,17
29,17,1,10,17
29,17,1,6,17
29,17,1,15,17
29,17,1,21,17
29,17,1,18,17
29,17,1,14,17
29,17,1,14,17
29,17,1,13,17
29,17,1,5,17
29,17,1,8,17
29,17,1,19,17
29,17,1,17,17
29,17,1,23,17
29,17,1,19,17
29,17,1,15,17
29,17,1,9,17
29,17,1,6,17
29,17,1,24,17
29,17,1,12,17
29,17,0,28,12
29,17,1,19,17
29,17,1,17,17
29,17,1,10,17
29,17,0,28,16
29,18,1,19,18
29,18,1,7,18
29,18,1,10,18
29,18,1,16,18
29,18,1,8,18
29,18,1,13,18
29,18,1,15,18
29,18,1,18,18
29,18,0,28,14
29,18,1,16,18
29,18,1,16,18
29,18,1,15,18
29,18,1,21,18
29,18,1,10,18
29,18,1,15,18
29,18,1,8,18
29,18,1,19,18
29,18,1,16,18
29,18,1,18,18
29,18,1,10,18
29,18,1,19,18
29,18,1,8,18
29,18,1,14,18
29,18,1,16,18
29,18,1,21,18
29,18,1,25,18
29,18,1,13,18
29,18,1,16,18
29,18,1,8,18
29,18,1,19,18
29,18,0,28,16
29,18,1,13,18
29,18,1,12,18
29,18,1,9,18
29,18,1,14,18
29,18,1,17,18
29,18,1,22,18
29,18,1,21,18
29,18,1,21,18
29,18,1,13,18
29,18,0,28,13
29,18,1,19,18
29,18,1,15,18
29,18,1,22,18
29,18,1,15,18
29,18,1,15,18
29,18,1,11,18
29,18,1,19,18
29,18,1,19,18
29,18,1,18,18
29,18,1,20,18
29,18,1,22,18
29,18,1,12,18
29,18,1,18,18
29,18,1,15,18
29,18,1,14,18
29,18,1,17,18
29,18,1,15,18
29,18,1,13,18
29,18,1,9,18
29,18,1,17,18
29,18,1,13,18
29,18,1,15,18
29,18,1,17,18
29,18,1,11,18
29,18,1,10,18
29,18,1,12,18
29,18,1,16,18
29,18,1,18,18
29,18,1,7,18
29,18,1,10,18
29,18,1,15,18
29,18,1,22,18
29,18,1,16,18
29,18,1,9,18
29,18,0,28,16
29,18,1,10,18
29,18,1,10,18
29,18,1,16,18
29,18,1,14,18
29,18,1,17,18
29,18,1,14,18
29,18,1,19,18
29,18,1,7,18
29,18,1,19,18
29,18,1,15,18
29,18,1,16,18
29,18,1,12,18
29,18,1,8,18
29,18,1,21,18
29,18,1,18,18
29,18,1,17,18
29,18,1,5,18
29,18,1,12,18
29,18,1,10,18
29,18,1,7,18
29,18,1,18,18
29,18,1,18,18
29,18,1,22,18
29,18,1,6,18
29,19,1,22,19
29,19,1,9,19
29,19,1,21,19
29,19,1,11,19
29,19,1,19,19
29,19,1,19,19
29,19,1,13,19
29,19,1,17,19
29,19,1,26,19
29,19,1,14,19
29,19,1,18,19
29,19,1,10,19
29,19,1,21,19
29,19,1,12,19
29,19,1,14,19
29,19,1,6,19
29,19,1,15,19
29,19,1,13,19
29,19,1,14,19
29,19,1,10,19
29,19,1,17,19
29,19,1,19,19
29,19,1,21,19
29,19,1,6,19
29,19,1,5,19
29,19,0,28,18
29,19,1,14,19
29,19,1,23,19
29,19,1,18,19
29,19,1,11,19
29,19,1,10,19
29,19,1,15,19
29,19,1,11,19
29,19,1,9,19
29,19,1,21,19
29,19,1,21,19
29,19,1,11,19
29,19,1,9,19
29,19,1,13,19
29,19,1,19,19
29,19,1,14,19
29,19,1,17,19
29,19,1,11,19
29,19,1,15,19
29,19,1,18,19
29,19,1,15,19
29,19,1,20,19
29,19,1,10,19
29,19,1,12,19
29,19,1,23,19
29,19,1,19,19
29,19,1,13,19
29,19,1,18,19
29,19,1,15,19
29,19,1,10,19
29,19,1,8,19
29,19,1,18,19
29,19,1,15,19
29,19,1,22,19
29,19,1,21,19
29,19,1,18,19
29,19,1,10,19
29,19,1,11,19
29,19,1,12,19
29,19,1,21,19
29,19,1,17,19
29,19,1,2,19
29,19,1,17,19
29,19,1,12,19
29,19,1,15,19
29,19,1,15,19
29,19,1,26,19
29,19,1,18,19
29,19,1,17,19
29,19,1,15,19
29,19,1,11,19
29,19,1,22,19
29,19,1,17,19
29,19,1,12,19
29,19,1,9,19
29,19,1,14,19
29,19,1,16,19
29,19,1,25,19
29,19,1,13,19
29,19,1,18,19
29,19,1,14,19
29,19,1,8,19
29,19,1,9,19
29,19,1,24,19
29,19,1,26,19
29,19,1,23,19
29,19,1,15,19
29,19,1,17,19
29,19,1,11,19
29,19,1,12,19
29,19,1,9,19
29,19,1,19,19
29,19,1,10,19
29,19,1,12,19
29,19,1,14,19
29,20,1,18,20
29,20,0,28,16
29,20,1,20,20
29,20,0,28,18
29,20,1,11,20
29,20,1,26,20
29,20,1,20,20
29,20,1,25,20
29,20,1,21,20
29,20,1,16,20
29,20,1,11,20
29,20,1,19,20
29,20,0,28,19
29,20,1,13,20
29,20,1,17,20
29,20,1,22,20
29,20,1,16,20
29,20,1,15,20
29,20,1,14,20
29,20,1,12,20
29,20,1,15,20
29,20,0,28,19
29,20,1,13,20
29,20,1,12,20
29,20,1,16,20
29,20,1,14,20
29,20,1,13,20
29,20,1,15,20
29,20,1,12,20
29,20,1,14,20
29,20,1,24,20
29,20,1,16,20
29,20,0,28,18
29,20,1,17,20
29,20,1,15,20
29,20,1,22,20
29,20,1,18,20
29,20,1,6,20
29,20,1,14,20
29,20,1,16,20
29,20,1,17,20
29,20,1,16,20
29,20,1,13,20
29,20,1,15,20
29,20,1,20,20
29,20,1,23,20
29,20,1,7,20
29,20,1,8,20
29,20,1,24,20
29,20,1,14,20
29,20,1,20,20
29,20,1,22,20
29,20,1,13,20
29,20,1,18,20
29,20,1,18,20
29,20,1,13,20
29,20,1,16,20
29,20,0,28,18
29,20,1,15,20
29,20,1,21,20
29,20,1,16,20
29,20,0,28,18
29,20,1,8,20
29,20,1,20,20
29,20,1,13,20
29,20,1,10,20
29,20,1,14,20
29,20,1,19,20
29,20,1,15,20
29,20,1,7,20
29,20,1,7,20
29,20,1,20,20
29,20,1,9,20
29,20,1,14,20
29,20,1,14,20
29,20,1,17,20
29,20,1,15,20
29,20,1,18,20
29,20,1,5,20
29,20,0,28,18
29,20,1,15,20
29,20,1,12,20
29,20,1,14,20
29,20,1,8,20
29,20,1,18,20
29,20,1,19,20
29,20,1,18,20
29,20,1,21,20
29,20,1,14,20
29,20,1,17,20
29,20,1,16,20
29,20,1,19,20
29,20,1,25,20
29,20,1,10,20
29,20,1,16,20
29,20,1,14,20
29,20,1,16,20
29,20,1,17,20
29,20,1,18,20
29,20,1,16,20
30,1,1,0,1
30,1,1,0,1
30,1,1,0,1
30,1,1,0,1
30,1,1,0,1
30,1,1,0,1
30,1,1,0,1
30,1,1,1,1
30,1,1,0,1
30,1,1,0,1
30,1,1,3,1
30,1,1,0,1
30,1,1,0,1
30,1,1,2,1
30,1,1,1,1
30,1,1,0,1
30,1,1,2,1
30,1,1,0,1
30,1,1,0,1
30,1,1,0,1
30,1,1,1,1
30,1,1,0,1
30,1,1,0,1
30,1,1,2,1
30,1,1,0,1
30,1,1,0,1
30,1,1,2,1
30,1,1,4,1
30,1,1,1,1
30,1,1,2,1
30,1,1,1,1
30,1,1,1,1
30,1,1,2,1
30,1,1,0,1
30,1,1,0,1
30,1,1,0,1
30,1,1,0,1
30,1,1,0,1
30,1,1,0,1
30,1,1,0,1
30,1,1,1,1
30,1,1,0,1
30,1,1,0,1
30,1,1,0,1
30,1,1,0,1
30,1,1,0,1
30,1,1,1,1
30,1,1,0,1
30,1,1,0,1
30,1,1,2,1
30,1,1,0,1
30,1,1,0,1
30,1,1,0,1
30,1,1,0,1
30,1,1,2,1
30,1,1,0,1
30,1,1,1,1
30,1,1,0,1
30,1,1,0,1
30,1,1,0,1
30,1,1,0,1
30,1,1,0,1
30,1,1,2,1
30,1,1,1,1
30,1,1,1,1
30,1,1,0,1
30,1,1,0,1
30,1,1,0,1
30,1,1,0,1
30,1,1,2,1
30,1,1,0,1
30,1,1,1,1
30,1,1,0,1
30,1,1,0,1
30,1,1,3,1
30,1,1,0,1
30,1,1,2,1
30,1,1,1,1
30,1,1,1,1
30,1,1,0,1
30,1,1,0,1
30,1,1,0,1
30,1,1,0,1
30,1,1,0,1
30,1,1,1,1
30,1,1,1,1
30,1,1,0,1
30,1,1,0,1
30,1,1,1,1
30,1,1,0,1
30,1,1,0,1
30,1,1,0,1
30,1,1,2,1
30,1,1,0,1
30,1,1,0,1
30,1,1,0,1
30,1,1,1,1
30,1,1,0,1
30,1,1,1,1
30,1,1,0,1
30,2,1,5,2
30,2,1,1,2
30,2,1,0,2
30,2,1,0,2
30,2,1,0,2
30,2,1,1,2
30,2,1,0,2
30,2,1,0,2
30,2,1,2,2
30,2,1,0,2
30,2,1,1,2
30,2,1,3,2
30,2,1,5,2
30,2,1,0,2
30,2,1,3,2
30,2,1,2,2
30,2,1,0,2
30,2,1,3,2
30,2,1,2,2
30,2,1,0,2
30,2,1,3,2
30,2,1,0,2
30,2,1,6,2
30,2,1,2,2
30,2,1,9,2
30,2,1,3,2
30,2,1,1,2
30,2,1,1,2
30,2,1,2,2
30,2,1,1,2
30,2,1,2,2
30,2,1,0,2
30,2,1,4,2
30,2,1,2,2
30,2,1,2,2
30,2,1,3,2
30,2,1,0,2
30,2,1,0,2
30,2,1,2,2
30,2,1,4,2
30,2,1,2,2
30,2,1,3,2
30,2,1,0,2
30,2,1,1,2
30,2,1,6,2
30,2,1,4,2
30,2,1,4,2
30,2,1,1,2
30,2,1,0,2
30,2,1,0,2
30,2,1,0,2
30,2,1,1,2
30,2,1,10,2
30,2,1,1,2
30,2,1,0,2
30,2,1,1,2
30,2,1,3,2
30,2,1,1,2
30,2,1,0,2
30,2,1,0,2
30,2,1,2,2
30,2,1,1,2
30,2,1,4,2
30,2,1,3,2
30,2,1,1,2
30,2,1,0,2
30,2,1,0,2
30,2,1,1,2
30,2,1,0,2
30,2,1,7,2
30,2,1,8,2
30,2,1,0,2
30,2,1,6,2
30,2,1,0,2
30,2,1,1,2
30,2,1,1,2
30,2,1,2,2
30,2,1,2,2
30,2,1,2,2
30,2,1,0,2
30,2,1,2,2
30,2,1,0,2
30,2,1,3,2
30,2,1,0,2
30,2,1,1,2
30,2,1,3,2
30,2,1,0,2
30,2,1,0,2
30,2,1,2,2
30,2,1,1,2
30,2,1,0,2
30,2,1,2,2
30,2,1,1,2
30,2,1,2,2
30,2,1,0,2
30,2,1,6,2
30,2,1,0,2
30,2,1,1,2
30,2,1,2,2
30,2,1,0,2
30,3,1,2,3
30,3,1,0,3
30,3,1,0,3
30,3,1,3,3
30,3,1,3,3
30,3,1,5,3
30,3,1,1,3
30,3,1,1,3
30,3,1,1,3
30,3,1,3,3
30,3,1,6,3
30,3,1,4,3
30,3,1,1,3
30,3,1,3,3
30,3,1,4,3
30,3,1,3,3
30,3,1,2,3
30,3,1,5,3
30,3,1,0,3
30,3,1,6,3
30,3,1,1,3
30,3,1,3,3
30,3,1,1,3
30,3,1,0,3
30,3,1,0,3
30,3,1,2,3
30,3,1,0,3
30,3,1,0,3
30,3,1,0,3
30,3,1,2,3
30,3,1,0,3
30,3,1,1,3
30,3,1,0,3
30,3,1,2,3
30,3,1,1,3
30,3,1,0,3
30,3,1,0,3
30,3,1,0,3
30,3,1,0,3
30,3,1,0,3
30,3,1,2,3
30,3,1,2,3
30,3,1,3,3
30,3,1,0,3
30,3,1,4,3
30,3,1,1,3
30,3,1,3,3
30,3,1,0,3
30,3,1,1,3
30,3,1,2,3
30,3,1,5,3
30,3,1,5,3
30,3,1,0,3
30,3,1,0,3
30,3,1,4,3
30,3,1,1,3
30,3,1,7,3
30,3,1,0,3
30,3,1,4,3
30,3,1,4,3
30,3,1,0,3
30,3,1,4,3
30,3,1,0,3
30,3,1,0,3
30,3,1,0,3
30,3,1,2,3
30,3,1,2,3
30,3,1,0,3
30,3,1,10,3
30,3,1,3,3
30,3,1,5,3
30,3,1,0,3
30,3,1,3,3
30,3,1,2,3
30,3,1,0,3
30,3,1,3,3
30,3,1,1,3
30,3,1,2,3
30,3,1,3,3
30,3,1,0,3
30,3,1,1,3
30,3,1,2,3
30,3,1,0,3
30,3,1,4,3
30,3,1,1,3
30,3,1,1,3
30,3,1,3,3
30,3,1,0,3
30,3,1,2,3
30,3,1,1,3
30,3,1,4,3
30,3,1,5,3
30,3,1,6,3
30,3,1,2,3
30,3,1,0,3
30,3,1,6,3
30,3,1,6,3
30,3,1,0,3
30,3,1,3,3
30,3,1,0,3
30,4,1,5,4
30,4,1,4,4
30,4,1,0,4
30,4,1,4,4
30,4,1,6,4
30,4,1,2,4
30,4,1,1,4
30,4,1,1,4
30,4,1,1,4
30,4,1,6,4
30,4,1,8,4
30,4,1,0,4
30,4,1,1,4
30,4,1,0,4
30,4,1,6,4
30,4,1,3,4
30,4,1,1,4
30,4,1,4,4
30,4,1,1,4
30,4,1,4,4
30,4,1,2,4
30,4,1,0,4
30,4,1,0,4
30,4,1,4,4
30,4,1,6,4
30,4,1,6,4
30,4,1,2,4
30,4,1,0,4
30,4,1,4,4
30,4,1,3,4
30,4,1,0,4
30,4,1,4,4
30,4,1,4,4
30,4,1,10,4
30,4,1,6,4
30,4,1,7,4
30,4,1,0,4
30,4,1,0,4
30,4,1,7,4
30,4,1,3,4
30,4,1,6,4
30,4,1,8,4
30,4,1,1,4
30,4,1,1,4
30,4,1,9,4
30,4,1,2,4
30,4,1,1,4
30,4,1,8,4
30,4,1,1,4
30,4,1,1,4
30,4,1,0,4
30,4,1,0,4
30,4,1,4,4
30,4,1,0,4
30,4,1,4,4
30,4,1,7,4
30,4,1,4,4
30,4,1,10,4
30,4,1,4,4
30,4,1,0,4
30,4,1,2,4
30,4,1,2,4
30,4,1,6,4
30,4,1,4,4
30,4,1,2,4
30,4,1,1,4
30,4,1,6,4
30,4,1,4,4
30,4,1,0,4
30,4,1,1,4
30,4,1,2,4
30,4,1,0,4
30,4,1,4,4
30,4,1,1,4
30,4,1,3,4
30,4,1,1,4
30,4,1,3,4
30,4,1,3,4
30,4,1,5,4
30,4,1,4,4
30,4,1,7,4
30,4,1,5,4
30,4,1,7,4
30,4,1,4,4
30,4,1,4,4
30,4,1,1,4
30,4,1,3,4
30,4,1,5,4
30,4,1,1,4
30,4,1,0,4
30,4,1,0,4
30,4,1,5,4
30,4,1,5,4
30,4,1,0,4
30,4,1,1,4
30,4,1,4,4
30,4,1,5,4
30,4,1,1,4
30,4,1,3,4
30,4,1,0,4
30,5,1,3,5
30,5,1,2,5
30,5,1,0,5
30,5,1,1,5
30,5,1,5,5
30,5,1,7,5
30,5,1,4,5
30,5,1,4,5
30,5,1,4,5
30,5,1,0,5
30,5,1,6,5
30,5,1,9,5
30,5,1,7,5
30,5,1,0,5
30,5,1,0,5
30,5,1,2,5
30,5,1,0,5
30,5,1,2,5
30,5,1,0,5
30,5,1,0,5
30,5,1,4,5
30,5,1,5,5
30,5,1,4,5
30,5,1,3,5
30,5,1,4,5
30,5,1,7,5
30,5,1,2,5
30,5,1,4,5
30,5,1,2,5
30,5,1,1,5
30,5,1,7,5
30,5,1,7,5
30,5,1,7,5
30,5,1,8,5
30,5,1,2,5
30,5,1,8,5
30,5,1,0,5
30,5,1,17,5
30,5,1,10,5
30,5,1,3,5
30,5,1,4,5
30,5,1,3,5
30,5,1,12,5
30,5,1,1,5
30,5,1,3,5
30,5,1,2,5
30,5,1,4,5
30,5,1,4,5
30,5,1,3,5
30,5,1,4,5
30,5,1,0,5
30,5,1,6,5
30,5,1,12,5
30,5,1,11,5
30,5,1,5,5
30,5,1,4,5
30,5,1,3,5
30,5,1,2,5
30,5,1,4,5
30,5,1,4,5
30,5,1,0,5
30,5,1,2,5
30,5,1,1,5
30,5,1,2,5
30,5,1,1,5
30,5,1,4,5
30,5,1,1,5
30,5,1,0,5
30,5,1,3,5
30,5,1,6,5
30,5,1,5,5
30,5,1,2,5
30,5,1,0,5
30,5,1,9,5
30,5,1,1,5
30,5,1,2,5
30,5,1,2,5
30,5,1,5,5
30,5,1,3,5
30,5,1,5,5
30,5,1,6,5
30,5,1,6,5
30,5,1,7,5
30,5,1,6,5
30,5,1,1,5
30,5,1,9,5
30,5,1,5,5
30,5,1,8,5
30,5,1,3,5
30,5,1,3,5
30,5,1,2,5
30,5,1,2,5
30,5,1,4,5
30,5,1,5,5
30,5,1,4,5
30,5,1,4,5
30,5,1,5,5
30,5,1,3,5
30,5,1,9,5
30,5,1,3,5
30,6,1,3,6
30,6,1,2,6
30,6,1,0,6
30,6,1,5,6
30,6,1,1,6
30,6,1,1,6
30,6,1,7,6
30,6,1,3,6
30,6,1,13,6
30,6,1,6,6
30,6,1,8,6
30,6,1,1,6
30,6,1,5,6
30,6,1,10,6
30,6,1,4,6
30,6,1,2,6
30,6,1,16,6
30,6,1,1,6
30,6,1,5,6
30,6,1,2,6
30,6,1,6,6
30,6,1,3,6
30,6,1,5,6
30,6,1,4,6
30,6,1,5,6
30,6,1,3,6
30,6,1,4,6
30,6,1,3,6
30,6,1,3,6
30,6,1,7,6
30,6,1,10,6
30,6,1,3,6
30,6,1,8,6
30,6,1,0,6
30,6,1,6,6
30,6,1,5,6
30,6,1,3,6
30,6,1,7,6
30,6,1,5,6
30,6,1,13,6
30,6,1,2,6
30,6,1,6,6
30,6,1,2,6
30,6,1,7,6
30,6,1,4,6
30,6,1,6,6
30,6,1,3,6
30,6,1,10,6
30,6,1,6,6
30,6,1,1,6
30,6,1,0,6
30,6,1,2,6
30,6,1,14,6
30,6,1,7,6
30,6,1,1,6
30,6,1,7,6
30,6,1,3,6
30,6,1,8,6
30,6,1,7,6
30,6,1,6,6
30,6,1,2,6
30,6,1,7,6
30,6,1,17,6
30,6,1,1,6
30,6,1,5,6
30,6,1,2,6
30,6,1,7,6
30,6,1,1,6
30,6,1,4,6
30,6,1,8,6
30,6,1,7,6
30,6,1,1,6
30,6,1,0,6
30,6,1,1,6
30,6,1,5,6
30,6,1,7,6
30,6,1,11,6
30,6,1,17,6
30,6,1,9,6
30,6,1,4,6
30,6,1,4,6
30,6,1,10,6
30,6,1,4,6
30,6,1,3,6
30,6,1,5,6
30,6,1,5,6
30,6,1,1,6
30,6,1,6,6
30,6,1,4,6
30,6,1,1,6
30,6,1,1,6
30,6,1,2,6
30,6,1,0,6
30,6,1,4,6
30,6,1,2,6
30,6,1,8,6
30,6,1,4,6
30,6,1,7,6
30,6,1,6,6
30,6,1,5,6
30,7,1,4,7
30,7,1,14,7
30,7,1,4,7
30,7,1,8,7
30,7,1,6,7
30,7,1,11,7
30,7,1,5,7
30,7,1,1,7
30,7,1,7,7
30,7,1,8,7
30,7,1,1,7
30,7,1,7,7
30,7,1,3,7
30,7,1,7,7
30,7,1,5,7
30,7,1,9,7
30,7,1,9,7
30,7,1,11,7
30,7,1,4,7
30,7,1,4,7
30,7,1,9,7
30,7,1,6,7
30,7,1,14,7
30,7,1,8,7
30,7,1,1,7
30,7,1,6,7
30,7,1,5,7
30,7,1,2,7
30,7,1,4,7
30,7,1,11,7
30,7,1,1,7
30,7,1,5,7
30,7,1,11,7
30,7,1,7,7
30,7,1,12,7
30,7,1,8,7
30,7,1,10,7
30,7,1,4,7
30,7,1,4,7
30,7,1,1,7
30,7,1,0,7
30,7,1,2,7
30,7,1,6,7
30,7,1,1,7
30,7,1,4,7
30,7,1,4,7
30,7,1,5,7
30,7,1,1,7
30,7,1,6,7
30,7,1,3,7
30,7,1,6,7
30,7,1,8,7
30,7,1,5,7
30,7,1,11,7
30,7,1,6,7
30,7,1,3,7
30,7,1,6,7
30,7,1,4,7
30,7,1,7,7
30,7,1,7,7
30,7,1,6,7
30,7,1,12,7
30,7,1,5,7
30,7,1,3,7
30,7,1,3,7
30,7,1,8,7
30,7,1,5,7
30,7,1,6,7
30,7,1,3,7
30,7,1,2,7
30,7,1,2,7
30,7,1,3,7
30,7,1,11,7
30,7,1,9,7
30,7,1,1,7
30,7,1,6,7
30,7,1,4,7
30,7,1,13,7
30,7,1,13,7
30,7,1,7,7
30,7,1,1,7
30,7,1,2,7
30,7,1,1,7
30,7,1,0,7
30,7,1,9,7
30,7,1,2,7
30,7,1,10,7
30,7,1,7,7
30,7,1,1,7
30,7,1,6,7
30,7,1,2,7
30,7,1,1,7
30,7,1,9,7
30,7,1,6,7
30,7,1,5,7
30,7,1,1,7
30,7,1,2,7
30,7,1,8,7
30,7,1,3,7
30,7,1,4,7
30,8,1,4,8
30,8,1,8,8
30,8,1,3,8
30,8,1,6,8
30,8,1,8,8
30,8,1,13,8
30,8,1,14,8
30,8,1,13,8
30,8,1,1,8
30,8,1,3,8
30,8,1,9,8
30,8,1,2,8
30,8,1,8,8
30,8,1,7,8
30,8,1,4,8
30,8,1,8,8
30,8,1,3,8
30,8,1,8,8
30,8,1,5,8
30,8,1,4,8
30,8,1,15,8
30,8,1,4,8
30,8,1,6,8
30,8,1,5,8
30,8,1,4,8
30,8,1,11,8
30,8,1,3,8
30,8,1,6,8
30,8,1,12,8
30,8,1,5,8
30,8,1,2,8
30,8,1,1,8
30,8,1,5,8
30,8,1,4,8
30,8,1,7,8
30,8,1,5,8
30,8,1,6,8
30,8,1,10,8
30,8,1,9,8
30,8,1,9,8
30,8,1,7,8
30,8,1,6,8
30,8,1,5,8
30,8,1,6,8
30,8,1,1,8
30,8,1,2,8
30,8,1,0,8
30,8,1,9,8
30,8,1,2,8
30,8,1,11,8
30,8,1,1,8
30,8,1,2,8
30,8,1,10,8
30,8,1,5,8
30,8,1,9,8
30,8,1,6,8
30,8,1,4,8
30,8,1,6,8
30,8,1,12,8
30,8,1,2,8
30,8,1,2,8
30,8,1,5,8
30,8,1,1,8
30,8,1,2,8
30,8,1,12,8
30,8,1,3,8
30,8,1,12,8
30,8,1,9,8
30,8,1,4,8
30,8,1,13,8
30,8,1,9,8
30,8,1,4,8
30,8,1,6,8
30,8,1,5,8
30,8,1,8,8
30,8,1,6,8
30,8,1,3,8
30,8,1,11,8
30,8,1,10,8
30,8,1,9,8
30,8,1,3,8
30,8,1,13,8
30,8,1,5,8
30,8,1,16,8
30,8,1,13,8
30,8,1,4,8
30,8,1,10,8
30,8,1,6,8
30,8,1,2,8
30,8,1,7,8
30,8,1,7,8
30,8,1,4,8
30,8,1,3,8
30,8,1,5,8
30,8,1,9,8
30,8,1,5,8
30,8,1,5,8
30,8,1,9,8
30,8,1,5,8
30,8,1,3,8
30,9,1,6,9
30,9,1,5,9
30,9,1,6,9
30,9,1,14,9
30,9,1,5,9
30,9,1,4,9
30,9,1,2,9
30,9,1,8,9
30,9,1,8,9
30,9,1,4,9
30,9,1,16,9
30,9,1,5,9
30,9,1,3,9
30,9,1,2,9
30,9,1,5,9
30,9,1,3,9
30,9,1,3,9
30,9,1,3,9
30,9,1,8,9
30,9,1,7,9
30,9,1,10,9
30,9,1,11,9
30,9,1,6,9
30,9,1,3,9
30,9,1,6,9
30,9,1,11,9
30,9,1,4,9
30,9,1,11,9
30,9,1,5,9
30,9,1,11,9
30,9,1,10,9
30,9,1,7,9
30,9,1,5,9
30,9,1,2,9
30,9,1,11,9
30,9,1,8,9
30,9,1,2,9
30,9,1,1,9
30,9,1,4,9
30,9,1,5,9
30,9,1,4,9
30,9,1,15,9
30,9,1,8,9
30,9,1,2,9
30,9,1,6,9
30,9,1,10,9
30,9,1,2,9
30,9,1,3,9
30,9,1,9,9
30,9,1,1,9
30,9,1,9,9
30,9,1,7,9
30,9,1,10,9
30,9,1,11,9
30,9,1,11,9
30,9,1,12,9
30,9,1,14,9
30,9,1,11,9
30,9,1,13,9
30,9,1,9,9
30,9,1,5,9
30,9,1,8,9
30,9,1,7,9
30,9,1,13,9
30,9,1,10,9
30,9,1,9,9
30,9,1,4,9
30,9,1,19,9
30,9,1,7,9
30,9,1,3,9
30,9,1,11,9
30,9,1,7,9
30,9,1,13,9
30,9,1,7,9
30,9,1,7,9
30,9,1,16,9
30,9,1,4,9
30,9,1,13,9
30,9,1,7,9
30,9,1,9,9
30,9,1,5,9
30,9,1,5,9
30,9,1,8,9
30,9,1,4,9
30,9,1,6,9
30,9,1,4,9
30,9,1,3,9
30,9,1,9,9
30,9,1,7,9
30,9,1,10,9
30,9,1,13,9
30,9,1,4,9
30,9,1,11,9
30,9,1,7,9
30,9,1,5,9
30,9,1,6,9
30,9,1,5,9
30,9,1,10,9
30,9,1,3,9
30,9,1,7,9
30,10,1,11,10
30,10,1,2,10
30,10,1,5,10
30,10,1,13,10
30,10,1,8,10
30,10,1,10,10
30,10,1,13,10
30,10,1,8,10
30,10,1,12,10
30,10,1,2,10
30,10,1,3,10
30,10,1,11,10
30,10,1,10,10
30,10,1,15,10
30,10,1,10,10
30,10,1,5,10
30,10,1,4,10
30,10,1,5,10
30,10,1,4,10
30,10,1,2,10
30,10,1,13,10
30,10,1,2,10
30,10,1,2,10
30,10,1,7,10
30,10,1,8,10
30,10,1,12,10
30,10,1,7,10
30,10,1,9,10
30,10,1,4,10
30,10,1,10,10
30,10,1,4,10
30,10,1,7,10
30,10,1,5,10
30,10,1,7,10
30,10,1,4,10
30,10,1,6,10
30,10,1,14,10
30,10,1,3,10
30,10,1,7,10
30,10,1,15,10
30,10,1,10,10
30,10,1,6,10
30,10,1,14,10
30,10,1,2,10
30,10,1,5,10
30,10,1,12,10
30,10,1,10,10
30,10,1,8,10
30,10,1,14,10
30,10,1,10,10
30,10,1,12,10
30,10,1,12,10
30,10,1,4,10
30,10,1,7,10
30,10,1,10,10
30,10,1,12,10
30,10,1,5,10
30,10,1,6,10
30,10,1,7,10
30,10,1,4,10
30,10,1,6,10
30,10,1,2,10
30,10,1,8,10
30,10,1,8,10
30,10,1,11,10
30,10,1,5,10
30,10,1,4,10
30,10,1,10,10
30,10,1,9,10
30,10,1,4,10
30,10,1,6,10
30,10,1,7,10
30,10,1,11,10
30,10,1,1,10
30,10,1,12,10
30,10,1,6,10
30,10,1,8,10
30,10,1,4,10
30,10,1,1,10
30,10,1,4,10
30,10,1,7,10
30,10,1,4,10
30,10,1,10,10
30,10,1,14,10
30,10,1,3,10
30,10,1,18,10
30,10,1,5,10
30,10,1,6,10
30,10,1,14,10
30,10,1,8,10
30,10,1,11,10
30,10,1,8,10
30,10,1,1,10
30,10,1,1,10
30,10,1,4,10
30,10,1,11,10
30,10,1,6,10
30,10,1,8,10
30,10,1,13,10
30,10,1,7,10
30,11,1,14,11
30,11,1,8,11
30,11,1,16,11
30,11,1,9,11
30,11,1,10,11
30,11,1,1,11
30,11,1,5,11
30,11,1,10,11
30,11,1,4,11
30,11,1,6,11
30,11,1,17,11
30,11,1,10,11
30,11,1,8,11
30,11,1,5,11
30,11,1,10,11
30,11,1,6,11
30,11,1,16,11
30,11,1,14,11
30,11,1,11,11
30,11,1,9,11
30,11,1,9,11
30,11,1,1,11
30,11,1,0,11
30,11,1,20,11
30,11,1,9,11
30,11,1,3,11
30,11,1,4,11
30,11,1,10,11
30,11,1,12,11
30,11,1,8,11
30,11,1,20,11
30,11,1,12,11
30,11,1,13,11
30,11,1,5,11
30,11,1,3,11
30,11,1,8,11
30,11,1,9,11
30,11,1,3,11
30,11,1,13,11
30,11,1,2,11
30,11,1,7,11
30,11,1,13,11
30,11,1,5,11
30,11,1,7,11
30,11,1,9,11
30,11,1,14,11
30,11,1,22,11
30,11,1,4,11
30,11,1,11,11
30,11,1,9,11
30,11,1,15,11
30,11,1,9,11
30,11,1,9,11
30,11,1,10,11
30,11,1,22,11
30,11,1,5,11
30,11,1,4,11
30,11,1,9,11
30,11,1,19,11
30,11,1,15,11
30,11,1,4,11
30,11,1,6,11
30,11,1,1,11
30,11,1,10,11
30,11,1,5,11
30,11,1,7,11
30,11,1,16,11
30,11,1,3,11
30,11,1,12,11
30,11,1,5,11
30,11,1,13,11
30,11,1,4,11
30,11,1,10,11
30,11,1,11,11
30,11,1,8,11
30,11,1,11,11
30,11,1,16,11
30,11,1,6,11
30,11,1,5,11
30,11,1,21,11
30,11,1,4,11
30,11,1,14,11
30,11,1,7,11
30,11,1,21,11
30,11,1,9,11
30,11,1,4,11
30,11,1,12,11
30,11,1,11,11
30,11,1,14,11
30,11,1,6,11
30,11,1,16,11
30,11,1,8,11
30,11,1,15,11
30,11,1,5,11
30,11,1,13,11
30,11,1,5,11
30,11,1,7,11
30,11,1,8,11
30,11,1,15,11
30,11,1,6,11
30,12,1,7,12
30,12,1,1,12
30,12,1,7,12
30,12,1,18,12
30,12,1,4,12
30,12,1,10,12
30,12,1,7,12
30,12,1,6,12
30,12,1,6,12
30,12,1,13,12
30,12,1,19,12
30,12,1,12,12
30,12,1,4,12
30,12,1,9,12
30,12,1,6,12
30,12,1,1,12
30,12,1,5,12
30,12,1,4,12
30,12,1,7,12
30,12,1,10,12
30,12,1,16,12
30,12,1,4,12
30,12,1,4,12
30,12,1,7,12
30,12,1,12,12
30,12,1,4,12
30,12,1,21,12
30,12,1,12,12
30,12,1,6,12
30,12,1,18,12
30,12,1,6,12
30,12,1,12,12
30,12,1,13,12
30,12,1,10,12
30,12,1,10,12
30,12,1,8,12
30,12,1,12,12
30,12,1,3,12
30,12,1,4,12
30,12,1,11,12
30,12,1,6,12
30,12,1,4,12
30,12,1,6,12
30,12,1,9,12
30,12,1,8,12
30,12,1,9,12
30,12,1,3,12
30,12,1,14,12
30,12,1,11,12
30,12,1,10,12
30,12,1,4,12
30,12,1,8,12
30,12,1,8,12
30,12,1,7,12
30,12,1,16,12
30,12,1,2,12
30,12,1,9,12
30,12,1,14,12
30,12,1,8,12
30,12,1,8,12
30,12,1,27,12
30,12,1,16,12
30,12,1,7,12
30,12,1,16,12
30,12,1,9,12
30,12,1,12,12
30,12,1,20,12
30,12,1,1,12
30,12,1,6,12
30,12,1,16,12
30,12,1,8,12
30,12,1,1,12
30,12,1,14,12
30,12,1,15,12
30,12,1,3,12
30,12,1,4,12
30,12,1,9,12
30,12,1,10,12
30,12,1,20,12
30,12,1,20,12
30,12,1,3,12
30,12,1,17,12
30,12,1,8,12
30,12,1,16,12
30,12,1,5,12
30,12,1,10,12
30,12,1,3,12
30,12,1,17,12
30,12,1,7,12
30,12,1,3,12
30,12,1,11,12
30,12,1,7,12
30,12,1,10,12
30,12,1,8,12
30,12,1,2,12
30,12,1,12,12
30,12,1,9,12
30,12,1,8,12
30,12,1,13,12
30,12,1,11,12
30,13,1,21,13
30,13,1,15,13
30,13,1,15,13
30,13,1,3,13
30,13,1,13,13
30,13,1,14,13
30,13,1,4,13
30,13,1,6,13
30,13,1,9,13
30,13,1,11,13
30,13,1,11,13
30,13,1,7,13
30,13,1,13,13
30,13,1,8,13
30,13,1,5,13
30,13,1,21,13
30,13,1,1,13
30,13,1,18,13
30,13,1,10,13
30,13,1,11,13
30,13,1,15,13
30,13,1,10,13
30,13,1,9,13
30,13,1,6,13
30,13,1,10,13
30,13,1,11,13
30,13,1,26,13
30,13,1,18,13
30,13,1,8,13
30,13,1,4,13
30,13,1,14,13
30,13,1,5,13
30,13,1,12,13
30,13,1,10,13
30,13,1,14,13
30,13,1,16,13
30,13,1,9,13
30,13,1,5,13
30,13,1,12,13
30,13,1,9,13
30,13,1,21,13
30,13,1,9,13
30,13,1,6,13
30,13,1,19,13
30,13,1,9,13
30,13,1,13,13
30,13,1,8,13
30,13,1,2,13
30,13,1,15,13
30,13,1,21,13
30,13,1,24,13
30,13,1,12,13
30,13,1,8,13
30,13,1,13,13
30,13,1,11,13
30,13,1,9,13
30,13,1,11,13
30,13,0,29,11
30,13,1,4,13
30,13,1,5,13
30,13,1,15,13
30,13,1,9,13
30,13,1,13,13
30,13,1,12,13
30,13,1,14,13
30,13,1,17,13
30,13,1,23,13
30,13,1,10,13
30,13,1,15,13
30,13,1,15,13
30,13,1,7,13
30,13,1,1,13
30,13,1,9,13
30,13,1,19,13
30,13,1,14,13
30,13,1,13,13
30,13,1,10,13
30,13,1,10,13
30,13,1,5,13
30,13,1,10,13
30,13,1,8,13
30,13,1,12,13
30,13,1,16,13
30,13,1,16,13
30,13,1,6,13
30,13,1,12,13
30,13,1,16,13
30,13,1,7,13
30,13,1,10,13
30,13,1,12,13
30,13,1,10,13
30,13,1,18,13
30,13,1,2,13
30,13,1,8,13
30,13,1,7,13
30,13,1,7,13
30,13,1,11,13
30,13,1,5,13
30,13,1,25,13
30,13,1,14,13
30,14,1,10,14
30,14,1,13,14
30,14,1,3,14
30,14,1,9,14
30,14,1,12,14
30,14,1,7,14
30,14,1,7,14
30,14,1,5,14
30,14,1,9,14
30,14,1,18,14
30,14,1,18,14
30,14,1,12,14
30,14,1,6,14
30,14,1,3,14
30,14,1,7,14
30,14,1,12,14
30,14,1,11,14
30,14,1,7,14
30,14,1,20,14
30,14,1,8,14
30,14,1,21,14
30,14,1,6,14
30,14,1,8,14
30,14,1,17,14
30,14,1,8,14
30,14,1,9,14
30,14,1,17,14
30,14,1,25,14
30,14,1,14,14
30,14,1,12,14
30,14,1,6,14
30,14,1,12,14
30,14,1,10,14
30,14,1,11,14
30,14,1,18,14
30,14,1,12,14
30,14,1,13,14
30,14,1,10,14
30,14,1,5,14
30,14,1,2,14
30,14,1,7,14
30,14,1,15,14
30,14,1,7,14
30,14,1,13,14
30,14,1,5,14
30,14,1,12,14
30,14,1,27,14
30,14,1,8,14
30,14,1,14,14
30,14,1,12,14
30,14,0,29,12
30,14,1,7,14
30,14,1,11,14
30,14,1,4,14
30,14,1,14,14
30,14,1,14,14
30,14,1,14,14
30,14,1,15,14
30,14,1,10,14
30,14,1,12,14
30,14,1,13,14
30,14,1,14,14
30,14,1,12,14
30,14,1,14,14
30,14,1,17,14
30,14,1,9,14
30,14,1,13,14
30,14,1,21,14
30,14,1,11,14
30,14,1,18,14
30,14,1,9,14
30,14,1,11,14
30,14,1,12,14
30,14,1,5,14
30,14,1,6,14
30,14,1,13,14
30,14,1,8,14
30,14,1,12,14
30,14,1,10,14
30,14,1,6,14
30,14,1,1,14
30,14,1,19,14
30,14,1,15,14
30,14,1,14,14
30,14,1,19,14
30,14,1,9,14
30,14,1,0,14
30,14,1,17,14
30,14,1,14,14
30,14,1,16,14
30,14,1,6,14
30,14,1,11,14
30,14,1,10,14
30,14,1,12,14
30,14,1,12,14
30,14,1,9,14
30,14,1,17,14
30,14,1,16,14
30,14,1,4,14
30,14,1,24,14
30,15,1,19,15
30,15,1,7,15
30,15,1,16,15
30,15,1,16,15
30,15,1,15,15
30,15,1,9,15
30,15,1,14,15
30,15,1,10,15
30,15,1,9,15
30,15,1,14,15
30,15,1,20,15
30,15,1,17,15
30,15,1,19,15
30,15,1,12,15
30,15,1,10,15
30,15,1,10,15
30,15,1,7,15
30,15,1,21,15
30,15,1,13,15
30,15,1,8,15
30,15,1,13,15
30,15,1,5,15
30,15,1,14,15
30,15,1,11,15
30,15,0,29,13
30,15,1,11,15
30,15,1,11,15
30,15,1,9,15
30,15,1,7,15
30,15,1,22,15
30,15,1,14,15
30,15,1,4,15
30,15,1,22,15
30,15,1,15,15
30,15,1,9,15
30,15,1,11,15
30,15,1,5,15
30,15,1,18,15
30,15,1,7,15
30,15,1,14,15
30,15,1,5,15
30,15,1,4,15
30,15,1,20,15
30,15,1,3,15
30,15,1,24,15
30,15,1,14,15
30,15,1,19,15
30,15,1,18,15
30,15,1,10,15
30,15,1,17,15
30,15,1,8,15
30,15,1,9,15
30,15,1,10,15
30,15,1,6,15
30,15,1,13,15
30,15,1,15,15
30,15,1,11,15
30,15,1,6,15
30,15,1,10,15
30,15,1,14,15
30,15,1,19,15
30,15,1,8,15
30,15,1,11,15
30,15,1,21,15
30,15,1,9,15
30,15,1,10,15
30,15,1,8,15
30,15,1,12,15
30,15,1,6,15
30,15,1,8,15
30,15,1,12,15
30,15,1,12,15
30,15,1,10,15
30,15,1,19,15
30,15,1,7,15
30,15,1,14,15
30,15,1,11,15
30,15,1,10,15
30,15,1,14,15
30,15,1,14,15
30,15,1,14,15
30,15,1,2,15
30,15,1,13,15
30,15,1,9,15
30,15,1,24,15
30,15,1,27,15
30,15,1,6,15
30,15,1,12,15
30,15,1,2,15
30,15,1,8,15
30,15,1,17,15
30,15,1,17,15
30,15,1,15,15
30,15,1,15,15
30,15,1,19,15
30,15,1,10,15
30,15,1,15,15
30,15,1,7,15
30,15,1,11,15
30,15,0,29,9
30,16,1,10,16
30,16,1,15,16
30,16,1,6,16
30,16,1,12,16
30,16,1,20,16
30,16,1,10,16
30,16,1,17,16
30,16,1,8,16
30,16,1,7,16
30,16,1,17,16
30,16,1,5,16
30,16,1,13,16
30,16,1,16,16
30,16,1,19,16
30,16,1,8,16
30,16,1,14,16
30,16,1,14,16
30,16,1,28,16
30,16,1,15,16
30,16,1,15,16
30,16,1,12,16
30,16,1,7,16
30,16,1,0,16
30,16,1,14,16
30,16,1,28,16
30,16,1,14,16
30,16,1,13,16
30,16,1,8,16
30,16,1,10,16
30,16,1,22,16
30,16,1,11,16
30,16,1,5,16
30,16,1,8,16
30,16,1,13,16
30,16,1,16,16
30,16,1,8,16
30,16,1,17,16
30,16,1,13,16
30,16,1,9,16
30,16,1,8,16
30,16,1,11,16
30,16,1,21,16
30,16,1,8,16
30,16,1,11,16
30,16,1,22,16
30,16,1,7,16
30,16,1,6,16
30,16,1,13,16
30,16,1,11,16
30,16,1,16,16
30,16,1,5,16
30,16,1,16,16
30,16,1,17,16
30,16,1,9,16
30,16,1,4,16
30,16,1,13,16
30,16,1,10,16
30,16,1,11,16
30,16,1,15,16
30,16,1,7,16
30,16,1,11,16
30,16,1,8,16
30,16,1,14,16
30,16,1,13,16
30,16,1,19,16
30,16,1,11,16
30,16,1,8,16
30,16,1,5,16
30,16,1,1,16
30,16,1,12,16
30,16,1,10,16
30,16,1,18,16
30,16,1,23,16
30,16,1,4,16
30,16,1,11,16
30,16,1,5,16
30,16,1,22,16
30,16,1,21,16
30,16,1,4,16
30,16,1,20,16
30,16,1,25,16
30,16,1,12,16
30,16,1,16,16
30,16,1,11,16
30,16,1,21,16
30,16,1,9,16
30,16,1,18,16
30,16,1,16,16
30,16,1,7,16
30,16,1,9,16
30,16,1,7,16
30,16,1,6,16
30,16,1,8,16
30,16,1,8,16
30,16,1,13,16
30,16,1,3,16
30,16,1,14,16
30,16,1,9,16
30,16,1,12,16
30,16,1,26,16
30,17,1,14,17
30,17,1,12,17
30,17,1,18,17
30,17,1,18,17
30,17,1,8,17
30,17,1,16,17
30,17,1,20,17
30,17,1,17,17
30,17,1,13,17
30,17,1,15,17
30,17,1,11,17
30,17,1,11,17
30,17,1,7,17
30,17,1,16,17
30,17,1,8,17
30,17,1,17,17
30,17,0,29,15
30,17,1,18,17
30,17,1,20,17
30,17,1,19,17
30,17,1,21,17
30,17,1,15,17
30,17,1,18,17
30,17,1,2,17
30,17,1,7,17
30,17,1,10,17
30,17,1,15,17
30,17,1,8,17
30,17,1,19,17
30,17,1,17,17
30,17,1,11,17
30,17,1,17,17
30,17,1,16,17
30,17,1,3,17
30,17,1,10,17
30,17,1,19,17
30,17,1,23,17
30,17,1,20,17
30,17,1,14,17
30,17,1,21,17
30,17,1,21,17
30,17,1,12,17
30,17,1,13,17
30,17,1,5,17
30,17,1,11,17
30,17,1,13,17
30,17,1,27,17
30,17,1,8,17
30,17,1,11,17
30,17,1,14,17
30,17,1,18,17
30,17,1,11,17
30,17,1,11,17
30,17,1,12,17
30,17,1,21,17
30,17,1,19,17
30,17,1,19,17
30,17,1,17,17
30,17,1,15,17
30,17,1,9,17
30,17,1,14,17
30,17,1,26,17
30,17,1,15,17
30,17,1,14,17
30,17,1,24,17
30,17,1,20,17
30,17,1,3,17
30,17,1,19,17
30,17,1,13,17
30,17,1,14,17
30,17,1,16,17
30,17,1,19,17
30,17,1,11,17
30,17,1,2,17
30,17,1,18,17
30,17,1,14,17
30,17,1,6,17
30,17,1,17,17
30,17,1,15,17
30,17,1,12,17
30,17,1,12,17
30,17,1,10,17
30,17,1,16,17
30,17,1,11,17
30,17,1,27,17
30,17,1,14,17
30,17,1,23,17
30,17,1,15,17
30,17,1,20,17
30,17,1,17,17
30,17,1,25,17
30,17,1,17,17
30,17,1,11,17
30,17,1,16,17
30,17,1,11,17
30,17,1,11,17
30,17,1,15,17
30,17,1,20,17
30,17,1,16,17
30,17,1,3,17
30,18,1,16,18
30,18,1,25,18
30,18,1,20,18
30,18,1,26,18
30,18,1,7,18
30,18,1,12,18
30,18,1,6,18
30,18,1,23,18
30,18,1,10,18
30,18,1,16,18
30,18,0,29,13
30,18,1,19,18
30,18,1,8,18
30,18,1,16,18
30,18,1,10,18
30,18,1,20,18
30,18,1,9,18
30,18,1,18,18
30,18,1,16,18
30,18,1,21,18
30,18,1,13,18
30,18,1,17,18
30,18,1,20,18
30,18,1,23,18
30,18,1,5,18
30,18,1,23,18
30,18,1,11,18
30,18,1,15,18
30,18,1,11,18
30,18,1,13,18
30,18,1,13,18
30,18,1,18,18
30,18,1,21,18
30,18,1,24,18
30,18,1,6,18
30,18,1,12,18
30,18,1,12,18
30,18,1,11,18
30,18,1,20,18
30,18,1,4,18
30,18,1,9,18
30,18,1,26,18
30,18,1,20,18
30,18,1,11,18
30,18,1,27,18
30,18,1,20,18
30,18,1,23,18
30,18,1,13,18
30,18,1,6,18
30,18,1,10,18
30,18,1,13,18
30,18,1,14,18
30,18,1,8,18
30,18,1,20,18
30,18,1,8,18
30,18,1,9,18
30,18,1,12,18
30,18,1,8,18
30,18,1,14,18
30,18,1,11,18
30,18,1,4,18
30,18,1,15,18
30,18,1,10,18
30,18,1,8,18
30,18,1,11,18
30,18,1,9,18
30,18,1,14,18
30,18,1,8,18
30,18,1,20,18
30,18,0,29,17
30,18,1,9,18
30,18,1,24,18
30,18,1,13,18
30,18,1,16,18
30,18,1,18,18
30,18,1,20,18
30,18,1,18,18
30,18,1,12,18
30,18,1,12,18
30,18,1,20,18
30,18,1,9,18
30,18,1,16,18
30,18,1,25,18
30,18,1,14,18
30,18,1,14,18
30,18,1,19,18
30,18,1,4,18
30,18,1,21,18
30,18,1,6,18
30,18,1,11,18
30,18,1,13,18
30,18,1,13,18
30,18,1,7,18
30,18,1,14,18
30,18,1,6,18
30,18,1,18,18
30,18,1,12,18
30,18,1,15,18
30,18,1,11,18
30,18,1,17,18
30,19,1,15,19
30,19,1,18,19
30,19,1,9,19
30,19,1,19,19
30,19,1,22,19
30,19,1,9,19
30,19,1,12,19
30,19,1,19,19
30,19,1,24,19
30,19,1,18,19
30,19,1,16,19
30,19,0,29,17
30,19,1,17,19
30,19,1,15,19
30,19,1,21,19
30,19,0,29,15
30,19,1,12,19
30,19,1,13,19
30,19,1,8,19
30,19,1,13,19
30,19,1,13,19
30,19,1,23,19
30,19,1,13,19
30,19,1,13,19
30,19,1,13,19
30,19,1,15,19
30,19,1,8,19
30,19,1,19,19
30,19,1,10,19
30,19,1,15,19
30,19,1,24,19
30,19,1,24,19
30,19,1,15,19
30,19,1,12,19
30,19,1,13,19
30,19,1,17,19
30,19,0,29,13
30,19,1,12,19
30,19,1,14,19
30,19,1,20,19
30,19,1,10,19
30,19,1,11,19
30,19,1,10,19
30,19,1,10,19
30,19,1,5,19
30,19,1,24,19
30,19,1,12,19
30,19,1,15,19
30,19,1,22,19
30,19,1,23,19
30,19,0,29,16
30,19,1,7,19
30,19,1,16,19
30,19,1,15,19
30,19,1,17,19
30,19,1,22,19
30,19,1,16,19
30,19,1,15,19
30,19,1,23,19
30,19,1,22,19
30,19,1,16,19
30,19,1,19,19
30,19,1,12,19
30,19,1,19,19
30,19,1,26,19
30,19,1,20,19
30,19,1,18,19
30,19,1,14,19
30,19,1,19,19
30,19,0,29,17
30,19,0,29,14
30,19,0,29,15
30,19,1,15,19
30,19,1,15,19
30,19,1,15,19
30,19,1,20,19
30,19,1,4,19
30,19,1,10,19
30,19,0,29,17
30,19,1,12,19
30,19,1,19,19
30,19,1,16,19
30,19,1,6,19
30,19,1,18,19
30,19,1,26,19
30,19,1,18,19
30,19,1,11,19
30,19,1,19,19
30,19,1,23,19
30,19,1,9,19
30,19,1,24,19
30,19,1,16,19
30,19,1,20,19
30,19,1,19,19
30,19,1,12,19
30,19,1,9,19
30,19,1,26,19
30,19,1,8,19
30,19,1,25,19
30,19,1,13,19
30,20,1,13,20
30,20,1,8,20
30,20,1,28,20
30,20,1,4,20
30,20,1,20,20
30,20,1,15,20
30,20,1,15,20
30,20,1,18,20
30,20,0,29,14
30,20,1,11,20
30,20,1,21,20
30,20,1,11,20
30,20,1,9,20
30,20,1,21,20
30,20,1,19,20
30,20,1,22,20
30,20,1,17,20
30,20,1,12,20
30,20,1,18,20
30,20,1,15,20
30,20,1,15,20
30,20,1,5,20
30,20,1,21,20
30,20,0,29,16
30,20,1,20,20
30,20,1,11,20
30,20,1,11,20
30,20,1,11,20
30,20,1,14,20
30,20,1,13,20
30,20,1,23,20
30,20,1,16,20
30,20,1,24,20
30,20,1,19,20
30,20,1,9,20
30,20,1,17,20
30,20,1,20,20
30,20,1,9,20
30,20,1,11,20
30,20,1,17,20
30,20,1,14,20
30,20,1,6,20
30,20,1,16,20
30,20,1,11,20
30,20,1,24,20
30,20,1,18,20
30,20,1,14,20
30,20,1,22,20
30,20,1,8,20
30,20,1,13,20
30,20,1,24,20
30,20,1,17,20
30,20,1,17,20
30,20,1,8,20
30,20,1,16,20
30,20,1,10,20
30,20,1,11,20
30,20,1,10,20
30,20,1,20,20
30,20,1,13,20
30,20,1,12,20
30,20,1,23,20
30,20,1,26,20
30,20,1,20,20
30,20,1,13,20
30,20,1,14,20
30,20,1,12,20
30,20,1,17,20
30,20,1,18,20
30,20,1,13,20
30,20,0,29,13
30,20,0,29,14
30,20,1,13,20
30,20,0,29,17
30,20,0,29,16
30,20,1,20,20
30,20,1,17,20
30,20,1,11,20
30,20,1,18,20
30,20,1,24,20
30,20,1,16,20
30,20,1,18,20
30,20,1,21,20
30,20,1,14,20
30,20,1,11,20
30,20,1,19,20
30,20,0,29,18
30,20,1,23,20
30,20,1,6,20
30,20,1,19,20
30,20,1,13,20
30,20,1,14,20
30,20,1,9,20
30,20,1,22,20
30,20,1,12,20
30,20,1,23,20
30,20,1,24,20
30,20,1,20,20
30,20,1,18,20
30,20,1,17,20
